schema_version,id,app_name,category,website,description,auth_methods,access_model,api_available,api_types,api_breadth,mcp_available,mcp_notes,buildability,primary_blocker,buildability_rationale,evidence,research_confidence,verification_status,verification_notes,researched_at,run_id
1.0,1,Salesforce,1. CRM and Sales,http://salesforce.com/,unknown,"[""unknown""]",unknown,yes,"[""rest""]",unknown,unknown,unknown,unknown,unknown,unknown,"[{""evidence_id"": ""stage03-human-001-api_available-1"", ""field"": ""api_available"", ""claim"": ""yes"", ""url"": ""https://developer.salesforce.com/docs/platform/api-rest/guide/quickstart.html"", ""final_url"": ""https://developer.salesforce.com/docs/platform/api-rest/guide/quickstart.html"", ""source_kind"": ""official"", ""retrieved_at"": """", ""content_sha256"": """", ""quote"": """", ""supports_claim"": ""yes""}, {""evidence_id"": ""stage03-human-001-api_available-2"", ""field"": ""api_available"", ""claim"": ""yes"", ""url"": ""https://developer.salesforce.com/docs/atlas.en-us.api_rest.meta/api_rest/intro_rest.htm"", ""final_url"": ""https://developer.salesforce.com/docs/atlas.en-us.api_rest.meta/api_rest/intro_rest.htm"", ""source_kind"": ""official"", ""retrieved_at"": """", ""content_sha256"": """", ""quote"": """", ""supports_claim"": ""yes""}, {""evidence_id"": ""stage03-human-001-api_types-1"", ""field"": ""api_types"", ""claim"": ""[\""rest\""]"", ""url"": ""https://developer.salesforce.com/docs/atlas.en-us.api_rest.meta/api_rest/intro_rest.htm"", ""final_url"": ""https://developer.salesforce.com/docs/atlas.en-us.api_rest.meta/api_rest/intro_rest.htm"", ""source_kind"": ""official"", ""retrieved_at"": """", ""content_sha256"": """", ""quote"": """", ""supports_claim"": ""yes""}, {""evidence_id"": ""stage03-human-001-api_types-2"", ""field"": ""api_types"", ""claim"": ""[\""rest\""]"", ""url"": ""https://developer.salesforce.com/docs/platform/api-rest/guide/quickstart.html"", ""final_url"": ""https://developer.salesforce.com/docs/platform/api-rest/guide/quickstart.html"", ""source_kind"": ""official"", ""retrieved_at"": """", ""content_sha256"": """", ""quote"": """", ""supports_claim"": ""yes""}]",low,needs_verification,"[""low_confidence"", ""no_usable_official_source"", ""Stage03 correction: The official Salesforce REST API documentation explicitly states that REST API provides programmatic access to Salesforce data and can be used to integrate Salesforce into applications. It also states that API resources are accessed through HTTP requests to URIs. This directly establishes that Salesforce exposes an inbound developer API."", ""Stage03 correction: The inspected official sources explicitly document Salesforce REST API and state that it follows RESTful principles, uses resources exposed by URIs, and is accessed through HTTP requests. These sources support \""rest\"". They do not by themselves establish additional API types such as SOAP or GraphQL, so no other protocol types should be added from this review.""]",2026-09-16T17:15:50.083531+00:00,stage02-full-fallback-20260916
1.0,2,HubSpot,1. CRM and Sales,http://hubspot.com/,unknown,"[""oauth2""]",admin_approval,unknown,"[""rest""]","HubSpot APIs cover CRM objects, contacts, automation, and other tools accessible via OAuth scopes.",official,"HubSpot apps can be listed on the HubSpot Marketplace, requiring OAuth authentication and permissions for installation.",unknown,unknown,unknown,"[{""evidence_id"": ""e2"", ""field"": ""auth_methods"", ""claim"": ""oauth2"", ""url"": ""https://developers.hubspot.com/docs/apps/developer-platform/build-apps/authentication/oauth/working-with-oauth"", ""final_url"": ""https://developers.hubspot.com/docs/apps/developer-platform/build-apps/authentication/oauth/working-with-oauth"", ""source_kind"": ""official"", ""retrieved_at"": ""2026-09-16T17:15:47.234848+00:00"", ""content_sha256"": ""dd6bd07abbdfad85fb8e8fbdd79f94ac02bb24f2b53b901e2bfcbe50a1ebec9c"", ""quote"": ""OAuth is a secure means of authentication that uses authorization tokens rather than a password to connect your app to a user account."", ""supports_claim"": ""yes""}, {""evidence_id"": ""e3"", ""field"": ""access_model"", ""claim"": ""self_serve_paid"", ""url"": ""https://developers.hubspot.com/docs/apps/developer-platform/build-apps/authentication/oauth/working-with-oauth"", ""final_url"": ""https://developers.hubspot.com/docs/apps/developer-platform/build-apps/authentication/oauth/working-with-oauth"", ""source_kind"": ""official"", ""retrieved_at"": ""2026-09-16T17:15:47.234848+00:00"", ""content_sha256"": ""dd6bd07abbdfad85fb8e8fbdd79f94ac02bb24f2b53b901e2bfcbe50a1ebec9c"", ""quote"": ""Users installing apps in their HubSpot account must either be a Super Admin or have HubSpot Marketplace Access permissions."", ""supports_claim"": ""yes""}, {""evidence_id"": ""e5"", ""field"": ""api_types"", ""claim"": ""rest"", ""url"": ""https://developers.hubspot.com/docs/apps/developer-platform/build-apps/authentication/oauth/working-with-oauth"", ""final_url"": ""https://developers.hubspot.com/docs/apps/developer-platform/build-apps/authentication/oauth/working-with-oauth"", ""source_kind"": ""official"", ""retrieved_at"": ""2026-09-16T17:15:47.234848+00:00"", ""content_sha256"": ""dd6bd07abbdfad85fb8e8fbdd79f94ac02bb24f2b53b901e2bfcbe50a1ebec9c"", ""quote"": ""Use the access_token to authenticate any API calls made for that HubSpot account."", ""supports_claim"": ""yes""}, {""evidence_id"": ""e6"", ""field"": ""api_breadth"", ""claim"": ""HubSpot APIs cover CRM objects, contacts, automation, and other tools accessible via OAuth scopes."", ""url"": ""https://developers.hubspot.com/docs/apps/developer-platform/build-apps/authentication/oauth/working-with-oauth"", ""final_url"": ""https://developers.hubspot.com/docs/apps/developer-platform/build-apps/authentication/oauth/working-with-oauth"", ""source_kind"": ""official"", ""retrieved_at"": ""2026-09-16T17:15:47.234848+00:00"", ""content_sha256"": ""dd6bd07abbdfad85fb8e8fbdd79f94ac02bb24f2b53b901e2bfcbe50a1ebec9c"", ""quote"": ""OAuth requires you to set scopes, or permissions, for your app. Each scope provides access to a set of HubSpot API endpoints and allows users to grant your app access to specific tools in their HubSpot account."", ""supports_claim"": ""yes""}, {""evidence_id"": ""e7"", ""field"": ""mcp_available"", ""claim"": ""official"", ""url"": ""https://developers.hubspot.com/docs/apps/developer-platform/build-apps/authentication/oauth/working-with-oauth"", ""final_url"": ""https://developers.hubspot.com/docs/apps/developer-platform/build-apps/authentication/oauth/working-with-oauth"", ""source_kind"": ""official"", ""retrieved_at"": ""2026-09-16T17:15:47.234848+00:00"", ""content_sha256"": ""dd6bd07abbdfad85fb8e8fbdd79f94ac02bb24f2b53b901e2bfcbe50a1ebec9c"", ""quote"": ""Please note: Any app designed for installation by multiple HubSpot accounts or listing on the HubSpot Marketplace must use OAuth."", ""supports_claim"": ""yes""}, {""evidence_id"": ""e8"", ""field"": ""mcp_notes"", ""claim"": ""HubSpot apps can be listed on the HubSpot Marketplace, requiring OAuth authentication and permissions for installation."", ""url"": ""https://developers.hubspot.com/docs/apps/developer-platform/build-apps/authentication/oauth/working-with-oauth"", ""final_url"": ""https://developers.hubspot.com/docs/apps/developer-platform/build-apps/authentication/oauth/working-with-oauth"", ""source_kind"": ""official"", ""retrieved_at"": ""2026-09-16T17:15:47.234848+00:00"", ""content_sha256"": ""dd6bd07abbdfad85fb8e8fbdd79f94ac02bb24f2b53b901e2bfcbe50a1ebec9c"", ""quote"": ""Please note: Any app designed for installation by multiple HubSpot accounts or listing on the HubSpot Marketplace must use OAuth."", ""supports_claim"": ""yes""}, {""evidence_id"": ""stage03-human-002-access"", ""field"": ""access_model"", ""claim"": ""admin_approval"", ""url"": ""https://developers.hubspot.com/docs/apps/developer-platform/build-apps/authentication/oauth/working-with-oauth"", ""final_url"": ""https://developers.hubspot.com/docs/apps/developer-platform/build-apps/authentication/oauth/working-with-oauth"", ""source_kind"": ""official"", ""retrieved_at"": ""2026-09-16T17:15:47.234848+00:00"", ""content_sha256"": ""dd6bd07abbdfad85fb8e8fbdd79f94ac02bb24f2b53b901e2bfcbe50a1ebec9c"", ""quote"": ""Users installing apps in their HubSpot account must either be a Super Admin or have HubSpot Marketplace Access permissions."", ""supports_claim"": ""yes""}]",low,needs_verification,"[""missing_field_evidence"", ""quote_not_found"", ""Stage03 correction: This page does not establish that API access is paid. Instead, it explicitly states that users installing apps in a HubSpot account must either be a Super Admin or have HubSpot Marketplace Access permissions. Therefore the first-pass value self_serve_paid is not supported by this source. The documented restriction is an account permission/admin requirement. This finding concerns permission to install/authorize the integration; the page does not by itself establish HubSpot's broader pricing or developer-plan requirements.""]",2026-09-16T17:16:11.883280+00:00,stage02-full-fallback-20260916
1.0,3,Pipedrive,1. CRM and Sales,http://pipedrive.com/,unknown,"[""unknown""]",unknown,unknown,"[""unknown""]",unknown,unknown,unknown,unknown,unknown,unknown,[],low,needs_verification,"[""missing_field_evidence"", ""quote_not_found""]",2026-09-16T17:15:53.063690+00:00,stage02-full-fallback-20260916
1.0,4,Attio,1. CRM and Sales,http://attio.com/,Attio provides a public REST API which exchanges JSON over HTTPS.,"[""unknown""]",unknown,yes,"[""rest""]","Attio provides a public REST API with endpoints for authenticating requests, handling rate limits, filtering and sorting, paginating API results, configuring webhooks, and more as part of their developer platform.",unknown,unknown,unknown,unknown,"The official documentation states that Attio provides a public REST API with OAuth 2.0 authentication and detailed guidance on authenticating requests, rate limits, filtering, sorting, pagination, and webhooks, indicating that building integrations is feasible.","[{""evidence_id"": ""e1"", ""field"": ""description"", ""claim"": ""Attio provides a public REST API which exchanges JSON over HTTPS."", ""url"": ""https://docs.attio.com/rest-api/overview"", ""final_url"": ""https://docs.attio.com/rest-api/overview"", ""source_kind"": ""official"", ""retrieved_at"": ""2026-09-16T17:15:50.099508+00:00"", ""content_sha256"": ""2ea51ffe9d884c0b3e058cbcd58c47a078e374a27af217995ea59ba923e0ca05"", ""quote"": ""Attio provides a public REST API which exchanges JSON over HTTPS."", ""supports_claim"": ""yes""}, {""evidence_id"": ""e3"", ""field"": ""api_available"", ""claim"": ""yes"", ""url"": ""https://docs.attio.com/rest-api/overview"", ""final_url"": ""https://docs.attio.com/rest-api/overview"", ""source_kind"": ""official"", ""retrieved_at"": ""2026-09-16T17:15:50.099508+00:00"", ""content_sha256"": ""2ea51ffe9d884c0b3e058cbcd58c47a078e374a27af217995ea59ba923e0ca05"", ""quote"": ""Attio provides a public REST API which exchanges JSON over HTTPS. In this section, you will find guidance about working with the API. To get up and running, read our guide on how to authenticate requests ."", ""supports_claim"": ""yes""}, {""evidence_id"": ""e4"", ""field"": ""api_types"", ""claim"": ""rest"", ""url"": ""https://docs.attio.com/rest-api/overview"", ""final_url"": ""https://docs.attio.com/rest-api/overview"", ""source_kind"": ""official"", ""retrieved_at"": ""2026-09-16T17:15:50.099508+00:00"", ""content_sha256"": ""2ea51ffe9d884c0b3e058cbcd58c47a078e374a27af217995ea59ba923e0ca05"", ""quote"": ""Learn about the REST API"", ""supports_claim"": ""yes""}, {""evidence_id"": ""e5"", ""field"": ""api_breadth"", ""claim"": ""Attio provides a public REST API with endpoints for authenticating requests, handling rate limits, filtering and sorting, paginating API results, configuring webhooks, and more as part of their developer platform."", ""url"": ""https://docs.attio.com/rest-api/overview"", ""final_url"": ""https://docs.attio.com/rest-api/overview"", ""source_kind"": ""official"", ""retrieved_at"": ""2026-09-16T17:15:50.099508+00:00"", ""content_sha256"": ""2ea51ffe9d884c0b3e058cbcd58c47a078e374a27af217995ea59ba923e0ca05"", ""quote"": ""Building an OAuth flow for your app Working within our rate limits Setting up and listening to webhooks Filtering and sorting record and entry API queries Paginating API responses"", ""supports_claim"": ""yes""}, {""evidence_id"": ""e6"", ""field"": ""buildability_rationale"", ""claim"": ""The official documentation states that Attio provides a public REST API with OAuth 2.0 authentication and detailed guidance on authenticating requests, rate limits, filtering, sorting, pagination, and webhooks, indicating that building integrations is feasible."", ""url"": ""https://docs.attio.com/rest-api/overview"", ""final_url"": ""https://docs.attio.com/rest-api/overview"", ""source_kind"": ""official"", ""retrieved_at"": ""2026-09-16T17:15:50.099508+00:00"", ""content_sha256"": ""2ea51ffe9d884c0b3e058cbcd58c47a078e374a27af217995ea59ba923e0ca05"", ""quote"": ""Attio provides a public REST API which exchanges JSON over HTTPS. In this section, you will find guidance about working with the API. To get up and running, read our guide on how to authenticate requests . From there, feel free to explore other topics or jump straight to the reference documentation . Building an OAuth flow for your app Working within our rate limits Setting up and listening to webhooks Filtering and sorting record and entry API queries Paginating API responses"", ""supports_claim"": ""yes""}]",low,needs_verification,"[""missing_field_evidence"", ""quote_not_found""]",2026-09-16T17:16:08.654747+00:00,stage02-full-fallback-20260916
1.0,5,Twenty,1. CRM and Sales,http://twenty.com/,unknown,"[""unknown""]",unknown,unknown,"[""unknown""]",unknown,unknown,unknown,unknown,unknown,unknown,[],low,needs_verification,"[""missing_field_evidence"", ""quote_not_found""]",2026-09-16T17:16:04.047708+00:00,stage02-full-fallback-20260916
1.0,6,Podio,1. CRM and Sales,http://podio.com/,unknown,"[""oauth2""]",self_serve_paid,yes,"[""rest""]",unknown,unknown,unknown,unknown,unknown,unknown,"[{""evidence_id"": ""e2"", ""field"": ""auth_methods"", ""claim"": ""The Podio API uses the OAuth2 protocol for authentication."", ""url"": ""https://developers.podio.com/authentication"", ""final_url"": ""https://developers.podio.com/authentication"", ""source_kind"": ""official"", ""retrieved_at"": ""2026-09-16T17:16:04.064175+00:00"", ""content_sha256"": ""a23436457cb912a1d59950b0657dad869eb7a7c31957556d6d1a445a4a8194f3"", ""quote"": ""The Podio API uses the OAuth2 protocol for authentication."", ""supports_claim"": ""yes""}, {""evidence_id"": ""e3"", ""field"": ""access_model"", ""claim"": ""Before you can use the Podio API you must register your application . Your application is assigned a unique identifier, called \""Client ID\"", together with a \""Client Secret\""."", ""url"": ""https://developers.podio.com/authentication"", ""final_url"": ""https://developers.podio.com/authentication"", ""source_kind"": ""official"", ""retrieved_at"": ""2026-09-16T17:16:04.064175+00:00"", ""content_sha256"": ""a23436457cb912a1d59950b0657dad869eb7a7c31957556d6d1a445a4a8194f3"", ""quote"": ""Before you can use the Podio API you must register your application . Your application is assigned a unique identifier, called \""Client ID\"", together with a \""Client Secret\""."", ""supports_claim"": ""yes""}, {""evidence_id"": ""e4"", ""field"": ""api_available"", ""claim"": ""Podio API is available and uses OAuth2 authentication with access tokens included in HTTP headers for API requests."", ""url"": ""https://developers.podio.com/authentication"", ""final_url"": ""https://developers.podio.com/authentication"", ""source_kind"": ""official"", ""retrieved_at"": ""2026-09-16T17:16:04.064175+00:00"", ""content_sha256"": ""a23436457cb912a1d59950b0657dad869eb7a7c31957556d6d1a445a4a8194f3"", ""quote"": ""All of these authentication methods will provide you with an access token. You will be including this access token in any subsequent requests to the API. You will do this by including an HTTP header with the access token like so: Authorization: OAuth2 ACCESS_TOKEN"", ""supports_claim"": ""yes""}, {""evidence_id"": ""e5"", ""field"": ""api_types"", ""claim"": ""Podio API is a REST API accessed via HTTP with OAuth2 authentication."", ""url"": ""https://developers.podio.com/authentication"", ""final_url"": ""https://developers.podio.com/authentication"", ""source_kind"": ""official"", ""retrieved_at"": ""2026-09-16T17:16:04.064175+00:00"", ""content_sha256"": ""a23436457cb912a1d59950b0657dad869eb7a7c31957556d6d1a445a4a8194f3"", ""quote"": ""You will be including this access token in any subsequent requests to the API. You will do this by including an HTTP header with the access token like so: Authorization: OAuth2 ACCESS_TOKEN"", ""supports_claim"": ""yes""}]",low,needs_verification,"[""missing_field_evidence"", ""quote_not_found""]",2026-09-16T17:16:17.905424+00:00,stage02-full-fallback-20260916
1.0,7,Zoho CRM,1. CRM and Sales,http://zoho.com/crm,"Zoho CRM provides an API that uses OAuth 2.0 protocol for authentication, enabling third-party applications to gain delegated access to protected resources such as Leads, Contacts, and Deals.","[""oauth2""]",unknown,yes,"[""unknown""]",unknown,unknown,unknown,unknown,unknown,unknown,"[{""evidence_id"": ""e1"", ""field"": ""description"", ""claim"": ""Zoho CRM provides an API that uses OAuth 2.0 protocol for authentication, enabling third-party applications to gain delegated access to protected resources such as Leads, Contacts, and Deals."", ""url"": ""https://www.zoho.com/crm/developer/docs/api/v8/oauth-overview.html"", ""final_url"": ""https://www.zoho.com/crm/developer/docs/api/v8/oauth-overview.html"", ""source_kind"": ""official"", ""retrieved_at"": ""2026-09-16T17:16:08.671809+00:00"", ""content_sha256"": ""8f971bd309b14730863a3b597c3eda6fb4716555298241bd81d46ca085540491"", ""quote"": ""The Zoho CRM API uses the OAuth 2.0 protocol for authentication. OAuth 2.0 is an industry-standard protocol specification that enables third-party applications (clients) to gain delegated access to protected resources in Zoho via an API."", ""supports_claim"": ""yes""}, {""evidence_id"": ""e2"", ""field"": ""auth_methods"", ""claim"": ""oauth2"", ""url"": ""https://www.zoho.com/crm/developer/docs/api/v8/oauth-overview.html"", ""final_url"": ""https://www.zoho.com/crm/developer/docs/api/v8/oauth-overview.html"", ""source_kind"": ""official"", ""retrieved_at"": ""2026-09-16T17:16:08.671809+00:00"", ""content_sha256"": ""8f971bd309b14730863a3b597c3eda6fb4716555298241bd81d46ca085540491"", ""quote"": ""The Zoho CRM API uses the OAuth 2.0 protocol for authentication."", ""supports_claim"": ""yes""}, {""evidence_id"": ""e3"", ""field"": ""api_available"", ""claim"": ""yes"", ""url"": ""https://www.zoho.com/crm/developer/docs/api/v8/oauth-overview.html"", ""final_url"": ""https://www.zoho.com/crm/developer/docs/api/v8/oauth-overview.html"", ""source_kind"": ""official"", ""retrieved_at"": ""2026-09-16T17:16:08.671809+00:00"", ""content_sha256"": ""8f971bd309b14730863a3b597c3eda6fb4716555298241bd81d46ca085540491"", ""quote"": ""The Zoho CRM API uses the OAuth 2.0 protocol for authentication. OAuth 2.0 is an industry-standard protocol specification that enables third-party applications (clients) to gain delegated access to protected resources in Zoho via an API."", ""supports_claim"": ""yes""}]",low,needs_verification,"[""missing_field_evidence""]",2026-09-16T17:16:15.725256+00:00,stage02-full-fallback-20260916
1.0,8,Close,1. CRM and Sales,http://close.com/,unknown,"[""api_key"", ""oauth2""]",self_serve_paid,yes,"[""rest""]",unknown,official,unknown,unknown,unknown,unknown,"[{""evidence_id"": ""e2"", ""field"": ""auth_methods"", ""claim"": ""Authentication API keys for scripts or OAuth 2.0 for user-facing integrations."", ""url"": ""https://developer.close.com/"", ""final_url"": ""https://developer.close.com/"", ""source_kind"": ""official"", ""retrieved_at"": ""2026-09-16T17:16:11.900429+00:00"", ""content_sha256"": ""86c7382179591df79ca859b8959e9bbf03e9d387fb75b778619acd658addee21"", ""quote"": ""Authentication API keys for scripts or OAuth 2.0 for user-facing integrations."", ""supports_claim"": ""yes""}, {""evidence_id"": ""e3"", ""field"": ""access_model"", ""claim"": ""Close Developer Platform is accessible via self-serve paid model."", ""url"": ""https://developer.close.com/"", ""final_url"": ""https://developer.close.com/"", ""source_kind"": ""official"", ""retrieved_at"": ""2026-09-16T17:16:11.900429+00:00"", ""content_sha256"": ""86c7382179591df79ca859b8959e9bbf03e9d387fb75b778619acd658addee21"", ""quote"": ""Try for Free Developers Home API Reference MCP Developers Home API Reference MCP Developers Home Build an Integration Overview Create an OAuth App Publish External Links Integrations Directory Product Help Product Updates Making of Close Blog Open Source (GitHub) Developers Home Overview Create an OAuth App Publish Homepage Product Help Log in Try for Free Light On this page Use cases Getting help Scroll to top Close Developer Platform Build integrations, automate workflows, and extend Close for your team."", ""supports_claim"": ""yes""}, {""evidence_id"": ""e4"", ""field"": ""api_available"", ""claim"": ""Close offers a REST API with full endpoint docs, schemas, examples, and an interactive API explorer."", ""url"": ""https://developer.close.com/"", ""final_url"": ""https://developer.close.com/"", ""source_kind"": ""official"", ""retrieved_at"": ""2026-09-16T17:16:11.900429+00:00"", ""content_sha256"": ""86c7382179591df79ca859b8959e9bbf03e9d387fb75b778619acd658addee21"", ""quote"": ""REST API Reference Full endpoint docs with schemas, examples, and an interactive API explorer."", ""supports_claim"": ""yes""}, {""evidence_id"": ""e5"", ""field"": ""api_types"", ""claim"": ""Close API is REST."", ""url"": ""https://developer.close.com/"", ""final_url"": ""https://developer.close.com/"", ""source_kind"": ""official"", ""retrieved_at"": ""2026-09-16T17:16:11.900429+00:00"", ""content_sha256"": ""86c7382179591df79ca859b8959e9bbf03e9d387fb75b778619acd658addee21"", ""quote"": ""REST API Reference Full endpoint docs with schemas, examples, and an interactive API explorer."", ""supports_claim"": ""yes""}, {""evidence_id"": ""e7"", ""field"": ""mcp_available"", ""claim"": ""MCP Server Model Context Protocol for AI agents is available officially."", ""url"": ""https://developer.close.com/"", ""final_url"": ""https://developer.close.com/"", ""source_kind"": ""official"", ""retrieved_at"": ""2026-09-16T17:16:11.900429+00:00"", ""content_sha256"": ""86c7382179591df79ca859b8959e9bbf03e9d387fb75b778619acd658addee21"", ""quote"": ""MCP Server Model Context Protocol for AI agents."", ""supports_claim"": ""yes""}]",low,needs_verification,"[""missing_field_evidence"", ""quote_not_found""]",2026-09-16T17:16:31.794664+00:00,stage02-full-fallback-20260916
1.0,9,Copper,1. CRM and Sales,http://copper.com/,"The Copper Developer API (""Dev API"") provides a RESTful interface with JSON-formatted responses to access most Copper resources.","[""oauth2""]",self_serve_paid,yes,"[""rest""]",unknown,unknown,unknown,unknown,unknown,unknown,"[{""evidence_id"": ""e1"", ""field"": ""description"", ""claim"": ""The Copper Developer API (\""Dev API\"") provides a RESTful interface with JSON-formatted responses to access most Copper resources."", ""url"": ""https://developer.copper.com/"", ""final_url"": ""https://developer.copper.com/"", ""source_kind"": ""official"", ""retrieved_at"": ""2026-09-16T17:16:15.741530+00:00"", ""content_sha256"": ""9389f5f707a9c3e77cc63f218a2883f44e5cd021f5487d0b32b950cbb6a390b9"", ""quote"": ""The Copper Developer API (\""Dev API\"") provides a RESTful interface with JSON-formatted responses to access most Copper resources."", ""supports_claim"": ""yes""}, {""evidence_id"": ""e2"", ""field"": ""auth_methods"", ""claim"": ""OAuth2.0"", ""url"": ""https://developer.copper.com/"", ""final_url"": ""https://developer.copper.com/"", ""source_kind"": ""official"", ""retrieved_at"": ""2026-09-16T17:16:15.741530+00:00"", ""content_sha256"": ""9389f5f707a9c3e77cc63f218a2883f44e5cd021f5487d0b32b950cbb6a390b9"", ""quote"": ""Authentication Authentication Overview OAuth2.0 OAuth2.0 Overview Quickstart Guide"", ""supports_claim"": ""yes""}, {""evidence_id"": ""e3"", ""field"": ""access_model"", ""claim"": ""self_serve_paid"", ""url"": ""https://developer.copper.com/"", ""final_url"": ""https://developer.copper.com/"", ""source_kind"": ""official"", ""retrieved_at"": ""2026-09-16T17:16:15.741530+00:00"", ""content_sha256"": ""9389f5f707a9c3e77cc63f218a2883f44e5cd021f5487d0b32b950cbb6a390b9"", ""quote"": ""The Copper Web API allows you to access and build your own applications that interact with Copper in more complex ways than the integrations we provide out of the box."", ""supports_claim"": ""yes""}, {""evidence_id"": ""e4"", ""field"": ""api_available"", ""claim"": ""yes"", ""url"": ""https://developer.copper.com/"", ""final_url"": ""https://developer.copper.com/"", ""source_kind"": ""official"", ""retrieved_at"": ""2026-09-16T17:16:15.741530+00:00"", ""content_sha256"": ""9389f5f707a9c3e77cc63f218a2883f44e5cd021f5487d0b32b950cbb6a390b9"", ""quote"": ""The Copper Developer API (\""Dev API\"") provides a RESTful interface with JSON-formatted responses to access most Copper resources."", ""supports_claim"": ""yes""}, {""evidence_id"": ""e5"", ""field"": ""api_types"", ""claim"": ""rest"", ""url"": ""https://developer.copper.com/"", ""final_url"": ""https://developer.copper.com/"", ""source_kind"": ""official"", ""retrieved_at"": ""2026-09-16T17:16:15.741530+00:00"", ""content_sha256"": ""9389f5f707a9c3e77cc63f218a2883f44e5cd021f5487d0b32b950cbb6a390b9"", ""quote"": ""The Copper Developer API (\""Dev API\"") provides a RESTful interface with JSON-formatted responses to access most Copper resources."", ""supports_claim"": ""yes""}]",low,needs_verification,"[""missing_field_evidence"", ""quote_not_found""]",2026-09-16T17:16:31.466394+00:00,stage02-full-fallback-20260916
1.0,10,DealCloud,1. CRM and Sales,http://api.docs.dealcloud.com/,"This site provides a comprehensive overview of our REST APIs, their capabilities, and available endpoints. Whether you're building custom integrations, automating workflows, or exploring advanced use cases, you'll find detailed guidance, examples, and best practices throughout.","[""api_key""]",self_serve_paid,yes,"[""rest""]",unknown,unknown,unknown,buildable,unknown,unknown,"[{""evidence_id"": ""e1"", ""field"": ""description"", ""claim"": ""This site provides a comprehensive overview of our REST APIs, their capabilities, and available endpoints. Whether you're building custom integrations, automating workflows, or exploring advanced use cases, you'll find detailed guidance, examples, and best practices throughout."", ""url"": ""https://api.docs.dealcloud.com/docs"", ""final_url"": ""https://api.docs.dealcloud.com/docs"", ""source_kind"": ""official"", ""retrieved_at"": ""2026-09-16T17:16:17.922988+00:00"", ""content_sha256"": ""cdf2cad20d443315d60060f70ac0569ce981a834eb36d4c5f173d9f6f6ca12db"", ""quote"": ""This site provides a comprehensive overview of our REST APIs, their capabilities, and available endpoints. Whether you're building custom integrations, automating workflows, or exploring advanced use cases, you'll find detailed guidance, examples, and best practices throughout."", ""supports_claim"": ""yes""}, {""evidence_id"": ""e2"", ""field"": ""auth_methods"", ""claim"": ""api_key"", ""url"": ""https://api.docs.dealcloud.com/docs"", ""final_url"": ""https://api.docs.dealcloud.com/docs"", ""source_kind"": ""official"", ""retrieved_at"": ""2026-09-16T17:16:17.922988+00:00"", ""content_sha256"": ""cdf2cad20d443315d60060f70ac0569ce981a834eb36d4c5f173d9f6f6ca12db"", ""quote"": ""API Keys Authorization Token"", ""supports_claim"": ""yes""}, {""evidence_id"": ""e3"", ""field"": ""access_model"", ""claim"": ""self_serve_paid"", ""url"": ""https://api.docs.dealcloud.com/docs"", ""final_url"": ""https://api.docs.dealcloud.com/docs"", ""source_kind"": ""official"", ""retrieved_at"": ""2026-09-16T17:16:17.922988+00:00"", ""content_sha256"": ""cdf2cad20d443315d60060f70ac0569ce981a834eb36d4c5f173d9f6f6ca12db"", ""quote"": ""Whether you're building custom integrations, automating workflows, or exploring advanced use cases, you'll find detailed guidance, examples, and best practices throughout."", ""supports_claim"": ""yes""}, {""evidence_id"": ""e4"", ""field"": ""api_available"", ""claim"": ""yes"", ""url"": ""https://api.docs.dealcloud.com/docs"", ""final_url"": ""https://api.docs.dealcloud.com/docs"", ""source_kind"": ""official"", ""retrieved_at"": ""2026-09-16T17:16:17.922988+00:00"", ""content_sha256"": ""cdf2cad20d443315d60060f70ac0569ce981a834eb36d4c5f173d9f6f6ca12db"", ""quote"": ""Welcome to the DealCloud API Docs! This site provides a comprehensive overview of our REST APIs, their capabilities, and available endpoints."", ""supports_claim"": ""yes""}, {""evidence_id"": ""e5"", ""field"": ""api_types"", ""claim"": ""rest"", ""url"": ""https://api.docs.dealcloud.com/docs"", ""final_url"": ""https://api.docs.dealcloud.com/docs"", ""source_kind"": ""official"", ""retrieved_at"": ""2026-09-16T17:16:17.922988+00:00"", ""content_sha256"": ""cdf2cad20d443315d60060f70ac0569ce981a834eb36d4c5f173d9f6f6ca12db"", ""quote"": ""Most examples use HTTP requests, making them accessible regardless of your programming language."", ""supports_claim"": ""yes""}, {""evidence_id"": ""e8"", ""field"": ""buildability"", ""claim"": ""buildable"", ""url"": ""https://api.docs.dealcloud.com/docs"", ""final_url"": ""https://api.docs.dealcloud.com/docs"", ""source_kind"": ""official"", ""retrieved_at"": ""2026-09-16T17:16:17.922988+00:00"", ""content_sha256"": ""cdf2cad20d443315d60060f70ac0569ce981a834eb36d4c5f173d9f6f6ca12db"", ""quote"": ""Most examples use HTTP requests, making them accessible regardless of your programming language. You do not need to be an expert in HTTP to follow along, but you may pick up some basics through the examples. To try out the examples, you can use tools like Swagger, Postman, VSCode, or any other tool that supports HTTP requests."", ""supports_claim"": ""yes""}]",low,needs_verification,"[""missing_field_evidence"", ""quote_not_found"", ""raw_identity_mismatch""]",2026-09-16T17:16:31.877844+00:00,stage02-full-fallback-20260916
1.0,11,Zendesk,2. Support and Helpdesk,http://zendesk.com/,Zendesk provides a support and helpdesk platform with API access for managing support requests and related data.,"[""unknown""]",unknown,yes,"[""rest""]",unknown,unknown,unknown,unknown,unknown,unknown,"[{""evidence_id"": ""e1"", ""field"": ""description"", ""claim"": ""Zendesk provides a support and helpdesk platform with API access for managing support requests and related data."", ""url"": ""https://developer.zendesk.com/api-reference/introduction/security-and-auth/"", ""final_url"": ""https://developer.zendesk.com/api-reference/introduction/security-and-auth/"", ""source_kind"": ""official"", ""retrieved_at"": ""2026-09-16T17:16:31.483994+00:00"", ""content_sha256"": ""98e2b320399ea57716fe5f36fbc97d48c767c81db8c54ae13446e3e4cada838c"", ""quote"": ""Zendesk supports using OAuth access tokens to authenticate API requests."", ""supports_claim"": ""yes""}, {""evidence_id"": ""e4"", ""field"": ""api_available"", ""claim"": ""Zendesk API is available."", ""url"": ""https://developer.zendesk.com/api-reference/introduction/security-and-auth/"", ""final_url"": ""https://developer.zendesk.com/api-reference/introduction/security-and-auth/"", ""source_kind"": ""official"", ""retrieved_at"": ""2026-09-16T17:16:31.483994+00:00"", ""content_sha256"": ""98e2b320399ea57716fe5f36fbc97d48c767c81db8c54ae13446e3e4cada838c"", ""quote"": ""Zendesk supports using OAuth access tokens to authenticate API requests."", ""supports_claim"": ""yes""}, {""evidence_id"": ""e5"", ""field"": ""api_types"", ""claim"": ""Zendesk API is RESTful."", ""url"": ""https://developer.zendesk.com/api-reference/introduction/security-and-auth/"", ""final_url"": ""https://developer.zendesk.com/api-reference/introduction/security-and-auth/"", ""source_kind"": ""official"", ""retrieved_at"": ""2026-09-16T17:16:31.483994+00:00"", ""content_sha256"": ""98e2b320399ea57716fe5f36fbc97d48c767c81db8c54ae13446e3e4cada838c"", ""quote"": ""curl https://obscura.zendesk.com/api/v2/users.json \\ -H \""Authorization: Bearer gErypPlm4dOVgGRvA1ZzMH5MQ3nLo8bo\"""", ""supports_claim"": ""yes""}]",low,needs_verification,"[""missing_field_evidence"", ""quote_not_found""]",2026-09-16T17:16:48.085280+00:00,stage02-full-fallback-20260916
1.0,12,Intercom,2. Support and Helpdesk,http://intercom.com/,"Intercom provides a platform for customer communication including support and helpdesk functionalities, allowing private and public app integrations via API.","[""oauth2"", ""bearer_token""]",self_serve_paid,yes,"[""rest""]","Intercom offers a REST API for accessing and managing customer data, supporting private apps with Access Tokens and public apps with OAuth.",unknown,unknown,unknown,unknown,unknown,"[{""evidence_id"": ""e1"", ""field"": ""description"", ""claim"": ""Intercom provides a platform for customer communication including support and helpdesk functionalities, allowing private and public app integrations via API."", ""url"": ""https://developers.intercom.com/docs/build-an-integration/learn-more/authentication"", ""final_url"": ""https://developers.intercom.com/docs/build-an-integration/learn-more/authentication"", ""source_kind"": ""official"", ""retrieved_at"": ""2026-09-16T17:16:31.811906+00:00"", ""content_sha256"": ""2ed05a7b551819b55c2f2e0b6de9439dd5c2b07f8bb87bdb86d28d5c5172e806"", ""quote"": ""To access the Intercom API, you have two authentication options depending on whether you app is public or private. An Access Token is for if you're using the API to access data in your own Intercom workspace, in other words, building a private app. OAuth is for if you're building a public app that accesses other people's Intercom data."", ""supports_claim"": ""yes""}, {""evidence_id"": ""e2"", ""field"": ""auth_methods"", ""claim"": ""oauth2"", ""url"": ""https://developers.intercom.com/docs/build-an-integration/learn-more/authentication"", ""final_url"": ""https://developers.intercom.com/docs/build-an-integration/learn-more/authentication"", ""source_kind"": ""official"", ""retrieved_at"": ""2026-09-16T17:16:31.811906+00:00"", ""content_sha256"": ""2ed05a7b551819b55c2f2e0b6de9439dd5c2b07f8bb87bdb86d28d5c5172e806"", ""quote"": ""OAuth is for if you're building a public app that accesses other people's Intercom data."", ""supports_claim"": ""yes""}, {""evidence_id"": ""e3"", ""field"": ""auth_methods"", ""claim"": ""bearer_token"", ""url"": ""https://developers.intercom.com/docs/build-an-integration/learn-more/authentication"", ""final_url"": ""https://developers.intercom.com/docs/build-an-integration/learn-more/authentication"", ""source_kind"": ""official"", ""retrieved_at"": ""2026-09-16T17:16:31.811906+00:00"", ""content_sha256"": ""2ed05a7b551819b55c2f2e0b6de9439dd5c2b07f8bb87bdb86d28d5c5172e806"", ""quote"": ""Once you have a token, whether an access token or a token via the OAuth process, simply provide it as an Authorization:Bearer header in your requests"", ""supports_claim"": ""yes""}, {""evidence_id"": ""e4"", ""field"": ""access_model"", ""claim"": ""self_serve_paid"", ""url"": ""https://developers.intercom.com/docs/build-an-integration/learn-more/authentication"", ""final_url"": ""https://developers.intercom.com/docs/build-an-integration/learn-more/authentication"", ""source_kind"": ""official"", ""retrieved_at"": ""2026-09-16T17:16:31.811906+00:00"", ""content_sha256"": ""2ed05a7b551819b55c2f2e0b6de9439dd5c2b07f8bb87bdb86d28d5c5172e806"", ""quote"": ""You can find your Access Token in the Configure > Authentication section in your app within the Developer Hub . It is also visible on the Test & Publish > Your Workspaces page. This displays workspaces that have the app installed."", ""supports_claim"": ""yes""}, {""evidence_id"": ""e5"", ""field"": ""api_available"", ""claim"": ""yes"", ""url"": ""https://developers.intercom.com/docs/build-an-integration/learn-more/authentication"", ""final_url"": ""https://developers.intercom.com/docs/build-an-integration/learn-more/authentication"", ""source_kind"": ""official"", ""retrieved_at"": ""2026-09-16T17:16:31.811906+00:00"", ""content_sha256"": ""2ed05a7b551819b55c2f2e0b6de9439dd5c2b07f8bb87bdb86d28d5c5172e806"", ""quote"": ""To access the Intercom API, you have two authentication options depending on whether you app is public or private. An Access Token is for if you're using the API to access data in your own Intercom workspace, in other words, building a private app. OAuth is for if you're building a public app that accesses other people's Intercom data."", ""supports_claim"": ""yes""}, {""evidence_id"": ""e6"", ""field"": ""api_types"", ""claim"": ""rest"", ""url"": ""https://developers.intercom.com/docs/build-an-integration/learn-more/authentication"", ""final_url"": ""https://developers.intercom.com/docs/build-an-integration/learn-more/authentication"", ""source_kind"": ""official"", ""retrieved_at"": ""2026-09-16T17:16:31.811906+00:00"", ""content_sha256"": ""2ed05a7b551819b55c2f2e0b6de9439dd5c2b07f8bb87bdb86d28d5c5172e806"", ""quote"": ""$ curl \\ -s https://api.intercom.io/users/5321a20f72cdbb4192000013 \\ -H 'Authorization:Bearer <access_token>' \\ -H 'Accept:application/json'"", ""supports_claim"": ""yes""}, {""evidence_id"": ""e7"", ""field"": ""api_breadth"", ""claim"": ""Intercom offers a REST API for accessing and managing customer data, supporting private apps with Access Tokens and public apps with OAuth."", ""url"": ""https://developers.intercom.com/docs/build-an-integration/learn-more/authentication"", ""final_url"": ""https://developers.intercom.com/docs/build-an-integration/learn-more/authentication"", ""source_kind"": ""official"", ""retrieved_at"": ""2026-09-16T17:16:31.811906+00:00"", ""content_sha256"": ""2ed05a7b551819b55c2f2e0b6de9439dd5c2b07f8bb87bdb86d28d5c5172e806"", ""quote"": ""To access the Intercom API, you have two authentication options depending on whether you app is public or private. An Access Token is for if you're using the API to access data in your own Intercom workspace, in other words, building a private app. OAuth is for if you're building a public app that accesses other people's Intercom data."", ""supports_claim"": ""yes""}]",low,needs_verification,"[""missing_field_evidence""]",2026-09-16T17:16:46.720384+00:00,stage02-full-fallback-20260916
1.0,13,Freshdesk,2. Support and Helpdesk,http://freshdesk.com/,"Freshdesk is a cloud-based customer support platform that enables companies of all sizes to provide great customer service. It offers RESTful APIs that allow reading, modifying, adding, or deleting data from the helpdesk, supporting JSON over HTTPS with CORS support.","[""basic""]",self_serve_paid,yes,"[""rest""]",unknown,unknown,unknown,buildable,unknown,unknown,"[{""evidence_id"": ""e1"", ""field"": ""description"", ""claim"": ""Freshdesk is a cloud-based customer support platform that enables companies of all sizes to provide great customer service. It offers RESTful APIs that allow reading, modifying, adding, or deleting data from the helpdesk, supporting JSON over HTTPS with CORS support."", ""url"": ""https://developers.freshdesk.com/api/"", ""final_url"": ""https://developers.freshdesk.com/api/"", ""source_kind"": ""official"", ""retrieved_at"": ""2026-09-16T17:16:31.895196+00:00"", ""content_sha256"": ""ca4ed21b91b2088d4a703e389c2054ddfb844c422ac7abde2ba1a6efa76f9772"", ""quote"": ""Freshdesk is a cloud-based customer support platform that was founded with the mission of enabling companies of all sizes to provide great customer service. Our goal is simple: make it easy for brands to talk to their customers and make it easy for users to get in touch with businesses. Freshdesk's APIs belong to the Representational State Transfer (REST) category. They allow you to perform 'RESTful' operations such as reading, modifying, adding or deleting data from your helpdesk. The APIs also support Cross-Origin Resource Sharing (CORS)."", ""supports_claim"": ""yes""}, {""evidence_id"": ""e2"", ""field"": ""auth_methods"", ""claim"": ""basic"", ""url"": ""https://developers.freshdesk.com/api/"", ""final_url"": ""https://developers.freshdesk.com/api/"", ""source_kind"": ""official"", ""retrieved_at"": ""2026-09-16T17:16:31.895196+00:00"", ""content_sha256"": ""ca4ed21b91b2088d4a703e389c2054ddfb844c422ac7abde2ba1a6efa76f9772"", ""quote"": ""Freshdesk APIs are plain JSON over HTTP and use the following HTTP verbs: Command Purpose POST Create an object GET Fetch one or more objects PUT Update an object DELETE Remove an object Note: All API requests should hit the secured endpoint, that is, only HTTPS"", ""supports_claim"": ""yes""}, {""evidence_id"": ""e3"", ""field"": ""access_model"", ""claim"": ""self_serve_paid"", ""url"": ""https://developers.freshdesk.com/api/"", ""final_url"": ""https://developers.freshdesk.com/api/"", ""source_kind"": ""official"", ""retrieved_at"": ""2026-09-16T17:16:31.895196+00:00"", ""content_sha256"": ""ca4ed21b91b2088d4a703e389c2054ddfb844c422ac7abde2ba1a6efa76f9772"", ""quote"": ""The number of API calls per minute is based on your plan. This limit is applied on an account wide basis irrespective of factors such as the number of agents or IP addresses used to make the calls. For all trial users, there is a default API limit of 50 calls/minute. If your account hasn't been switched to the new minute level APIs, please contact support@freshdesk.com to get the new rate limits enabled for your account. To view the old API rate limits, click here Note : An account can purchase additional API calls, to increase the rate limit. Contact us to know more about our pricing policy and purchase additional API calls."", ""supports_claim"": ""yes""}, {""evidence_id"": ""e4"", ""field"": ""api_available"", ""claim"": ""yes"", ""url"": ""https://developers.freshdesk.com/api/"", ""final_url"": ""https://developers.freshdesk.com/api/"", ""source_kind"": ""official"", ""retrieved_at"": ""2026-09-16T17:16:31.895196+00:00"", ""content_sha256"": ""ca4ed21b91b2088d4a703e389c2054ddfb844c422ac7abde2ba1a6efa76f9772"", ""quote"": ""Freshdesk's APIs belong to the Representational State Transfer (REST) category. They allow you to perform 'RESTful' operations such as reading, modifying, adding or deleting data from your helpdesk."", ""supports_claim"": ""yes""}, {""evidence_id"": ""e5"", ""field"": ""api_types"", ""claim"": ""rest"", ""url"": ""https://developers.freshdesk.com/api/"", ""final_url"": ""https://developers.freshdesk.com/api/"", ""source_kind"": ""official"", ""retrieved_at"": ""2026-09-16T17:16:31.895196+00:00"", ""content_sha256"": ""ca4ed21b91b2088d4a703e389c2054ddfb844c422ac7abde2ba1a6efa76f9772"", ""quote"": ""Freshdesk's APIs belong to the Representational State Transfer (REST) category."", ""supports_claim"": ""yes""}, {""evidence_id"": ""e8"", ""field"": ""buildability"", ""claim"": ""buildable"", ""url"": ""https://developers.freshdesk.com/api/"", ""final_url"": ""https://developers.freshdesk.com/api/"", ""source_kind"": ""official"", ""retrieved_at"": ""2026-09-16T17:16:31.895196+00:00"", ""content_sha256"": ""ca4ed21b91b2088d4a703e389c2054ddfb844c422ac7abde2ba1a6efa76f9772"", ""quote"": ""Freshdesk's APIs belong to the Representational State Transfer (REST) category. They allow you to perform 'RESTful' operations such as reading, modifying, adding or deleting data from your helpdesk."", ""supports_claim"": ""yes""}]",low,needs_verification,"[""missing_field_evidence"", ""negative_without_explicit_evidence"", ""quote_not_found""]",2026-09-16T17:16:47.438808+00:00,stage02-full-fallback-20260916
1.0,14,Front,2. Support and Helpdesk,http://front.com/,unknown,"[""unknown""]",admin_approval,yes,"[""rest""]",unknown,unknown,unknown,unknown,unknown,unknown,"[{""evidence_id"": ""e6"", ""field"": ""api_types"", ""claim"": ""rest"", ""url"": ""https://dev.frontapp.com/docs/authentication.md"", ""final_url"": ""https://dev.frontapp.com/docs/authentication.md"", ""source_kind"": ""official"", ""retrieved_at"": ""2026-09-16T17:16:46.737739+00:00"", ""content_sha256"": ""eb2a8e475745eb0276e6b3bb1721d21b5e8bdc6e0b1c6fb4ad4f2812e66fa460"", ""quote"": ""See the `Authorization` header in the example request below. ```curl curl --request GET \\ --url https://api2.frontapp.com/conversations/cnv_123/drafts --header 'Authorization: Bearer [REQUEST_TOKEN]' ```"", ""supports_claim"": ""yes""}, {""evidence_id"": ""stage03-human-014-access_model-1"", ""field"": ""access_model"", ""claim"": ""admin_approval"", ""url"": ""https://dev.frontapp.com/docs/authentication"", ""final_url"": ""https://dev.frontapp.com/docs/authentication"", ""source_kind"": ""official"", ""retrieved_at"": """", ""content_sha256"": """", ""quote"": """", ""supports_claim"": ""yes""}, {""evidence_id"": ""stage03-human-014-access_model-2"", ""field"": ""access_model"", ""claim"": ""admin_approval"", ""url"": ""https://dev.frontapp.com/docs/create-and-revoke-api-tokens"", ""final_url"": ""https://dev.frontapp.com/docs/create-and-revoke-api-tokens"", ""source_kind"": ""official"", ""retrieved_at"": """", ""content_sha256"": """", ""quote"": """", ""supports_claim"": ""yes""}, {""evidence_id"": ""stage03-human-014-access_model-3"", ""field"": ""access_model"", ""claim"": ""admin_approval"", ""url"": ""https://dev.frontapp.com/docs/oauth"", ""final_url"": ""https://dev.frontapp.com/docs/oauth"", ""source_kind"": ""official"", ""retrieved_at"": """", ""content_sha256"": """", ""quote"": """", ""supports_claim"": ""yes""}, {""evidence_id"": ""stage03-human-014-api_available-1"", ""field"": ""api_available"", ""claim"": ""yes"", ""url"": ""https://dev.frontapp.com/docs/authentication"", ""final_url"": ""https://dev.frontapp.com/docs/authentication"", ""source_kind"": ""official"", ""retrieved_at"": """", ""content_sha256"": """", ""quote"": """", ""supports_claim"": ""yes""}, {""evidence_id"": ""stage03-human-014-api_available-2"", ""field"": ""api_available"", ""claim"": ""yes"", ""url"": ""https://dev.frontapp.com/docs/core-api-getting-started"", ""final_url"": ""https://dev.frontapp.com/docs/core-api-getting-started"", ""source_kind"": ""official"", ""retrieved_at"": """", ""content_sha256"": """", ""quote"": """", ""supports_claim"": ""yes""}]",low,needs_verification,"[""missing_field_evidence"", ""quote_not_found"", ""Stage03 correction: Front provides a self-service developer path, but using account-level API credentials is permission-gated. The official API-token documentation states that a user must be an admin to create or manage API tokens. The OAuth documentation also states that end users authorizing OAuth apps must be admins, except for Front's MCP server, which uses user-scoped tokens and can be authorized by any teammate. Public integrations must use OAuth unless Front grants an exception. The inspected sources do not establish a paid-plan or sales gate for ordinary Core API access, so the access model is best classified as admin_approval rather than self_serve_paid or sales_gated."", ""Stage03 correction: Front explicitly exposes a Core API for external integrations. The official documentation shows authenticated requests to https://api2.frontapp.com/, including creating and updating Front resources, and states that API tokens can be used for integrations or scripts that make programmatic updates through the API. This directly establishes an inbound developer API.""]",2026-09-16T17:17:03.303209+00:00,stage02-full-fallback-20260916
1.0,15,Pylon,2. Support and Helpdesk,http://usepylon.com/,unknown,"[""api_key""]",admin_approval,unknown,"[""rest""]","Programmatic access to read and write data in Pylon, including fetching customer and issue information and creating issues.",unknown,unknown,unknown,unknown,unknown,"[{""evidence_id"": ""e2"", ""field"": ""auth_methods"", ""claim"": ""api_key"", ""url"": ""https://docs.usepylon.com/pylon-docs/developer/api"", ""final_url"": ""https://docs.usepylon.com/pylon-docs/developer/api"", ""source_kind"": ""official"", ""retrieved_at"": ""2026-09-16T17:16:47.456260+00:00"", ""content_sha256"": ""bae80edb20f83b6395d8293137893f65aea580afb1a486819d54a52b19ce0fad"", ""quote"": ""Only Admin users can create API tokens."", ""supports_claim"": ""yes""}, {""evidence_id"": ""e3"", ""field"": ""access_model"", ""claim"": ""admin_approval"", ""url"": ""https://docs.usepylon.com/pylon-docs/developer/api"", ""final_url"": ""https://docs.usepylon.com/pylon-docs/developer/api"", ""source_kind"": ""official"", ""retrieved_at"": ""2026-09-16T17:16:47.456260+00:00"", ""content_sha256"": ""bae80edb20f83b6395d8293137893f65aea580afb1a486819d54a52b19ce0fad"", ""quote"": ""Only Admin users can create API tokens."", ""supports_claim"": ""yes""}, {""evidence_id"": ""e5"", ""field"": ""api_types"", ""claim"": ""rest"", ""url"": ""https://docs.usepylon.com/pylon-docs/developer/api"", ""final_url"": ""https://docs.usepylon.com/pylon-docs/developer/api"", ""source_kind"": ""official"", ""retrieved_at"": ""2026-09-16T17:16:47.456260+00:00"", ""content_sha256"": ""bae80edb20f83b6395d8293137893f65aea580afb1a486819d54a52b19ce0fad"", ""quote"": ""API Reference for specifications on all endpoints."", ""supports_claim"": ""yes""}, {""evidence_id"": ""e6"", ""field"": ""api_breadth"", ""claim"": ""Programmatic access to read and write data in Pylon, including fetching customer and issue information and creating issues."", ""url"": ""https://docs.usepylon.com/pylon-docs/developer/api"", ""final_url"": ""https://docs.usepylon.com/pylon-docs/developer/api"", ""source_kind"": ""official"", ""retrieved_at"": ""2026-09-16T17:16:47.456260+00:00"", ""content_sha256"": ""bae80edb20f83b6395d8293137893f65aea580afb1a486819d54a52b19ce0fad"", ""quote"": ""Some common use cases for our API include: Fetching information about customers Fetching information about issues Creating issues programmatically"", ""supports_claim"": ""yes""}]",low,needs_verification,"[""missing_field_evidence"", ""quote_not_found""]",2026-09-16T17:16:59.656327+00:00,stage02-full-fallback-20260916
1.0,16,LiveAgent,2. Support and Helpdesk,http://liveagent.com/,"LiveAgent is an integrated customer support software, ticketing system, live chat, social helpdesk and voice helpdesk. Based in cloud and accessible from everywhere, with SSL safety.","[""api_key""]",unknown,unknown,"[""unknown""]",unknown,unknown,unknown,unknown,unknown,unknown,"[{""evidence_id"": ""e1"", ""field"": ""description"", ""claim"": ""LiveAgent is an integrated customer support software , ticketing system , live chat , social helpdesk and voice helpdesk . You name it, it's there. Based in cloud and accessible from everywhere, with SSL safety."", ""url"": ""https://support.liveagent.com/061754-API"", ""final_url"": ""https://support.liveagent.com/061754-How-to-make-REST-calls-in-PHP?r=1"", ""source_kind"": ""official"", ""retrieved_at"": ""2026-09-16T17:16:48.102587+00:00"", ""content_sha256"": ""164a7ff827a3fd6b8d05f3f766272d648854c934f8dfe857acd91ff19b9af141"", ""quote"": ""LiveAgent is an integrated customer support software , ticketing system , live chat , social helpdesk and voice helpdesk . You name it, it's there. Based in cloud and accessible from everywhere, with SSL safety."", ""supports_claim"": ""yes""}, {""evidence_id"": ""e2"", ""field"": ""auth_methods"", ""claim"": ""apikey"", ""url"": ""https://support.liveagent.com/061754-API"", ""final_url"": ""https://support.liveagent.com/061754-How-to-make-REST-calls-in-PHP?r=1"", ""source_kind"": ""official"", ""retrieved_at"": ""2026-09-16T17:16:48.102587+00:00"", ""content_sha256"": ""164a7ff827a3fd6b8d05f3f766272d648854c934f8dfe857acd91ff19b9af141"", ""quote"": ""$service_url = 'https://example.com/api/conversations/[CONV_CODE]/messages&apikey=[API_KEY]'"", ""supports_claim"": ""yes""}]",low,needs_verification,"[""missing_field_evidence"", ""quote_not_found""]",2026-09-16T17:17:02.410426+00:00,stage02-full-fallback-20260916
1.0,17,Plain,2. Support and Helpdesk,http://plain.com/,unknown,"[""unknown""]",unknown,unknown,"[""graphql""]","GraphQL API covering customers, companies, tenants, threads, messaging, tasks, knowledge gaps, webhooks, and more.",unknown,unknown,unknown,unknown,unknown,"[{""evidence_id"": ""e5"", ""field"": ""api_types"", ""claim"": ""graphql"", ""url"": ""https://www.plain.com/docs/api-reference/graphql/authentication"", ""final_url"": ""https://www.plain.com/docs/graphql/authentication"", ""source_kind"": ""official"", ""retrieved_at"": ""2026-09-16T17:16:59.673414+00:00"", ""content_sha256"": ""7c5c11b35a15fa6d38cea1f916f417d5de3b06b19e9a7bcfa41a96814473eb9e"", ""quote"": ""GraphQL API Authentication Documentation Developer API Reference GraphQL API Introduction"", ""supports_claim"": ""yes""}, {""evidence_id"": ""e6"", ""field"": ""api_breadth"", ""claim"": ""GraphQL API covering customers, companies, tenants, threads, messaging, tasks, knowledge gaps, webhooks, and more."", ""url"": ""https://www.plain.com/docs/api-reference/graphql/authentication"", ""final_url"": ""https://www.plain.com/docs/graphql/authentication"", ""source_kind"": ""official"", ""retrieved_at"": ""2026-09-16T17:16:59.673414+00:00"", ""content_sha256"": ""7c5c11b35a15fa6d38cea1f916f417d5de3b06b19e9a7bcfa41a96814473eb9e"", ""quote"": ""Customers Companies Tenants Threads Tiers Events Labels Messaging Snippets Tasks Knowledge gaps Notes Webhook targets Discussions Help center Building your own ticket importer Attachments API explorer GraphQL SDK Building Agents Overview Machine users Searching knowledge Build a support agent Build an internal agent Agent integrations Overview MCP server Agent skill Cursor Webhooks Overview Webhook Versions Webhook events Webhooks SDK Channels Authentication Headless portal Custom channels Customer Cards Overview Create a customer card Protocol Playground Examples UI Components Overview Badge Container CopyButton Divider LinkButton WorkflowButton PlainText Row Spacer Text UI components SDK Security Request signing mTLS Changelog Changelog"", ""supports_claim"": ""yes""}]",low,needs_verification,"[""missing_field_evidence"", ""quote_not_found""]",2026-09-16T17:17:18.213745+00:00,stage02-full-fallback-20260916
1.0,18,Help Scout,2. Support and Helpdesk,http://helpscout.com/,unknown,"[""unknown""]",unknown,unknown,"[""unknown""]",unknown,unknown,unknown,unknown,unknown,unknown,[],low,needs_verification,"[""low_confidence"", ""missing_field_evidence"", ""quote_not_found""]",2026-09-16T17:17:07.998012+00:00,stage02-full-fallback-20260916
1.0,19,Gorgias,2. Support and Helpdesk,http://gorgias.com/,unknown,"[""oauth2"", ""api_key""]",unknown,yes,"[""rest""]","The API allows creating tickets, messages, integrating new channels, syncing data, and showing third-party data in tickets.",official,"Gorgias has a Developer Portal for app registration and submission, including a review process for public apps.",buildable,unknown,"The documentation describes OAuth2 and API key authentication methods, a Developer Portal for app registration, and detailed API usage examples, enabling building integrations.","[{""evidence_id"": ""e2"", ""field"": ""auth_methods"", ""claim"": ""oauth2"", ""url"": ""https://developers.gorgias.com/docs"", ""final_url"": ""https://developers.gorgias.com/docs/private-vs-public-app"", ""source_kind"": ""official"", ""retrieved_at"": ""2026-09-16T17:17:03.319979+00:00"", ""content_sha256"": ""3c0cb27ba8c10c648a1f2cdcda64c16f1f51c74669f7a72cda17a888ec6675b3"", ""quote"": ""Public app authentication can be done only via OAuth2 for which you will need to register on our Developer portal ."", ""supports_claim"": ""yes""}, {""evidence_id"": ""e3"", ""field"": ""auth_methods"", ""claim"": ""api_key"", ""url"": ""https://developers.gorgias.com/docs"", ""final_url"": ""https://developers.gorgias.com/docs/private-vs-public-app"", ""source_kind"": ""official"", ""retrieved_at"": ""2026-09-16T17:17:03.319979+00:00"", ""content_sha256"": ""3c0cb27ba8c10c648a1f2cdcda64c16f1f51c74669f7a72cda17a888ec6675b3"", ""quote"": ""Private apps These apps should be used if you plan to access only your own Gorgias account data. You don't need to follow any special process to create a private app. For the authentication method, you can use Access Tokens ."", ""supports_claim"": ""yes""}, {""evidence_id"": ""e5"", ""field"": ""api_available"", ""claim"": ""yes"", ""url"": ""https://developers.gorgias.com/docs"", ""final_url"": ""https://developers.gorgias.com/docs/private-vs-public-app"", ""source_kind"": ""official"", ""retrieved_at"": ""2026-09-16T17:17:03.319979+00:00"", ""content_sha256"": ""3c0cb27ba8c10c648a1f2cdcda64c16f1f51c74669f7a72cda17a888ec6675b3"", ""quote"": ""Create a ticket using API Create a new message in ticket via API Integrate with a new channel Create integrations and widgets Show 3rd-party data in tickets Sync Gorgias data with a database"", ""supports_claim"": ""yes""}, {""evidence_id"": ""e6"", ""field"": ""api_types"", ""claim"": ""rest"", ""url"": ""https://developers.gorgias.com/docs"", ""final_url"": ""https://developers.gorgias.com/docs/private-vs-public-app"", ""source_kind"": ""official"", ""retrieved_at"": ""2026-09-16T17:17:03.319979+00:00"", ""content_sha256"": ""3c0cb27ba8c10c648a1f2cdcda64c16f1f51c74669f7a72cda17a888ec6675b3"", ""quote"": ""Create a ticket using API Create a new message in ticket via API Integrate with a new channel Create integrations and widgets Show 3rd-party data in tickets Sync Gorgias data with a database"", ""supports_claim"": ""yes""}, {""evidence_id"": ""e7"", ""field"": ""api_breadth"", ""claim"": ""The API allows creating tickets, messages, integrating new channels, syncing data, and showing third-party data in tickets."", ""url"": ""https://developers.gorgias.com/docs"", ""final_url"": ""https://developers.gorgias.com/docs/private-vs-public-app"", ""source_kind"": ""official"", ""retrieved_at"": ""2026-09-16T17:17:03.319979+00:00"", ""content_sha256"": ""3c0cb27ba8c10c648a1f2cdcda64c16f1f51c74669f7a72cda17a888ec6675b3"", ""quote"": ""Create a ticket using API Create a new message in ticket via API Integrate with a new channel Create integrations and widgets Show 3rd-party data in tickets Sync Gorgias data with a database"", ""supports_claim"": ""yes""}, {""evidence_id"": ""e8"", ""field"": ""mcp_available"", ""claim"": ""official"", ""url"": ""https://developers.gorgias.com/docs"", ""final_url"": ""https://developers.gorgias.com/docs/private-vs-public-app"", ""source_kind"": ""official"", ""retrieved_at"": ""2026-09-16T17:17:03.319979+00:00"", ""content_sha256"": ""3c0cb27ba8c10c648a1f2cdcda64c16f1f51c74669f7a72cda17a888ec6675b3"", ""quote"": ""1. Register on Developer Portal & Get Gorgias Sandbox Account 2. Create a Draft App submission form 3. Set up OAuth2 4. Build and test your app 5. Submit app for review 6. Stay in touch Tutorials OAuth2 authentication for creating apps with Gorgias"", ""supports_claim"": ""yes""}, {""evidence_id"": ""e9"", ""field"": ""mcp_notes"", ""claim"": ""Gorgias has a Developer Portal for app registration and submission, including a review process for public apps."", ""url"": ""https://developers.gorgias.com/docs"", ""final_url"": ""https://developers.gorgias.com/docs/private-vs-public-app"", ""source_kind"": ""official"", ""retrieved_at"": ""2026-09-16T17:17:03.319979+00:00"", ""content_sha256"": ""3c0cb27ba8c10c648a1f2cdcda64c16f1f51c74669f7a72cda17a888ec6675b3"", ""quote"": ""1. Register on Developer Portal & Get Gorgias Sandbox Account 2. Create a Draft App submission form 3. Set up OAuth2 4. Build and test your app 5. Submit app for review 6. Stay in touch Tutorials OAuth2 authentication for creating apps with Gorgias"", ""supports_claim"": ""yes""}, {""evidence_id"": ""e10"", ""field"": ""buildability"", ""claim"": ""buildable"", ""url"": ""https://developers.gorgias.com/docs"", ""final_url"": ""https://developers.gorgias.com/docs/private-vs-public-app"", ""source_kind"": ""official"", ""retrieved_at"": ""2026-09-16T17:17:03.319979+00:00"", ""content_sha256"": ""3c0cb27ba8c10c648a1f2cdcda64c16f1f51c74669f7a72cda17a888ec6675b3"", ""quote"": ""OAuth2 authentication for creating apps with Gorgias Create a ticket using API Create a new message in ticket via API Integrate with a new channel Create integrations and widgets Show 3rd-party data in tickets Sync Gorgias data with a database"", ""supports_claim"": ""yes""}, {""evidence_id"": ""e11"", ""field"": ""buildability_rationale"", ""claim"": ""The documentation describes OAuth2 and API key authentication methods, a Developer Portal for app registration, and detailed API usage examples, enabling building integrations."", ""url"": ""https://developers.gorgias.com/docs"", ""final_url"": ""https://developers.gorgias.com/docs/private-vs-public-app"", ""source_kind"": ""official"", ""retrieved_at"": ""2026-09-16T17:17:03.319979+00:00"", ""content_sha256"": ""3c0cb27ba8c10c648a1f2cdcda64c16f1f51c74669f7a72cda17a888ec6675b3"", ""quote"": ""OAuth2 authentication for creating apps with Gorgias Create a ticket using API Create a new message in ticket via API Integrate with a new channel Create integrations and widgets Show 3rd-party data in tickets Sync Gorgias data with a database"", ""supports_claim"": ""yes""}]",low,needs_verification,"[""missing_field_evidence"", ""quote_not_found""]",2026-09-16T17:17:28.581635+00:00,stage02-full-fallback-20260916
1.0,20,Gladly,2. Support and Helpdesk,http://gladly.com/,"Gladly API provides a REST API and a Lookup API to facilitate customer service interactions by managing customer profile data, conversations, agents, public answers, and more. It enables seamless experiences by providing rich customer context and supports JSON payloads with consistent error handling.","[""unknown""]",self_serve_paid,yes,"[""rest""]","Gladly API offers extensive REST endpoints including Agents, Public Answers, Conversations, Customers, Endpoints, Events, Export, Freeform Topics, Inboxes, Organization, Proactive Conversations, Reports, Tasks, Teams, User Identity, Topics, and Webhooks.",unknown,unknown,unknown,unknown,unknown,"[{""evidence_id"": ""e1"", ""field"": ""description"", ""claim"": ""Gladly API provides a REST API and a Lookup API to facilitate customer service interactions by managing customer profile data, conversations, agents, public answers, and more. It enables seamless experiences by providing rich customer context and supports JSON payloads with consistent error handling."", ""url"": ""https://developer.gladly.com/rest/"", ""final_url"": ""https://developer.gladly.com/rest/"", ""source_kind"": ""official"", ""retrieved_at"": ""2026-09-16T17:17:08.014692+00:00"", ""content_sha256"": ""cf5feb5080c8d8a1b642acf6ae025243199b653cea9aaf52fcd0f3241a484537"", ""quote"": ""Gladly API Introducing the Gladly API Overview REST API Lookup API Testing Getting Started Permissions Creating API Tokens Replacing/Rotating API Tokens Authentication REST API Agents get List Agents get Get Agent get Get Agent CallRecorder patch Update Agent CallRecorder Public Answer get Search public answers get List public answers get List Help Center Answer Titles get Get public answer Answer Management get Get answers post Add answer get Get Answer patch Update Answer del Delete Answer get Get Answer Content put Add or Update Answer Content del Delete Answer Content Audiences get List Audiences Business Hours get List business hours post Create business hours get Get business hours put Update business hours del Delete business hours Communications post Send SMS post Send email Conversations Conversation Conversation Items get Get conversations for customer get Get conversation patch Update conversation post Create item get Get item del Delete item get Get media get Get voice transcript get Get attachment post Create item for customer del Delete item for customer get List items in conversation post Add Topics to Conversation del Delete Topic from Conversation post Add or Remove Freeform topic post Add note get Get note post Reply to message post Redact conversation item Customers post Create customer get Find customers get Get customer patch Update customer del Delete customer Endpoints get List Endpoints get Get Endpoint Events get List events Export get List schedules get List jobs get Get job del Delete job get Get file Freeform Topics get Get custom attribute Inboxes get List inboxes get Get inbox post Add or remove inbox agents Organization get Get organization Proactive Conversations post Create recipient collection for an existing proactive campaign Reports post Generate a report post Generate a work session report Tasks post Create task post Create task for customer get List tasks patch Update task get Get task post Add task comment get Get task comments get Get task comment Teams get List teams get Get team User Identity post Create a User Identity JWT Topics get List Topics post Add Topic get Get Topic patch Update Topic Webhooks post Create webhook get List webhooks patch Update webhook del Delete webhook get Get webhook Webhooks Summary Securing Webhooks Ping Event Retry Policy Logs Payloads Available Events Payloads post Events Lookup API Customer Lookup Resources Versioning URL Path Versioning Backwards Compatible Changes Non-Backwards Compatible Changes Error Handling Common Status Codes Programmatic Remediation Rate Limit Default Rate Limit Reporting API Rate Limit Handling Rate Limit Rich Content Launching Soon New Integrations New APIs Documentation Powered by ReDoc Gladly API ( 1.0 ) Download OpenAPI specification: Download Introducing the Gladly API At Gladly, we believe that customer service is best when it's a conversation. That means more than just helping customers with one-off questions or issues: it's about making them feel known, valued, and respected for the individuals they are. The Gladly API was built to help facilitate those relationships, providing agents with the rich customer context they need to deliver seamless experiences that make customers feel like they're more than just a number in a sea of others. Overview You can integrate easily with Gladly by calling Gladly's REST API and implementing the Lookup API to provide data from your own services. Some examples of what you do through Gladly APIs include managing customer profile data, interacting with a customer's timeline, providing the latest information about a customer's orders, and more. REST API Clients can access the REST API via HTTPS at your organization's Gladly domain (e.g. https://{organization}.gladly.com ). Resources follow REST semantics and utilize industry-standard HTTP verbs, response codes, and authentication schemes. In addition, all responses and payloads are in JSON with consistent error codes and formats."", ""supports_claim"": ""yes""}, {""evidence_id"": ""e3"", ""field"": ""access_model"", ""claim"": ""self_serve_paid"", ""url"": ""https://developer.gladly.com/rest/"", ""final_url"": ""https://developer.gladly.com/rest/"", ""source_kind"": ""official"", ""retrieved_at"": ""2026-09-16T17:17:08.014692+00:00"", ""content_sha256"": ""cf5feb5080c8d8a1b642acf6ae025243199b653cea9aaf52fcd0f3241a484537"", ""quote"": ""Getting Started Think of this section as getting the keys to unlocking your access to the Gladly APIs. First, you'll need to set up an account with the necessary API permissions . With these permissions, you can then go on to create the API Token(s) you need to access Gladly's API resources . Permissions Gladly Administrators can set API permissions on an agent-by-agent basis. We'll discuss how this maps to API access in the section on authentication below. To allow a user to create API tokens and access the API: Log in to your Gladly instance. Open the menu on the top left-hand corner of the page. Navigate to Settings > *Users Search and click the user profile you wish to give access to. You'll see a permission called API User . Select it, while making sure to keep the user's Agent role intact. Hit Save to give access. We recommend creating a dedicated user to make API calls, whose account won't be used for agent and organization management. This will help you with any future audits of API activity vs. agent activity."", ""supports_claim"": ""yes""}, {""evidence_id"": ""e4"", ""field"": ""api_available"", ""claim"": ""yes"", ""url"": ""https://developer.gladly.com/rest/"", ""final_url"": ""https://developer.gladly.com/rest/"", ""source_kind"": ""official"", ""retrieved_at"": ""2026-09-16T17:17:08.014692+00:00"", ""content_sha256"": ""cf5feb5080c8d8a1b642acf6ae025243199b653cea9aaf52fcd0f3241a484537"", ""quote"": ""Gladly API Introducing the Gladly API Overview REST API Lookup API Testing Getting Started Permissions Creating API Tokens Replacing/Rotating API Tokens Authentication REST API Agents get List Agents get Get Agent get Get Agent CallRecorder patch Update Agent CallRecorder Public Answer get Search public answers get List public answers get List Help Center Answer Titles get Get public answer Answer Management get Get answers post Add answer get Get Answer patch Update Answer del Delete Answer get Get Answer Content put Add or Update Answer Content del Delete Answer Content Audiences get List Audiences Business Hours get List business hours post Create business hours get Get business hours put Update business hours del Delete business hours Communications post Send SMS post Send email Conversations Conversation Conversation Items get Get conversations for customer get Get conversation patch Update conversation post Create item get Get item del Delete item get Get media get Get voice transcript get Get attachment post Create item for customer del Delete item for customer get List items in conversation post Add Topics to Conversation del Delete Topic from Conversation post Add or Remove Freeform topic post Add note get Get note post Reply to message post Redact conversation item Customers post Create customer get Find customers get Get customer patch Update customer del Delete customer Endpoints get List Endpoints get Get Endpoint Events get List events Export get List schedules get List jobs get Get job del Delete job get Get file Freeform Topics get Get custom attribute Inboxes get List inboxes get Get inbox post Add or remove inbox agents Organization get Get organization Proactive Conversations post Create recipient collection for an existing proactive campaign Reports post Generate a report post Generate a work session report Tasks post Create task post Create task for customer get List tasks patch Update task get Get task post Add task comment get Get task comments get Get task comment Teams get List teams get Get team User Identity post Create a User Identity JWT Topics get List Topics post Add Topic get Get Topic patch Update Topic Webhooks post Create webhook get List webhooks patch Update webhook del Delete webhook get Get webhook Webhooks Summary Securing Webhooks Ping Event Retry Policy Logs Payloads Available Events Payloads post Events Lookup API Customer Lookup Resources Versioning URL Path Versioning Backwards Compatible Changes Non-Backwards Compatible Changes Error Handling Common Status Codes Programmatic Remediation Rate Limit Default Rate Limit Reporting API Rate Limit Handling Rate Limit Rich Content Launching Soon New Integrations New APIs Documentation Powered by ReDoc Gladly API ( 1.0 ) Download OpenAPI specification: Download Introducing the Gladly API At Gladly, we believe that customer service is best when it's a conversation. That means more than just helping customers with one-off questions or issues: it's about making them feel known, valued, and respected for the individuals they are. The Gladly API was built to help facilitate those relationships, providing agents with the rich customer context they need to deliver seamless experiences that make customers feel like they're more than just a number in a sea of others. Overview You can integrate easily with Gladly by calling Gladly's REST API and implementing the Lookup API to provide data from your own services. Some examples of what you do through Gladly APIs include managing customer profile data, interacting with a customer's timeline, providing the latest information about a customer's orders, and more. REST API Clients can access the REST API via HTTPS at your organization's Gladly domain (e.g. https://{organization}.gladly.com ). Resources follow REST semantics and utilize industry-standard HTTP verbs, response codes, and authentication schemes. In addition, all responses and payloads are in JSON with consistent error codes and formats."", ""supports_claim"": ""yes""}, {""evidence_id"": ""e5"", ""field"": ""api_types"", ""claim"": ""rest"", ""url"": ""https://developer.gladly.com/rest/"", ""final_url"": ""https://developer.gladly.com/rest/"", ""source_kind"": ""official"", ""retrieved_at"": ""2026-09-16T17:17:08.014692+00:00"", ""content_sha256"": ""cf5feb5080c8d8a1b642acf6ae025243199b653cea9aaf52fcd0f3241a484537"", ""quote"": ""REST API Clients can access the REST API via HTTPS at your organization's Gladly domain (e.g. https://{organization}.gladly.com ). Resources follow REST semantics and utilize industry-standard HTTP verbs, response codes, and authentication schemes. In addition, all responses and payloads are in JSON with consistent error codes and formats."", ""supports_claim"": ""yes""}, {""evidence_id"": ""e6"", ""field"": ""api_breadth"", ""claim"": ""Gladly API offers extensive REST endpoints including Agents, Public Answers, Conversations, Customers, Endpoints, Events, Export, Freeform Topics, Inboxes, Organization, Proactive Conversations, Reports, Tasks, Teams, User Identity, Topics, and Webhooks."", ""url"": ""https://developer.gladly.com/rest/"", ""final_url"": ""https://developer.gladly.com/rest/"", ""source_kind"": ""official"", ""retrieved_at"": ""2026-09-16T17:17:08.014692+00:00"", ""content_sha256"": ""cf5feb5080c8d8a1b642acf6ae025243199b653cea9aaf52fcd0f3241a484537"", ""quote"": ""REST API Agents get List Agents get Get Agent get Get Agent CallRecorder patch Update Agent CallRecorder Public Answer get Search public answers get List public answers get List Help Center Answer Titles get Get public answer Answer Management get Get answers post Add answer get Get Answer patch Update Answer del Delete Answer get Get Answer Content put Add or Update Answer Content del Delete Answer Content Audiences get List Audiences Business Hours get List business hours post Create business hours get Get business hours put Update business hours del Delete business hours Communications post Send SMS post Send email Conversations Conversation Conversation Items get Get conversations for customer get Get conversation patch Update conversation post Create item get Get item del Delete item get Get media get Get voice transcript get Get attachment post Create item for customer del Delete item for customer get List items in conversation post Add Topics to Conversation del Delete Topic from Conversation post Add or Remove Freeform topic post Add note get Get note post Reply to message post Redact conversation item Customers post Create customer get Find customers get Get customer patch Update customer del Delete customer Endpoints get List Endpoints get Get Endpoint Events get List events Export get List schedules get List jobs get Get job del Delete job get Get file Freeform Topics get Get custom attribute Inboxes get List inboxes get Get inbox post Add or remove inbox agents Organization get Get organization Proactive Conversations post Create recipient collection for an existing proactive campaign Reports post Generate a report post Generate a work session report Tasks post Create task post Create task for customer get List tasks patch Update task get Get task post Add task comment get Get task comments get Get task comment Teams get List teams get Get team User Identity post Create a User Identity JWT Topics get List Topics post Add Topic get Get Topic patch Update Topic Webhooks post Create webhook get List webhooks patch Update webhook del Delete webhook get Get webhook Webhooks Summary Securing Webhooks Ping Event Retry Policy Logs Payloads Available Events Payloads post Events Lookup API Customer Lookup Resources Versioning URL Path Versioning Backwards Compatible Changes Non-Backwards Compatible Changes Error Handling Common Status Codes Programmatic Remediation Rate Limit Default Rate Limit Reporting API Rate Limit Handling Rate Limit Rich Content Launching Soon New Integrations New APIs Documentation Powered by ReDoc Gladly API ( 1.0 ) Download OpenAPI specification: Download"", ""supports_claim"": ""yes""}]",low,needs_verification,"[""missing_field_evidence"", ""quote_not_found""]",2026-09-16T17:17:44.222054+00:00,stage02-full-fallback-20260916
1.0,21,Slack,3. Communications and Messaging,http://slack.com/,"Slack apps use OAuth 2.0 to securely authenticate users and request access tokens. Apps must obtain necessary tokens and permissions via OAuth scopes added in app settings. Tokens include user tokens, bot tokens, and app tokens, with support for token rotation and expiry. Slack provides security best practices for managing authentication, such as validating tokens and protecting apps from unauthorized access.","[""oauth2""]",unknown,yes,"[""unknown""]",unknown,official,unknown,unknown,unknown,unknown,"[{""evidence_id"": ""e1"", ""field"": ""description"", ""claim"": ""Slack apps use OAuth 2.0 to securely authenticate users and request access tokens. Apps must obtain necessary tokens and permissions via OAuth scopes added in app settings. Tokens include user tokens, bot tokens, and app tokens, with support for token rotation and expiry. Slack provides security best practices for managing authentication, such as validating tokens and protecting apps from unauthorized access."", ""url"": ""https://docs.slack.dev/authentication/"", ""final_url"": ""https://docs.slack.dev/authentication/"", ""source_kind"": ""official"", ""retrieved_at"": ""2026-09-16T17:17:18.230415+00:00"", ""content_sha256"": ""218540cb41aadb5041791f8c5440dcc258f63929a8aac26d6bac57e721b00f47"", ""quote"": ""Slack apps use OAuth scopes to govern what they can access. These are added in the app settings when building an app. You will attach these scopes to your tokens. Check out tokens to learn more. You can rotate those tokens too! Find out how on the Using token rotation page."", ""supports_claim"": ""yes""}, {""evidence_id"": ""e2"", ""field"": ""auth_methods"", ""claim"": ""oauth2"", ""url"": ""https://docs.slack.dev/authentication/"", ""final_url"": ""https://docs.slack.dev/authentication/"", ""source_kind"": ""official"", ""retrieved_at"": ""2026-09-16T17:17:18.230415+00:00"", ""content_sha256"": ""218540cb41aadb5041791f8c5440dcc258f63929a8aac26d6bac57e721b00f47"", ""quote"": ""Learn how to use OAuth 2.0 to securely authenticate users and request access tokens."", ""supports_claim"": ""yes""}, {""evidence_id"": ""e4"", ""field"": ""api_available"", ""claim"": ""yes"", ""url"": ""https://docs.slack.dev/authentication/"", ""final_url"": ""https://docs.slack.dev/authentication/"", ""source_kind"": ""official"", ""retrieved_at"": ""2026-09-16T17:17:18.230415+00:00"", ""content_sha256"": ""218540cb41aadb5041791f8c5440dcc258f63929a8aac26d6bac57e721b00f47"", ""quote"": ""Slack apps use OAuth scopes to govern what they can access. These are added in the app settings when building an app. You will attach these scopes to your tokens."", ""supports_claim"": ""yes""}, {""evidence_id"": ""e5"", ""field"": ""mcp_available"", ""claim"": ""official"", ""url"": ""https://docs.slack.dev/authentication/"", ""final_url"": ""https://docs.slack.dev/authentication/"", ""source_kind"": ""official"", ""retrieved_at"": ""2026-09-16T17:17:18.230415+00:00"", ""content_sha256"": ""218540cb41aadb5041791f8c5440dcc258f63929a8aac26d6bac57e721b00f47"", ""quote"": ""Slack Marketplace"", ""supports_claim"": ""yes""}]",low,needs_verification,"[""missing_field_evidence"", ""quote_not_found""]",2026-09-16T17:17:30.227166+00:00,stage02-full-fallback-20260916
1.0,22,Twilio,3. Communications and Messaging,http://twilio.com/,unknown,"[""unknown""]",unknown,unknown,"[""unknown""]",unknown,unknown,unknown,buildable,trial_and_paid_account_restrictions,"Twilio is directly buildable. The official documentation provides public REST APIs, SDKs, CLI support, API-key and Account SID/Auth Token authentication, and a self-service Twilio Console. New users receive a 30-day trial with real API requests and responses, allowing proof-of-concept development before upgrading. No partner, sales, or manual approval gate is required for ordinary API access. Product-specific restrictions still apply, especially during trial and for regulated communications use cases.","[{""evidence_id"": ""stage03-human-022-buildability-1"", ""field"": ""buildability"", ""claim"": ""buildable"", ""url"": ""https://www.twilio.com/docs/usage/requests-to-twilio"", ""final_url"": ""https://www.twilio.com/docs/usage/requests-to-twilio"", ""source_kind"": ""official"", ""retrieved_at"": """", ""content_sha256"": """", ""quote"": """", ""supports_claim"": ""yes""}, {""evidence_id"": ""stage03-human-022-buildability-2"", ""field"": ""buildability"", ""claim"": ""buildable"", ""url"": ""https://www.twilio.com/docs/usage/trials"", ""final_url"": ""https://www.twilio.com/docs/usage/trials"", ""source_kind"": ""official"", ""retrieved_at"": """", ""content_sha256"": """", ""quote"": """", ""supports_claim"": ""yes""}, {""evidence_id"": ""stage03-human-022-buildability-3"", ""field"": ""buildability"", ""claim"": ""buildable"", ""url"": ""https://www.twilio.com/docs/iam/api/account"", ""final_url"": ""https://www.twilio.com/docs/iam/api/account"", ""source_kind"": ""official"", ""retrieved_at"": """", ""content_sha256"": """", ""quote"": """", ""supports_claim"": ""yes""}, {""evidence_id"": ""stage03-human-022-buildability_rationale-1"", ""field"": ""buildability_rationale"", ""claim"": ""Twilio is directly buildable. The official documentation provides public REST APIs, SDKs, CLI support, API-key and Account SID/Auth Token authentication, and a self-service Twilio Console. New users receive a 30-day trial with real API requests and responses, allowing proof-of-concept development before upgrading. No partner, sales, or manual approval gate is required for ordinary API access. Product-specific restrictions still apply, especially during trial and for regulated communications use cases."", ""url"": ""https://www.twilio.com/docs/usage/requests-to-twilio"", ""final_url"": ""https://www.twilio.com/docs/usage/requests-to-twilio"", ""source_kind"": ""official"", ""retrieved_at"": """", ""content_sha256"": """", ""quote"": """", ""supports_claim"": ""yes""}, {""evidence_id"": ""stage03-human-022-buildability_rationale-2"", ""field"": ""buildability_rationale"", ""claim"": ""Twilio is directly buildable. The official documentation provides public REST APIs, SDKs, CLI support, API-key and Account SID/Auth Token authentication, and a self-service Twilio Console. New users receive a 30-day trial with real API requests and responses, allowing proof-of-concept development before upgrading. No partner, sales, or manual approval gate is required for ordinary API access. Product-specific restrictions still apply, especially during trial and for regulated communications use cases."", ""url"": ""https://www.twilio.com/docs/usage/trials"", ""final_url"": ""https://www.twilio.com/docs/usage/trials"", ""source_kind"": ""official"", ""retrieved_at"": """", ""content_sha256"": """", ""quote"": """", ""supports_claim"": ""yes""}, {""evidence_id"": ""stage03-human-022-buildability_rationale-3"", ""field"": ""buildability_rationale"", ""claim"": ""Twilio is directly buildable. The official documentation provides public REST APIs, SDKs, CLI support, API-key and Account SID/Auth Token authentication, and a self-service Twilio Console. New users receive a 30-day trial with real API requests and responses, allowing proof-of-concept development before upgrading. No partner, sales, or manual approval gate is required for ordinary API access. Product-specific restrictions still apply, especially during trial and for regulated communications use cases."", ""url"": ""https://www.twilio.com/docs/iam/api/account"", ""final_url"": ""https://www.twilio.com/docs/iam/api/account"", ""source_kind"": ""official"", ""retrieved_at"": """", ""content_sha256"": """", ""quote"": """", ""supports_claim"": ""yes""}, {""evidence_id"": ""stage03-human-022-primary_blocker-1"", ""field"": ""primary_blocker"", ""claim"": ""trial_and_paid_account_restrictions"", ""url"": ""https://www.twilio.com/docs/usage/trials"", ""final_url"": ""https://www.twilio.com/docs/usage/trials"", ""source_kind"": ""official"", ""retrieved_at"": """", ""content_sha256"": """", ""quote"": """", ""supports_claim"": ""yes""}, {""evidence_id"": ""stage03-human-022-primary_blocker-2"", ""field"": ""primary_blocker"", ""claim"": ""trial_and_paid_account_restrictions"", ""url"": ""https://www.twilio.com/docs/usage/trials/try-out-sms"", ""final_url"": ""https://www.twilio.com/docs/usage/trials/try-out-sms"", ""source_kind"": ""official"", ""retrieved_at"": """", ""content_sha256"": """", ""quote"": """", ""supports_claim"": ""yes""}, {""evidence_id"": ""stage03-human-022-primary_blocker-3"", ""field"": ""primary_blocker"", ""claim"": ""trial_and_paid_account_restrictions"", ""url"": ""https://www.twilio.com/docs/usage/trials/try-out-voice"", ""final_url"": ""https://www.twilio.com/docs/usage/trials/try-out-voice"", ""source_kind"": ""official"", ""retrieved_at"": """", ""content_sha256"": """", ""quote"": """", ""supports_claim"": ""yes""}]",low,needs_verification,"[""missing_field_evidence"", ""quote_not_found"", ""Stage03 correction: Twilio is directly buildable. The official documentation provides public REST APIs, SDKs, CLI support, API-key and Account SID/Auth Token authentication, and a self-service Twilio Console. New users receive a 30-day trial with real API requests and responses, allowing proof-of-concept development before upgrading. No partner, sales, or manual approval gate is required for ordinary API access. Product-specific restrictions still apply, especially during trial and for regulated communications use cases."", ""Stage03 correction: Twilio is directly buildable. The official documentation provides public REST APIs, SDKs, CLI support, API-key and Account SID/Auth Token authentication, and a self-service Twilio Console. New users receive a 30-day trial with real API requests and responses, allowing proof-of-concept development before upgrading. No partner, sales, or manual approval gate is required for ordinary API access. Product-specific restrictions still apply, especially during trial and for regulated communications use cases."", ""Stage03 correction: Twilio does not have a universal integration blocker, but trial accounts have significant operational restrictions. Trials expire after 30 days, are limited to verified recipients, restrict messaging and calls geographically, limit content and product functionality, and use trial phone numbers. Full functionality requires upgrading the account. Product-specific compliance and regulatory requirements can add further constraints, but the broad documented blocker across Twilio is the transition from a restricted trial environment to an upgraded paid account for unrestricted production use.""]",2026-09-16T17:17:45.899032+00:00,stage02-full-fallback-20260916
1.0,23,Zoho Cliq,3. Communications and Messaging,http://zoho.com/cliq,"Zoho Cliq's REST API is built on RESTful architecture principles, enabling seamless communication between your applications and the Zoho Cliq platform. The API leverages standard HTTP protocols, making integration straightforward and intuitive for developers. It supports read-and-write operations similar to those available with the web client, uses JSON objects for responses, and supports multiple data centers with different domain endpoints.","[""oauth2""]",self_serve_paid,yes,"[""rest""]","The API supports user and organization management, communication and collaboration features including chats, messages, threads, channels, scheduled messages, reminders, message components, meetings and events, remote work features, bots, databases, file and data management, and customization options such as custom domains, email, and themes.",unknown,unknown,unknown,unknown,unknown,"[{""evidence_id"": ""e1"", ""field"": ""description"", ""claim"": ""Zoho Cliq's REST API is built on RESTful architecture principles, enabling seamless communication between your applications and the Zoho Cliq platform. The API leverages standard HTTP protocols, making integration straightforward and intuitive for developers. It supports read-and-write operations similar to those available with the web client, uses JSON objects for responses, and supports multiple data centers with different domain endpoints."", ""url"": ""https://www.zoho.com/cliq/help/restapi/v2/"", ""final_url"": ""https://www.zoho.com/cliq/help/restapi/v2/introduction/#overview"", ""source_kind"": ""official"", ""retrieved_at"": ""2026-09-16T17:17:30.243925+00:00"", ""content_sha256"": ""57dfa524c5ca0ff34b3412b756e6c4633dd2e2749d96a81684589bfa148fcc7c"", ""quote"": ""Zoho Cliq's REST API is built on RESTful architecture principles, enabling seamless communication between your applications and the Zoho Cliq platform. Our API leverages standard HTTP protocols, making integration straightforward and intuitive for developers. API Root Endpoint The Zoho Cliq API is based on REST principles. It enables you to perform read-and-write operations similar to those available with our web client. The relative path prefix /v2/ indicates that we currently use version 2 of our API. This API adheres to HTTP standards, identifies Cliq users through OAuth, and responds to JSON objects. Each resource URL serves as a unique identifier, and you can access the URL for each resource by navigating to the API Root Endpoint. Download Zoho Cliq OpenAPI Document Download API Root Endpoint Click to copy https://cliq.zoho.com/api/v2 Authentication Zoho Cliq API uses the OAuth 2.0 protocol for authentication. OAuth 2.0 is an industry-standard protocol specification that enables third-party applications (also known as clients) to gain delegated access to protected resources in Zoho Cliq via an API."", ""supports_claim"": ""yes""}, {""evidence_id"": ""e2"", ""field"": ""auth_methods"", ""claim"": ""oauth2"", ""url"": ""https://www.zoho.com/cliq/help/restapi/v2/"", ""final_url"": ""https://www.zoho.com/cliq/help/restapi/v2/introduction/#overview"", ""source_kind"": ""official"", ""retrieved_at"": ""2026-09-16T17:17:30.243925+00:00"", ""content_sha256"": ""57dfa524c5ca0ff34b3412b756e6c4633dd2e2749d96a81684589bfa148fcc7c"", ""quote"": ""Zoho Cliq API uses the OAuth 2.0 protocol for authentication. OAuth 2.0 is an industry-standard protocol specification that enables third-party applications (also known as clients) to gain delegated access to protected resources in Zoho Cliq via an API."", ""supports_claim"": ""yes""}, {""evidence_id"": ""e3"", ""field"": ""access_model"", ""claim"": ""self_serve_paid"", ""url"": ""https://www.zoho.com/cliq/help/restapi/v2/"", ""final_url"": ""https://www.zoho.com/cliq/help/restapi/v2/introduction/#overview"", ""source_kind"": ""official"", ""retrieved_at"": ""2026-09-16T17:17:30.243925+00:00"", ""content_sha256"": ""57dfa524c5ca0ff34b3412b756e6c4633dd2e2749d96a81684589bfa148fcc7c"", ""quote"": ""Zoho Cliq's REST API is built on RESTful architecture principles, enabling seamless communication between your applications and the Zoho Cliq platform. Our API leverages standard HTTP protocols, making integration straightforward and intuitive for developers."", ""supports_claim"": ""yes""}, {""evidence_id"": ""e4"", ""field"": ""api_available"", ""claim"": ""yes"", ""url"": ""https://www.zoho.com/cliq/help/restapi/v2/"", ""final_url"": ""https://www.zoho.com/cliq/help/restapi/v2/introduction/#overview"", ""source_kind"": ""official"", ""retrieved_at"": ""2026-09-16T17:17:30.243925+00:00"", ""content_sha256"": ""57dfa524c5ca0ff34b3412b756e6c4633dd2e2749d96a81684589bfa148fcc7c"", ""quote"": ""Zoho Cliq's REST API is built on RESTful architecture principles, enabling seamless communication between your applications and the Zoho Cliq platform. Our API leverages standard HTTP protocols, making integration straightforward and intuitive for developers."", ""supports_claim"": ""yes""}, {""evidence_id"": ""e5"", ""field"": ""api_types"", ""claim"": ""rest"", ""url"": ""https://www.zoho.com/cliq/help/restapi/v2/"", ""final_url"": ""https://www.zoho.com/cliq/help/restapi/v2/introduction/#overview"", ""source_kind"": ""official"", ""retrieved_at"": ""2026-09-16T17:17:30.243925+00:00"", ""content_sha256"": ""57dfa524c5ca0ff34b3412b756e6c4633dd2e2749d96a81684589bfa148fcc7c"", ""quote"": ""Zoho Cliq's REST API is built on RESTful architecture principles, enabling seamless communication between your applications and the Zoho Cliq platform. Our API leverages standard HTTP protocols, making integration straightforward and intuitive for developers."", ""supports_claim"": ""yes""}, {""evidence_id"": ""e6"", ""field"": ""api_breadth"", ""claim"": ""The API supports user and organization management, communication and collaboration features including chats, messages, threads, channels, scheduled messages, reminders, message components, meetings and events, remote work features, bots, databases, file and data management, and customization options such as custom domains, email, and themes."", ""url"": ""https://www.zoho.com/cliq/help/restapi/v2/"", ""final_url"": ""https://www.zoho.com/cliq/help/restapi/v2/introduction/#overview"", ""source_kind"": ""official"", ""retrieved_at"": ""2026-09-16T17:17:30.243925+00:00"", ""content_sha256"": ""57dfa524c5ca0ff34b3412b756e6c4633dd2e2749d96a81684589bfa148fcc7c"", ""quote"": ""User & Organization Management Users Overview Add Users Retrieve all users Update user details Retrieve a particular user Fetch list of user teams List user field layouts User Status Overview Add a new status Retrieve all statuses Add a transient status Delete transient status Retrieve current status Retrieve a user's status Update current status Delete status Userfields Overview Add a userfield Get all userfields Update a userfield Retrieve a particular userfield Delete a userfield Roles Overview Create a Role Get Roles Edit a Role Retrieve role details Delete a Role Update permissions of a role Get permissions of a role Add users to a role Get users in a role Delete users from a role Departments Overview Create a Department List all Departments Update Department Get Department Details Delete Department Add Department Members Get Department Members Delete Department Members Designations Overview Create a Designation Get Designation Details Update Designation Get Designation Details Delete Department Add Designation Members Get Designation Members Delete Designation Members Teams Overview Create a Team List all Teams Update a Team Retrieve a Team Delete a Team Add Team Members Get Team Members Delete Team Members Communication & Collaboration Chats Overview Retrieve all direct chats Retrieve the members of a chat Mute a chat Unmute a chat Pin a message Retrieve a pinned message Unpin a message Leave a group chat Messages Overview Get Messages Post message in a channel with CHANNEL_UNIQUE_NAME Post message in a channel with CHANNEL_ID Post message to a channel as bot Post message to a bot Post message in chat Post message to a user with EMAIL_ID Post message to a user with ZUID Edit a message Retrieve a message Delete a message Add a reaction Get Reactions Delete a reaction Threads Overview Create and send a thread message Send a message to an existing thread Get threads of a channel Auto follow Add followers to a thread Get thread followers Remove followers from a thread Get non-followers of a thread Join (follow) a thread Leave (unfollow) a thread Update the state of a thread Get main message of a thread Channels Overview Create a channel List all channels Update a channel Retrieve a channel Delete a channel Add Channel Members Get Channel Members Delete Channel Members Add a Bot to a Channel Update a Channel members role Approve a Channel Reject a Channel Join a Channel Leave a Channel Archive a Channel Unarchive a Channel Scheduled Messages Overview Send a scheduled message Get the list of scheduled messages Update a scheduled message Reminders Overview Create a reminder Get list of all reminders Update a reminder Retrieve a reminder Delete a reminder Delete Reminders Delete completed reminders Mark a reminder as complete Mark a reminder as incomplete Snooze a reminder Dismiss a snoozed reminder Assign users to a reminder Unassign a user from a reminder Remind assignee Remind assignees Message Components Message Content Overview Plain text Table List Label Image Charts Graphs Mentions Overview Mentioning a User Silent mentions Mentioning a Channel Mentioning all users in a channel Mentioning available users in a Channel Mentioning a Team Buttons Overview Message card buttons Confirmation popup Instant buttons Message Cards Overview Post a Message Card to a Channel Post a Message Card to a User Post a Message Card to a Chat Meetings & Events Calls & Meetings Overview History Get Participants Events Overview Get Calendars Create an Event Get Events Edit an Event Get Event Details Delete an Event Update an Event Status Upload Attachments to Event Calendar Remote Work Remote Work Overview Get remote status Trigger Remote Check in Trigger Remote Check out Developer Platform Bots Overview Retrieve Bot Subscribers Trigger Bot Calls Icons Databases Overview Add a record List records Update a record Retrieve a record Delete a record Widget Map Tickers Overview Add/Update a ticker Delete a ticker File and Data Management Files Overview Get Files Share files to a channel Share files to a bot Share files in a chat Share files to a user Maintenance - Bulk Export Overview Export Conversations Export Channels Export Members in a Conversation Export Messages Customization Custom Domain Overview Add a custom domain Verify a custom domain Retrieve a custom domain Delete a custom domain Custom Email Overview Update mail configuration Retrieve global mail configuration Reset mail configuration Custom Themes Overview Create custom theme Get all themes Update custom theme Get specific theme Delete custom theme"", ""supports_claim"": ""yes""}]",low,needs_verification,"[""missing_field_evidence"", ""quote_not_found""]",2026-09-16T17:17:52.342764+00:00,stage02-full-fallback-20260916
1.0,24,Lark (Larksuite),3. Communications and Messaging,http://open.larksuite.com/,unknown,"[""unknown""]",unknown,unknown,"[""unknown""]",unknown,unknown,unknown,unknown,unknown,unknown,[],low,needs_verification,"[""low_confidence"", ""no_usable_official_source""]",2026-09-16T17:17:46.790835+00:00,stage02-full-fallback-20260916
1.0,25,Pumble,3. Communications and Messaging,http://pumble.com/,unknown,"[""unknown""]",unknown,unknown,"[""rest""]",unknown,unknown,unknown,unknown,unknown,unknown,"[{""evidence_id"": ""e5"", ""field"": ""api_types"", ""claim"": ""rest"", ""url"": ""https://pumble.com/help/integrations/automation-workflow-integrations/api-keys-integration/"", ""final_url"": ""https://pumble.com/help/integrations/automation-workflow-integrations/api-keys-integration/"", ""source_kind"": ""official"", ""retrieved_at"": ""2026-09-16T17:17:45.915875+00:00"", ""content_sha256"": ""58c537feac7bcabd36c72ae71c5c38ca8bb114c38757c270037667effcf7e39c"", ""quote"": ""This addon lets you generate an API key that allows you to send messages, reactions, and more via simple HTTP requests."", ""supports_claim"": ""yes""}]",low,needs_verification,"[""missing_field_evidence"", ""negative_without_explicit_evidence"", ""quote_not_found""]",2026-09-16T17:18:06.558307+00:00,stage02-full-fallback-20260916
1.0,26,Discord,3. Communications and Messaging,http://discord.com/,"Discord provides OAuth2 authentication flows including authorization code grant, implicit grant, client credentials, and special Discord flows for Bots and Webhooks. It supports various OAuth2 scopes for accessing user data and bot functionalities.","[""oauth2"", ""basic""]",self_serve_free,yes,"[""rest""]",unknown,official,unknown,unknown,unknown,unknown,"[{""evidence_id"": ""e1"", ""field"": ""description"", ""claim"": ""Discord provides OAuth2 authentication flows including authorization code grant, implicit grant, client credentials, and special Discord flows for Bots and Webhooks. It supports various OAuth2 scopes for accessing user data and bot functionalities."", ""url"": ""https://docs.discord.com/developers/topics/oauth2"", ""final_url"": ""https://docs.discord.com/developers/topics/oauth2"", ""source_kind"": ""official"", ""retrieved_at"": ""2026-09-16T17:17:46.806704+00:00"", ""content_sha256"": ""34f3c66b77630ef7effe1cb39b426cdf006e3dcfc6d67bd79c1cd0721ce84516"", ""quote"": ""OAuth2 enables application developers to build applications that utilize authentication and data from the Discord API. Within Discord, there are multiple types of OAuth2 authentication. We support the authorization code grant, the implicit grant, client credentials, and some modified special-for-Discord flows for Bots and Webhooks."", ""supports_claim"": ""yes""}, {""evidence_id"": ""e2"", ""field"": ""auth_methods"", ""claim"": ""oauth2"", ""url"": ""https://docs.discord.com/developers/topics/oauth2"", ""final_url"": ""https://docs.discord.com/developers/topics/oauth2"", ""source_kind"": ""official"", ""retrieved_at"": ""2026-09-16T17:17:46.806704+00:00"", ""content_sha256"": ""34f3c66b77630ef7effe1cb39b426cdf006e3dcfc6d67bd79c1cd0721ce84516"", ""quote"": ""OAuth2 enables application developers to build applications that utilize authentication and data from the Discord API."", ""supports_claim"": ""yes""}, {""evidence_id"": ""e3"", ""field"": ""auth_methods"", ""claim"": ""basic"", ""url"": ""https://docs.discord.com/developers/topics/oauth2"", ""final_url"": ""https://docs.discord.com/developers/topics/oauth2"", ""source_kind"": ""official"", ""retrieved_at"": ""2026-09-16T17:17:46.806704+00:00"", ""content_sha256"": ""34f3c66b77630ef7effe1cb39b426cdf006e3dcfc6d67bd79c1cd0721ce84516"", ""quote"": ""All calls to the OAuth2 endpoints require either HTTP Basic authentication or client_id and client_secret supplied in the form data body."", ""supports_claim"": ""yes""}, {""evidence_id"": ""e4"", ""field"": ""access_model"", ""claim"": ""self_serve_free"", ""url"": ""https://docs.discord.com/developers/topics/oauth2"", ""final_url"": ""https://docs.discord.com/developers/topics/oauth2"", ""source_kind"": ""official"", ""retrieved_at"": ""2026-09-16T17:17:46.806704+00:00"", ""content_sha256"": ""34f3c66b77630ef7effe1cb39b426cdf006e3dcfc6d67bd79c1cd0721ce84516"", ""quote"": ""The first step in implementing OAuth2 is registering a developer application and retrieving your client ID and client secret."", ""supports_claim"": ""yes""}, {""evidence_id"": ""e5"", ""field"": ""api_available"", ""claim"": ""yes"", ""url"": ""https://docs.discord.com/developers/topics/oauth2"", ""final_url"": ""https://docs.discord.com/developers/topics/oauth2"", ""source_kind"": ""official"", ""retrieved_at"": ""2026-09-16T17:17:46.806704+00:00"", ""content_sha256"": ""34f3c66b77630ef7effe1cb39b426cdf006e3dcfc6d67bd79c1cd0721ce84516"", ""quote"": ""OAuth2 enables application developers to build applications that utilize authentication and data from the Discord API."", ""supports_claim"": ""yes""}, {""evidence_id"": ""e6"", ""field"": ""api_types"", ""claim"": ""rest"", ""url"": ""https://docs.discord.com/developers/topics/oauth2"", ""final_url"": ""https://docs.discord.com/developers/topics/oauth2"", ""source_kind"": ""official"", ""retrieved_at"": ""2026-09-16T17:17:46.806704+00:00"", ""content_sha256"": ""34f3c66b77630ef7effe1cb39b426cdf006e3dcfc6d67bd79c1cd0721ce84516"", ""quote"": ""Authorization URL Example https://discord.com/oauth2/authorize?response_type=code&client_id=157730590492196864&scope=identify%20guilds.join&state=15773059ghq9183habn&redirect_uri=https%3A%2F%2Fnicememe.website&prompt=consent&integration_type=0"", ""supports_claim"": ""yes""}, {""evidence_id"": ""e8"", ""field"": ""mcp_available"", ""claim"": ""official"", ""url"": ""https://docs.discord.com/developers/topics/oauth2"", ""final_url"": ""https://docs.discord.com/developers/topics/oauth2"", ""source_kind"": ""official"", ""retrieved_at"": ""2026-09-16T17:17:46.806704+00:00"", ""content_sha256"": ""34f3c66b77630ef7effe1cb39b426cdf006e3dcfc6d67bd79c1cd0721ce84516"", ""quote"": ""Developer Portal Developer Portal Search... Navigation API Reference OAuth2 Home Bots & Companion Apps Social SDK Activities Guides Change Log Reference Developer Portal API & SDK Reference Developer Community API Reference"", ""supports_claim"": ""yes""}]",low,needs_verification,"[""missing_field_evidence"", ""quote_not_found""]",2026-09-16T17:18:05.068526+00:00,stage02-full-fallback-20260916
1.0,27,Telegram,3. Communications and Messaging,http://core.telegram.org/,unknown,"[""unknown""]",unknown,yes,"[""rest""]",unknown,unknown,unknown,unknown,unknown,unknown,"[{""evidence_id"": ""e4"", ""field"": ""api_available"", ""claim"": ""The Telegram Bot API is available and documented at https://core.telegram.org/bots/api"", ""url"": ""https://core.telegram.org/bots/api"", ""final_url"": ""https://core.telegram.org/bots/api"", ""source_kind"": ""official"", ""retrieved_at"": ""2026-09-16T17:17:52.359837+00:00"", ""content_sha256"": ""5a18a7b049f8be4509bf79cf8bd1b8f8cca41c840b54ecc97c04d6c588908ce9"", ""quote"": ""Telegram Bot API The Bot API is an HTTP-based interface created for developers keen on building bots for Telegram."", ""supports_claim"": ""yes""}, {""evidence_id"": ""e5"", ""field"": ""api_types"", ""claim"": ""The Telegram Bot API is an HTTP-based RESTful API supporting GET and POST methods with parameters passed via URL query string, application/x-www-form-urlencoded, application/json, or multipart/form-data for file uploads."", ""url"": ""https://core.telegram.org/bots/api"", ""final_url"": ""https://core.telegram.org/bots/api"", ""source_kind"": ""official"", ""retrieved_at"": ""2026-09-16T17:17:52.359837+00:00"", ""content_sha256"": ""5a18a7b049f8be4509bf79cf8bd1b8f8cca41c840b54ecc97c04d6c588908ce9"", ""quote"": ""We support GET and POST HTTP methods. We support four ways of passing parameters in Bot API requests: URL query string application/x-www-form-urlencoded application/json (except for uploading files) multipart/form-data (use to upload files)"", ""supports_claim"": ""yes""}]",low,needs_verification,"[""missing_field_evidence"", ""negative_without_explicit_evidence"", ""quote_not_found"", ""raw_identity_mismatch"", ""unclear_claim_support""]",2026-09-16T17:18:10.893469+00:00,stage02-full-fallback-20260916
1.0,28,WhatsApp Business,3. Communications and Messaging,http://developers.facebook.com/docs/whatsapp,unknown,"[""unknown""]",self_serve_free,unknown,"[""rest""]","The API supports sending and receiving messages, managing WhatsApp Business accounts, webhook setup for message status notifications, group creation and management, and calling features.",unknown,unknown,unknown,unknown,unknown,"[{""evidence_id"": ""e3"", ""field"": ""access_model"", ""claim"": ""self_serve_free"", ""url"": ""https://developers.facebook.com/documentation/business-messaging/whatsapp/get-started"", ""final_url"": ""https://developers.facebook.com/documentation/business-messaging/whatsapp/get-started"", ""source_kind"": ""official"", ""retrieved_at"": ""2026-09-16T17:18:05.090149+00:00"", ""content_sha256"": ""c598a0a3889b1058b991da3a7e50513b1d7cbdb93ec5bb277d02c0558a6be746"", ""quote"": ""This guide helps developers quickly get started with the WhatsApp Cloud API. It covers the basic setup steps, including registering as a developer, creating a Meta app, sending your first message, and setting up a test webhook endpoint."", ""supports_claim"": ""yes""}, {""evidence_id"": ""e5"", ""field"": ""api_types"", ""claim"": ""rest"", ""url"": ""https://developers.facebook.com/documentation/business-messaging/whatsapp/get-started"", ""final_url"": ""https://developers.facebook.com/documentation/business-messaging/whatsapp/get-started"", ""source_kind"": ""official"", ""retrieved_at"": ""2026-09-16T17:18:05.090149+00:00"", ""content_sha256"": ""c598a0a3889b1058b991da3a7e50513b1d7cbdb93ec5bb277d02c0558a6be746"", ""quote"": ""curl 'https://graph.facebook.com/v23.0/<TEST_BUSINESS_PHONE_NUMBER_ID>/messages' \\ -H 'Content-Type: application/json' \\ -H 'Authorization: Bearer <SYSTEM_USER_ACCESS_TOKEN>' \\ -d ' { \""messaging_product\"": \""whatsapp\"", \""recipient_type\"": \""individual\"", \""to\"": \""<WHATSAPP_USER_PHONE_NUMBER>\"", \""type\"": \""text\"", \""text\"": { \""body\"": \""Hello!\"" } }' "", ""supports_claim"": ""yes""}, {""evidence_id"": ""e6"", ""field"": ""api_breadth"", ""claim"": ""The API supports sending and receiving messages, managing WhatsApp Business accounts, webhook setup for message status notifications, group creation and management, and calling features."", ""url"": ""https://developers.facebook.com/documentation/business-messaging/whatsapp/get-started"", ""final_url"": ""https://developers.facebook.com/documentation/business-messaging/whatsapp/get-started"", ""source_kind"": ""official"", ""retrieved_at"": ""2026-09-16T17:18:05.090149+00:00"", ""content_sha256"": ""c598a0a3889b1058b991da3a7e50513b1d7cbdb93ec5bb277d02c0558a6be746"", ""quote"": ""Beyond these basics, the API offers additional features such as group creation and management, as well as support for calling."", ""supports_claim"": ""yes""}]",low,needs_verification,"[""missing_field_evidence"", ""quote_not_found""]",2026-09-16T17:18:25.740078+00:00,stage02-full-fallback-20260916
1.0,29,Aircall,3. Communications and Messaging,http://aircall.io/,"Aircall is a next-gen business phone system providing a Public REST API that allows developers to retrieve and manage Aircall data with HTTP requests. It supports features such as user management, calls, campaigns, contacts, messages, webhooks, analytics, and integrations. The API is accessible over HTTPS and supports OAuth 2.0 and Basic Auth authentication methods.","[""oauth2"", ""basic""]",admin_approval,yes,"[""rest""]",unknown,unknown,unknown,unknown,unknown,unknown,"[{""evidence_id"": ""e1"", ""field"": ""description"", ""claim"": ""Aircall is a next-gen business phone system providing a Public REST API that allows developers to retrieve and manage Aircall data with HTTP requests. It supports features such as user management, calls, campaigns, contacts, messages, webhooks, analytics, and integrations. The API is accessible over HTTPS and supports OAuth 2.0 and Basic Auth authentication methods."", ""url"": ""https://developers.aircall.io/api-references"", ""final_url"": ""https://developers.aircall.io/api-references"", ""source_kind"": ""official"", ""retrieved_at"": ""2026-09-16T17:18:06.579065+00:00"", ""content_sha256"": ""18a38631688ec194d9362f64376dff4582ccd5a31ee09de44af4418786f6bd06"", ""quote"": ""Aircall Public API is a classic REST API. It can be used with any programming languages and offers a fast, reliable and secure access to an Aircall account information. The root endpoint of Aircall Public API is https://api.aircall.io/v1 . Please note that only HTTPS requests are valid as requests will communicate over SSL connection."", ""supports_claim"": ""yes""}, {""evidence_id"": ""e2"", ""field"": ""auth_methods"", ""claim"": ""Authentication can be done through OAuth or Basic Auth."", ""url"": ""https://developers.aircall.io/api-references"", ""final_url"": ""https://developers.aircall.io/api-references"", ""source_kind"": ""official"", ""retrieved_at"": ""2026-09-16T17:18:06.579065+00:00"", ""content_sha256"": ""18a38631688ec194d9362f64376dff4582ccd5a31ee09de44af4418786f6bd06"", ""quote"": ""Authentication Introduction With Aircall Public API, Authentication can be done through OAuth or Basic Auth."", ""supports_claim"": ""yes""}, {""evidence_id"": ""e4"", ""field"": ""api_available"", ""claim"": ""Aircall Public API is a classic REST API accessible over HTTPS."", ""url"": ""https://developers.aircall.io/api-references"", ""final_url"": ""https://developers.aircall.io/api-references"", ""source_kind"": ""official"", ""retrieved_at"": ""2026-09-16T17:18:06.579065+00:00"", ""content_sha256"": ""18a38631688ec194d9362f64376dff4582ccd5a31ee09de44af4418786f6bd06"", ""quote"": ""Aircall Public API is a classic REST API. It can be used with any programming languages and offers a fast, reliable and secure access to an Aircall account information."", ""supports_claim"": ""yes""}, {""evidence_id"": ""e5"", ""field"": ""api_types"", ""claim"": ""The API is a REST API."", ""url"": ""https://developers.aircall.io/api-references"", ""final_url"": ""https://developers.aircall.io/api-references"", ""source_kind"": ""official"", ""retrieved_at"": ""2026-09-16T17:18:06.579065+00:00"", ""content_sha256"": ""18a38631688ec194d9362f64376dff4582ccd5a31ee09de44af4418786f6bd06"", ""quote"": ""Aircall Public API is a classic REST API."", ""supports_claim"": ""yes""}, {""evidence_id"": ""stage03-human-029-access_model"", ""field"": ""access_model"", ""claim"": ""admin_approval"", ""url"": ""https://developers.aircall.io/api-references"", ""final_url"": ""https://developers.aircall.io/api-references"", ""source_kind"": ""official"", ""retrieved_at"": """", ""content_sha256"": """", ""quote"": """", ""supports_claim"": ""yes""}]",low,needs_verification,"[""missing_field_evidence"", ""quote_not_found"", ""Stage03 correction: Aircall API access is permission-gated at the company level. Integrations can only be enabled or installed by an Aircall Admin. Existing Aircall customers can create Basic Auth credentials for their own company from Company Settings > API Keys. For public or multi-company integrations, Aircall requires OAuth, and developers must obtain client_id and client_secret from Aircall after submitting the partner/OAuth setup form. Marketplace listing also requires OAuth. The inspected source does not establish a universal paid-plan gate for ordinary API access, so admin_approval is the best overall access-model classification, with additional partner approval/provisioning for public integrations.""]",2026-09-16T17:18:25.405208+00:00,stage02-full-fallback-20260916
1.0,30,Vonage,3. Communications and Messaging,http://developer.vonage.com/,unknown,"[""unknown""]",self_serve_paid,unknown,"[""unknown""]",unknown,unknown,unknown,unknown,unknown,unknown,"[{""evidence_id"": ""e3"", ""field"": ""access_model"", ""claim"": ""Vonage APIs are accessible via self-serve paid model as users create accounts and obtain API keys and secrets from the dashboard."", ""url"": ""https://developer.vonage.com/en/getting-started/concepts/authentication"", ""final_url"": ""https://developer.vonage.com/en/getting-started/concepts/authentication"", ""source_kind"": ""official"", ""retrieved_at"": ""2026-09-16T17:18:10.910460+00:00"", ""content_sha256"": ""cc6ef7ca9389a62e7a1af033f130367e6451177f2592d3a5df8f0bb9cfb09002"", ""quote"": ""When you create a Vonage account, an API key and secret will be created for you. These are located in your account settings in the Vonage Dashboard."", ""supports_claim"": ""yes""}]",low,needs_verification,"[""missing_field_evidence"", ""mixed_unknown_enum"", ""quote_not_found""]",2026-09-16T17:18:24.341537+00:00,stage02-full-fallback-20260916
1.0,31,Google Ads,"4. Marketing, Ads, Email and Social",http://developers.google.com/google-ads,"The Google Ads API is a programmatic interface for managing Google Ads accounts and campaigns, suitable for large or complex setups. Typical uses include automated account management, custom reporting, ad management based on inventory, and Smart Bidding strategy management. It is recommended for developers comfortable with writing code and managing their own software infrastructure.","[""unknown""]",self_serve_paid,yes,"[""rest""]","The API supports managing accounts from the customer level down to the keyword level, including account management, reporting, ad management, bidding strategies, campaign creation, asset management, and more.",official,unknown,unknown,unknown,unknown,"[{""evidence_id"": ""e1"", ""field"": ""description"", ""claim"": ""The Google Ads API is a programmatic interface for managing Google Ads accounts and campaigns, suitable for large or complex setups. Typical uses include automated account management, custom reporting, ad management based on inventory, and Smart Bidding strategy management. It is recommended for developers comfortable with writing code and managing their own software infrastructure."", ""url"": ""https://developers.google.com/google-ads/api/docs/get-started/introduction"", ""final_url"": ""https://developers.google.com/google-ads/api/docs/get-started/introduction"", ""source_kind"": ""official"", ""retrieved_at"": ""2026-09-16T17:18:24.358252+00:00"", ""content_sha256"": ""bc9ed31fd1d776dab71ea68c79aca75cec20cb1d70db89bb9c6aeb24e4909af1"", ""quote"": ""The Google Ads API is a programmatic interface for managing Google Ads accounts and campaigns, suitable for large or complex setups. Typical uses of the Google Ads API include automated account management, custom reporting, ad management based on inventory, and Smart Bidding strategy management. The Google Ads API is recommended for developers comfortable with writing code and managing their own software infrastructure."", ""supports_claim"": ""yes""}, {""evidence_id"": ""e3"", ""field"": ""access_model"", ""claim"": ""The Google Ads API is self-serve paid access, requiring a Google Cloud project with OAuth credentials and API access levels managed in Google Cloud Console."", ""url"": ""https://developers.google.com/google-ads/api/docs/api-policy/developer-token"", ""final_url"": ""https://developers.google.com/google-ads/api/docs/api-policy/developer-token"", ""source_kind"": ""official"", ""retrieved_at"": ""2026-09-16T17:18:25.705648+00:00"", ""content_sha256"": ""41bd00007a2bb4cf7c0495232fce70e3d90ed008dde5484476f7bd1c8994c042"", ""quote"": ""API access levels are associated with Google Cloud projects We sunset developer tokens on September 9, 2026. Your current and active developer token access level has been automatically transferred to your Google Cloud projects based on recent API activity. You can continue sending developer tokens in your API call headers, but this is optional and ignored by the API servers. Your existing code will continue working without any changes. Your API access levels are now determined by the Google Cloud project you used to generate your OAuth credentials. If your app uses the user authentication workflow , then this is the project that owns your OAuth client ID and secret. If you use the service account workflow , then this is the project that owns your service account."", ""supports_claim"": ""yes""}, {""evidence_id"": ""e4"", ""field"": ""api_available"", ""claim"": ""The Google Ads API is available and supports REST API calls."", ""url"": ""https://developers.google.com/google-ads/api/docs/get-started/introduction"", ""final_url"": ""https://developers.google.com/google-ads/api/docs/get-started/introduction"", ""source_kind"": ""official"", ""retrieved_at"": ""2026-09-16T17:18:24.358252+00:00"", ""content_sha256"": ""bc9ed31fd1d776dab71ea68c79aca75cec20cb1d70db89bb9c6aeb24e4909af1"", ""quote"": ""REST API Introduction Authorization with rest SearchStream & search Best practices Retrieving information efficiently Mutating information efficiently Advanced information retrieval"", ""supports_claim"": ""yes""}, {""evidence_id"": ""e5"", ""field"": ""api_types"", ""claim"": ""The API supports REST calls."", ""url"": ""https://developers.google.com/google-ads/api/docs/get-started/introduction"", ""final_url"": ""https://developers.google.com/google-ads/api/docs/get-started/introduction"", ""source_kind"": ""official"", ""retrieved_at"": ""2026-09-16T17:18:24.358252+00:00"", ""content_sha256"": ""bc9ed31fd1d776dab71ea68c79aca75cec20cb1d70db89bb9c6aeb24e4909af1"", ""quote"": ""REST API Introduction Authorization with rest SearchStream & search Best practices Retrieving information efficiently Mutating information efficiently Advanced information retrieval"", ""supports_claim"": ""yes""}, {""evidence_id"": ""e6"", ""field"": ""api_breadth"", ""claim"": ""The API supports managing accounts from the customer level down to the keyword level, including account management, reporting, ad management, bidding strategies, campaign creation, asset management, and more."", ""url"": ""https://developers.google.com/google-ads/api/docs/get-started/introduction"", ""final_url"": ""https://developers.google.com/google-ads/api/docs/get-started/introduction"", ""source_kind"": ""official"", ""retrieved_at"": ""2026-09-16T17:18:24.358252+00:00"", ""content_sha256"": ""bc9ed31fd1d776dab71ea68c79aca75cec20cb1d70db89bb9c6aeb24e4909af1"", ""quote"": ""You can build software that manages accounts from the customer level down to the keyword level. Some typical use cases include: Automated account management Custom reporting Ad management based on inventory Smart Bidding strategy management"", ""supports_claim"": ""yes""}, {""evidence_id"": ""e7"", ""field"": ""mcp_available"", ""claim"": ""Google provides an official Google Ads MCP server and developer assistant tools to facilitate API usage and management."", ""url"": ""https://developers.google.com/google-ads/api/docs/get-started/introduction"", ""final_url"": ""https://developers.google.com/google-ads/api/docs/get-started/introduction"", ""source_kind"": ""official"", ""retrieved_at"": ""2026-09-16T17:18:24.358252+00:00"", ""content_sha256"": ""bc9ed31fd1d776dab71ea68c79aca75cec20cb1d70db89bb9c6aeb24e4909af1"", ""quote"": ""Google Ads MCP server Google Ads API agent skills Google Ads API Explorer Google Ads Query Builder Google Ads Query Validator Authentication and authorization Overview"", ""supports_claim"": ""yes""}]",low,needs_verification,"[""missing_field_evidence"", ""quote_not_found""]",2026-09-16T17:18:55.853301+00:00,stage02-full-fallback-20260916
1.0,32,Meta Ads,"4. Marketing, Ads, Email and Social",http://developers.facebook.com/docs/marketing-apis,unknown,"[""unknown""]",unknown,yes,"[""rest""]",unknown,unknown,unknown,unknown,unknown,unknown,"[{""evidence_id"": ""stage03-human-032-api_available-1"", ""field"": ""api_available"", ""claim"": ""yes"", ""url"": ""https://developers.facebook.com/documentation/ads-commerce/marketing-api"", ""final_url"": ""https://developers.facebook.com/documentation/ads-commerce/marketing-api"", ""source_kind"": ""official"", ""retrieved_at"": """", ""content_sha256"": """", ""quote"": """", ""supports_claim"": ""yes""}, {""evidence_id"": ""stage03-human-032-api_available-2"", ""field"": ""api_available"", ""claim"": ""yes"", ""url"": ""https://developers.facebook.com/documentation/ads-commerce/marketing-api/overview"", ""final_url"": ""https://developers.facebook.com/documentation/ads-commerce/marketing-api/overview"", ""source_kind"": ""official"", ""retrieved_at"": """", ""content_sha256"": """", ""quote"": """", ""supports_claim"": ""yes""}, {""evidence_id"": ""stage03-human-032-api_types-1"", ""field"": ""api_types"", ""claim"": ""[\""rest\""]"", ""url"": ""https://developers.facebook.com/documentation/ads-commerce/marketing-api"", ""final_url"": ""https://developers.facebook.com/documentation/ads-commerce/marketing-api"", ""source_kind"": ""official"", ""retrieved_at"": """", ""content_sha256"": """", ""quote"": """", ""supports_claim"": ""yes""}, {""evidence_id"": ""stage03-human-032-api_types-2"", ""field"": ""api_types"", ""claim"": ""[\""rest\""]"", ""url"": ""https://developers.facebook.com/documentation/ads-commerce/marketing-api/overview/rate-limiting"", ""final_url"": ""https://developers.facebook.com/documentation/ads-commerce/marketing-api/overview/rate-limiting"", ""source_kind"": ""official"", ""retrieved_at"": """", ""content_sha256"": """", ""quote"": """", ""supports_claim"": ""yes""}]",low,needs_verification,"[""missing_field_evidence"", ""quote_not_found"", ""raw_identity_mismatch"", ""Stage03 correction: Meta explicitly documents the Marketing API as a developer API for automating advertising across Meta technologies. It supports programmatic creation and management of campaigns, ad sets, ads and creatives, as well as performance analysis and insights. This directly establishes that Meta exposes an inbound developer API for advertising integrations."", ""Stage03 correction: The Marketing API is implemented through Meta Graph API endpoints, but \""Graph API\"" is a product/API family name and does not mean GraphQL. The official documentation shows HTTP resource endpoints using methods such as GET and POST, including endpoints like POST /{ad-account-id}/ads, POST /{ad-account-id}/adsets, and POST /{ad-account-id}/campaigns. Under the assessment's protocol classification, this supports REST-style HTTP API access. The inspected sources do not establish GraphQL, so graphql should not be added.""]",2026-09-16T17:19:01.488186+00:00,stage02-full-fallback-20260916
1.0,33,LinkedIn Ads,"4. Marketing, Ads, Email and Social",http://learn.microsoft.com/linkedin/marketing,unknown,"[""unknown""]",unknown,unknown,"[""unknown""]",unknown,unknown,LinkedIn provides official Marketing API programs with tiered access (Development and Standard) and requires application and approval for access. Some APIs are open to all approved developers; others require additional qualification.,unknown,unknown,unknown,"[{""evidence_id"": ""e8"", ""field"": ""mcp_notes"", ""claim"": ""LinkedIn provides official Marketing API programs with tiered access (Development and Standard) and requires application and approval for access. Some APIs are open to all approved developers; others require additional qualification."", ""url"": ""https://learn.microsoft.com/en-us/linkedin/marketing/increasing-access?view=li-lms-2026-09"", ""final_url"": ""https://learn.microsoft.com/en-us/linkedin/marketing/increasing-access?view=li-lms-2026-09"", ""source_kind"": ""official"", ""retrieved_at"": ""2026-09-16T17:18:25.757970+00:00"", ""content_sha256"": ""13bef9bf100a07c6190e2a7466f6d7578998f16b731999a2cc95b571785d52ab"", ""quote"": ""The Advertising API and Community Management API each have two access tiers with different access criteria. All applications start with Development tier. You must apply separately to upgrade to the Standard tier."", ""supports_claim"": ""yes""}]",low,needs_verification,"[""missing_field_evidence"", ""quote_not_found""]",2026-09-16T17:18:50.712498+00:00,stage02-full-fallback-20260916
1.0,34,GoHighLevel,"4. Marketing, Ads, Email and Social",http://highlevel.stoplight.io/,unknown,"[""unknown""]",self_serve_paid,unknown,"[""unknown""]",unknown,official,unknown,unknown,unknown,unknown,"[{""evidence_id"": ""e3"", ""field"": ""access_model"", ""claim"": ""self_serve_paid"", ""url"": ""https://marketplace.gohighlevel.com/docs/Authorization/OAuth2.0/"", ""final_url"": ""https://marketplace.gohighlevel.com/docs/Authorization/OAuth2.0/"", ""source_kind"": ""official"", ""retrieved_at"": ""2026-09-16T17:18:50.729461+00:00"", ""content_sha256"": ""928ab560f08ae6470a5b1d86730bc50cb994b3aba4f6c79762cf60301c8b343c"", ""quote"": ""Go to the Marketplace and sign up for a developer account. Go to My Apps, click Create App. Fill in the following details: APP Name: Suitable name for the app. APP Type: Private or Public. Private Apps : For personal/internal use, not listed in the Marketplace. Public Apps : Visible and installable by all users once approved."", ""supports_claim"": ""yes""}, {""evidence_id"": ""e6"", ""field"": ""mcp_available"", ""claim"": ""official"", ""url"": ""https://marketplace.gohighlevel.com/docs/Authorization/OAuth2.0/"", ""final_url"": ""https://marketplace.gohighlevel.com/docs/Authorization/OAuth2.0/"", ""source_kind"": ""official"", ""retrieved_at"": ""2026-09-16T17:18:50.729461+00:00"", ""content_sha256"": ""928ab560f08ae6470a5b1d86730bc50cb994b3aba4f6c79762cf60301c8b343c"", ""quote"": ""Go to the Marketplace and sign up for a developer account. Go to My Apps, click Create App. Fill in the following details: APP Name: Suitable name for the app. APP Type: Private or Public. Private Apps : For personal/internal use, not listed in the Marketplace. Public Apps : Visible and installable by all users once approved."", ""supports_claim"": ""yes""}]",low,needs_verification,"[""missing_field_evidence"", ""quote_not_found""]",2026-09-16T17:19:11.454448+00:00,stage02-full-fallback-20260916
1.0,35,Mailchimp,"4. Marketing, Ads, Email and Social",http://mailchimp.com/developer,"The Mailchimp Marketing API provides programmatic access to Mailchimp data and functionality, allowing developers to build custom features to sync email activity and campaign analytics, manage audiences and campaigns, and more. It supports managing audiences, adding contacts, organizing contacts with tags or segments, webhooks for real-time audience data, e-commerce integration, and batch processing to handle large data syncs. The API is RESTful with JSON responses and uses OpenAPI Specification for endpoint descriptions.","[""unknown""]",self_serve_paid,unknown,"[""rest""]",unknown,unknown,unknown,unknown,unknown,unknown,"[{""evidence_id"": ""e1"", ""field"": ""description"", ""claim"": ""The Mailchimp Marketing API provides programmatic access to Mailchimp data and functionality, allowing developers to build custom features to sync email activity and campaign analytics, manage audiences and campaigns, and more."", ""url"": ""https://mailchimp.com/developer/marketing/docs/fundamentals/"", ""final_url"": ""https://mailchimp.com/developer/marketing/docs/fundamentals/"", ""source_kind"": ""official"", ""retrieved_at"": ""2026-09-16T17:18:55.870769+00:00"", ""content_sha256"": ""417c046ab1dd6628da83cc4f9bbbc7d24fbd21a764fc2cddb45dcf4818654c29"", ""quote"": ""The Mailchimp Marketing API provides programmatic access to Mailchimp data and functionality, allowing developers to build custom features to do things like sync email activity and campaign analytics with their database, manage audiences and campaigns, and more."", ""supports_claim"": ""yes""}, {""evidence_id"": ""e3"", ""field"": ""access_model"", ""claim"": ""To use the Marketing API, you need a Mailchimp account. What you can do with the API depends on what level of Mailchimp plan you have."", ""url"": ""https://mailchimp.com/developer/marketing/docs/fundamentals/"", ""final_url"": ""https://mailchimp.com/developer/marketing/docs/fundamentals/"", ""source_kind"": ""official"", ""retrieved_at"": ""2026-09-16T17:18:55.870769+00:00"", ""content_sha256"": ""417c046ab1dd6628da83cc4f9bbbc7d24fbd21a764fc2cddb45dcf4818654c29"", ""quote"": ""To use the Marketing API, you need a Mailchimp account. What you can do with the API depends on what level of Mailchimp plan you have."", ""supports_claim"": ""yes""}, {""evidence_id"": ""e5"", ""field"": ""api_types"", ""claim"": ""The Marketing API generally follows REST conventions, with some deviations."", ""url"": ""https://mailchimp.com/developer/marketing/docs/fundamentals/"", ""final_url"": ""https://mailchimp.com/developer/marketing/docs/fundamentals/"", ""source_kind"": ""official"", ""retrieved_at"": ""2026-09-16T17:18:55.870769+00:00"", ""content_sha256"": ""417c046ab1dd6628da83cc4f9bbbc7d24fbd21a764fc2cddb45dcf4818654c29"", ""quote"": ""The Marketing API generally follows REST conventions, with some deviations."", ""supports_claim"": ""yes""}]",low,needs_verification,"[""missing_field_evidence"", ""quote_not_found""]",2026-09-16T17:19:10.547751+00:00,stage02-full-fallback-20260916
1.0,36,Klaviyo,"4. Marketing, Ads, Email and Social",http://developers.klaviyo.com/,unknown,"[""api_key"", ""oauth2"", ""other""]",self_serve_paid,unknown,"[""unknown""]",unknown,unknown,unknown,unknown,unknown,unknown,"[{""evidence_id"": ""e2"", ""field"": ""auth_methods"", ""claim"": ""api_key, oauth2, other (public key authentication)"", ""url"": ""https://developers.klaviyo.com/en/docs/authenticate_.md"", ""final_url"": ""https://developers.klaviyo.com/en/docs/authenticate_.md"", ""source_kind"": ""official"", ""retrieved_at"": ""2026-09-16T17:19:01.504462+00:00"", ""content_sha256"": ""0491d1b68f5d785ded2580550dc53c6a4c516b2c28bdad275e009ded2465f2a5"", ""quote"": ""Klaviyo provides 3 methods of authentication including private key authentication and OAuth (used to call server-side APIs) and public key authentication (used to call client-side APIs)."", ""supports_claim"": ""yes""}, {""evidence_id"": ""e3"", ""field"": ""access_model"", ""claim"": ""self_serve_paid"", ""url"": ""https://developers.klaviyo.com/en/docs/authenticate_.md"", ""final_url"": ""https://developers.klaviyo.com/en/docs/authenticate_.md"", ""source_kind"": ""official"", ""retrieved_at"": ""2026-09-16T17:19:01.504462+00:00"", ""content_sha256"": ""0491d1b68f5d785ded2580550dc53c6a4c516b2c28bdad275e009ded2465f2a5"", ""quote"": ""To manage API keys, you must have an Owner, Admin, or Manager role on your Klaviyo account."", ""supports_claim"": ""yes""}]",low,needs_verification,"[""missing_field_evidence"", ""quote_not_found""]",2026-09-16T17:19:19.729858+00:00,stage02-full-fallback-20260916
1.0,37,systeme.io,"4. Marketing, Ads, Email and Social",http://systeme.io/,"systeme.io provides an API with recipes and code samples to help developers integrate and automate marketing and email functionalities. The API supports operations such as creating contacts, tags, and associating tags with contacts, using HTTP requests with JSON payloads.","[""api_key""]",self_serve_paid,unknown,"[""rest""]",unknown,official,unknown,buildable,unknown,"Systeme.io provides a self-service Public API with documented RESTful endpoints and examples. Developers can generate a Public API key directly from the Systeme.io dashboard and authenticate requests using the X-API-Key header. The API supports programmatic operations such as contact and tag management, cursor-based pagination, PATCH updates, and documented POST/GET examples. No partner, sales, or manual approval gate is established in the inspected documentation for ordinary API access. This supports the existing buildable classification.","[{""evidence_id"": ""e1"", ""field"": ""description"", ""claim"": ""systeme.io provides an API with recipes and code samples to help developers integrate and automate marketing and email functionalities. The API supports operations such as creating contacts, tags, and associating tags with contacts, using HTTP requests with JSON payloads."", ""url"": ""https://developer.systeme.io/docs/api-recipes-and-how-to-use-them"", ""final_url"": ""https://developer.systeme.io/docs/api-recipes-and-how-to-use-them"", ""source_kind"": ""official"", ""retrieved_at"": ""2026-09-16T17:19:10.564807+00:00"", ""content_sha256"": ""9c0094b99afda69035b785677ca80def78190ae6cb8df487bfa1eb6a1ab9b978"", ""quote"": ""The script used in the example just creates a contact and a tag and then adds the created tag to the created contact."", ""supports_claim"": ""yes""}, {""evidence_id"": ""e2"", ""field"": ""auth_methods"", ""claim"": ""Authentication is done using an API key passed in the 'X-API-Key' header."", ""url"": ""https://developer.systeme.io/docs/api-recipes-and-how-to-use-them"", ""final_url"": ""https://developer.systeme.io/docs/api-recipes-and-how-to-use-them"", ""source_kind"": ""official"", ""retrieved_at"": ""2026-09-16T17:19:10.564807+00:00"", ""content_sha256"": ""9c0094b99afda69035b785677ca80def78190ae6cb8df487bfa1eb6a1ab9b978"", ""quote"": ""'X-API-Key' => 'your_secret_api_key'"", ""supports_claim"": ""yes""}, {""evidence_id"": ""e3"", ""field"": ""access_model"", ""claim"": ""The API usage requires an API key and is self-serve with paid plans."", ""url"": ""https://developer.systeme.io/docs/api-recipes-and-how-to-use-them"", ""final_url"": ""https://developer.systeme.io/docs/api-recipes-and-how-to-use-them"", ""source_kind"": ""official"", ""retrieved_at"": ""2026-09-16T17:19:10.564807+00:00"", ""content_sha256"": ""9c0094b99afda69035b785677ca80def78190ae6cb8df487bfa1eb6a1ab9b978"", ""quote"": ""const API_KEY = 'your_secret_api_key';"", ""supports_claim"": ""yes""}, {""evidence_id"": ""e5"", ""field"": ""api_types"", ""claim"": ""The API is RESTful, accessed via HTTP requests with JSON payloads."", ""url"": ""https://developer.systeme.io/docs/api-recipes-and-how-to-use-them"", ""final_url"": ""https://developer.systeme.io/docs/api-recipes-and-how-to-use-them"", ""source_kind"": ""official"", ""retrieved_at"": ""2026-09-16T17:19:10.564807+00:00"", ""content_sha256"": ""9c0094b99afda69035b785677ca80def78190ae6cb8df487bfa1eb6a1ab9b978"", ""quote"": ""$client = \\Symfony\\Component\\HttpClient\\HttpClient::create([ 'base_uri' => 'https://api.systeme.io/api/', 'headers' => [ 'X-API-Key' => 'your_secret_api_key', 'Content-Type' => 'application/json', ] ]);"", ""supports_claim"": ""yes""}, {""evidence_id"": ""e8"", ""field"": ""buildability"", ""claim"": ""The official documentation provides detailed API usage recipes, including authentication with API key, example HTTP requests, and instructions for setting up the environment and running code samples. This enables developers to build integrations using the REST API."", ""url"": ""https://developer.systeme.io/docs/api-recipes-and-how-to-use-them"", ""final_url"": ""https://developer.systeme.io/docs/api-recipes-and-how-to-use-them"", ""source_kind"": ""official"", ""retrieved_at"": ""2026-09-16T17:19:10.564807+00:00"", ""content_sha256"": ""9c0094b99afda69035b785677ca80def78190ae6cb8df487bfa1eb6a1ab9b978"", ""quote"": ""Now you know what recipes are, why they are needed, and how to perform and test them yourself."", ""supports_claim"": ""yes""}, {""evidence_id"": ""stage03-human-037-mcp_available-1"", ""field"": ""mcp_available"", ""claim"": ""official"", ""url"": ""https://developer.systeme.io/reference/api"", ""final_url"": ""https://developer.systeme.io/reference/api"", ""source_kind"": ""official"", ""retrieved_at"": """", ""content_sha256"": """", ""quote"": """", ""supports_claim"": ""yes""}, {""evidence_id"": ""stage03-human-037-mcp_available-2"", ""field"": ""mcp_available"", ""claim"": ""official"", ""url"": ""https://developer.systeme.io/llms.txt"", ""final_url"": ""https://developer.systeme.io/llms.txt"", ""source_kind"": ""official"", ""retrieved_at"": """", ""content_sha256"": """", ""quote"": """", ""supports_claim"": ""yes""}, {""evidence_id"": ""stage03-human-037-buildability_rationale-1"", ""field"": ""buildability_rationale"", ""claim"": ""Systeme.io provides a self-service Public API with documented RESTful endpoints and examples. Developers can generate a Public API key directly from the Systeme.io dashboard and authenticate requests using the X-API-Key header. The API supports programmatic operations such as contact and tag management, cursor-based pagination, PATCH updates, and documented POST/GET examples. No partner, sales, or manual approval gate is established in the inspected documentation for ordinary API access. This supports the existing buildable classification."", ""url"": ""https://developer.systeme.io/reference/api"", ""final_url"": ""https://developer.systeme.io/reference/api"", ""source_kind"": ""official"", ""retrieved_at"": """", ""content_sha256"": """", ""quote"": """", ""supports_claim"": ""yes""}, {""evidence_id"": ""stage03-human-037-buildability_rationale-2"", ""field"": ""buildability_rationale"", ""claim"": ""Systeme.io provides a self-service Public API with documented RESTful endpoints and examples. Developers can generate a Public API key directly from the Systeme.io dashboard and authenticate requests using the X-API-Key header. The API supports programmatic operations such as contact and tag management, cursor-based pagination, PATCH updates, and documented POST/GET examples. No partner, sales, or manual approval gate is established in the inspected documentation for ordinary API access. This supports the existing buildable classification."", ""url"": ""https://developer.systeme.io/docs/api-recipes-and-how-to-use-them"", ""final_url"": ""https://developer.systeme.io/docs/api-recipes-and-how-to-use-them"", ""source_kind"": ""official"", ""retrieved_at"": """", ""content_sha256"": """", ""quote"": """", ""supports_claim"": ""yes""}]",low,needs_verification,"[""missing_field_evidence"", ""quote_not_found"", ""Stage03 correction: Systeme.io officially documents and operates its own MCP server. The documentation explicitly describes “our MCP server,” requires an MCP key generated from the Systeme.io dashboard, documents authentication through X-MCP-Key or mcpKey, and lists supported contact, tag, contact-field, and newsletter operations. The MCP server is therefore official rather than community-published."", ""Stage03 correction: Systeme.io provides a self-service Public API with documented RESTful endpoints and examples. Developers can generate a Public API key directly from the Systeme.io dashboard and authenticate requests using the X-API-Key header. The API supports programmatic operations such as contact and tag management, cursor-based pagination, PATCH updates, and documented POST/GET examples. No partner, sales, or manual approval gate is established in the inspected documentation for ordinary API access. This supports the existing buildable classification.""]",2026-09-16T17:19:25.883164+00:00,stage02-full-fallback-20260916
1.0,38,Pinterest,"4. Marketing, Ads, Email and Social",http://developers.pinterest.com/,"Pinterest provides a developer platform with an API that supports campaign management and authentication via OAuth 2. The platform offers a Python SDK for campaign management and simplifies authentication and error handling. Developers can register apps, obtain app IDs and secrets, and use OAuth 2 for authentication. There is a sandbox environment for testing API calls without impacting the production environment.","[""oauth2""]",self_serve_trial,yes,"[""rest"", ""sdk""]",unknown,official,unknown,buildable,unknown,unknown,"[{""evidence_id"": ""e1"", ""field"": ""description"", ""claim"": ""Pinterest provides a developer platform with an API that supports campaign management and authentication via OAuth 2. The platform offers a Python SDK for campaign management and simplifies authentication and error handling. Developers can register apps, obtain app IDs and secrets, and use OAuth 2 for authentication. There is a sandbox environment for testing API calls without impacting the production environment."", ""url"": ""https://developers.pinterest.com/docs/getting-started/authentication/"", ""final_url"": ""https://developers.pinterest.com/docs/getting-started/connect-app/"", ""source_kind"": ""official"", ""retrieved_at"": ""2026-09-16T17:19:11.471605+00:00"", ""content_sha256"": ""2eb01275d553b0706badb9f1bb0390cf7854a423461a441bcf8d8eb9385947f7"", ""quote"": ""Python SDK : Our SDK currently offers a Python library that supports campaign management and simplifies authentication and error handling. Check it out here Product limited tokens : Once your app is approved for Trial access you can generate a token to test the API without setting up the Oauth flow.Test tokens expire after 24 hours and allow you to explore certain endpoints faster. Sandbox : Our sandbox environment allows you to make test calls without impacting the Pinterest product environment."", ""supports_claim"": ""yes""}, {""evidence_id"": ""e2"", ""field"": ""auth_methods"", ""claim"": ""oauth2"", ""url"": ""https://developers.pinterest.com/docs/getting-started/authentication/"", ""final_url"": ""https://developers.pinterest.com/docs/getting-started/connect-app/"", ""source_kind"": ""official"", ""retrieved_at"": ""2026-09-16T17:19:11.471605+00:00"", ""content_sha256"": ""2eb01275d553b0706badb9f1bb0390cf7854a423461a441bcf8d8eb9385947f7"", ""quote"": ""Build a working authentication flow based on OAuth 2 For full details on the OAuth process, review our guide on Scopes & Authentication . The basic flow is as follows: Make an authorization request to our OAuth page in your browser Handle the OAuth redirect to the appropriate location (e.g. localhost for testing) Exchange the authorization code for an access token Store the access token and refresh it as needed"", ""supports_claim"": ""yes""}, {""evidence_id"": ""e3"", ""field"": ""access_model"", ""claim"": ""self_serve_trial"", ""url"": ""https://developers.pinterest.com/docs/getting-started/authentication/"", ""final_url"": ""https://developers.pinterest.com/docs/getting-started/connect-app/"", ""source_kind"": ""official"", ""retrieved_at"": ""2026-09-16T17:19:11.471605+00:00"", ""content_sha256"": ""2eb01275d553b0706badb9f1bb0390cf7854a423461a441bcf8d8eb9385947f7"", ""quote"": ""Submit your request for trial access. Application requests are reviewed each business day. As soon as your app has been reviewed you will receive an email notification letting you know if your app has been approved or denied access. If your app is approved for Trial access , you can log into your account and manage your app details on your My apps page."", ""supports_claim"": ""yes""}, {""evidence_id"": ""e4"", ""field"": ""api_available"", ""claim"": ""yes"", ""url"": ""https://developers.pinterest.com/docs/getting-started/authentication/"", ""final_url"": ""https://developers.pinterest.com/docs/getting-started/connect-app/"", ""source_kind"": ""official"", ""retrieved_at"": ""2026-09-16T17:19:11.471605+00:00"", ""content_sha256"": ""2eb01275d553b0706badb9f1bb0390cf7854a423461a441bcf8d8eb9385947f7"", ""quote"": ""We offer a range of Developer tools to help you get started with the Pinterest API quickly. API Quickstart : Quickly get code samples and scripts with our API quickstart repo.There you can: Put your app ID and app secret key in an environment script file Run the sample environment set-up script and verify the results Python SDK : Our SDK currently offers a Python library that supports campaign management and simplifies authentication and error handling."", ""supports_claim"": ""yes""}, {""evidence_id"": ""e5"", ""field"": ""api_types"", ""claim"": ""rest"", ""url"": ""https://developers.pinterest.com/docs/getting-started/authentication/"", ""final_url"": ""https://developers.pinterest.com/docs/getting-started/connect-app/"", ""source_kind"": ""official"", ""retrieved_at"": ""2026-09-16T17:19:11.471605+00:00"", ""content_sha256"": ""2eb01275d553b0706badb9f1bb0390cf7854a423461a441bcf8d8eb9385947f7"", ""quote"": ""We offer a range of Developer tools to help you get started with the Pinterest API quickly. API Quickstart : Quickly get code samples and scripts with our API quickstart repo."", ""supports_claim"": ""yes""}, {""evidence_id"": ""e6"", ""field"": ""api_types"", ""claim"": ""sdk"", ""url"": ""https://developers.pinterest.com/docs/getting-started/authentication/"", ""final_url"": ""https://developers.pinterest.com/docs/getting-started/connect-app/"", ""source_kind"": ""official"", ""retrieved_at"": ""2026-09-16T17:19:11.471605+00:00"", ""content_sha256"": ""2eb01275d553b0706badb9f1bb0390cf7854a423461a441bcf8d8eb9385947f7"", ""quote"": ""Python SDK : Our SDK currently offers a Python library that supports campaign management and simplifies authentication and error handling."", ""supports_claim"": ""yes""}, {""evidence_id"": ""e7"", ""field"": ""mcp_available"", ""claim"": ""official"", ""url"": ""https://developers.pinterest.com/docs/getting-started/authentication/"", ""final_url"": ""https://developers.pinterest.com/docs/getting-started/connect-app/"", ""source_kind"": ""official"", ""retrieved_at"": ""2026-09-16T17:19:11.471605+00:00"", ""content_sha256"": ""2eb01275d553b0706badb9f1bb0390cf7854a423461a441bcf8d8eb9385947f7"", ""quote"": ""Login or create a business account . This is the account you will use to administer your app. Verify your account's email address Go to My apps and click through to accept our Developer Terms of Service Once you've completed these requirements we'll ask for more details to register your app."", ""supports_claim"": ""yes""}, {""evidence_id"": ""e8"", ""field"": ""buildability"", ""claim"": ""buildable"", ""url"": ""https://developers.pinterest.com/docs/getting-started/authentication/"", ""final_url"": ""https://developers.pinterest.com/docs/getting-started/connect-app/"", ""source_kind"": ""official"", ""retrieved_at"": ""2026-09-16T17:19:11.471605+00:00"", ""content_sha256"": ""2eb01275d553b0706badb9f1bb0390cf7854a423461a441bcf8d8eb9385947f7"", ""quote"": ""Build a working authentication flow based on OAuth 2 For full details on the OAuth process, review our guide on Scopes & Authentication . The basic flow is as follows: Make an authorization request to our OAuth page in your browser Handle the OAuth redirect to the appropriate location (e.g. localhost for testing) Exchange the authorization code for an access token Store the access token and refresh it as needed Helpful resources We offer a range of Developer tools to help you get started with the Pinterest API quickly. API Quickstart : Quickly get code samples and scripts with our API quickstart repo.There you can: Put your app ID and app secret key in an environment script file Run the sample environment set-up script and verify the results Python SDK : Our SDK currently offers a Python library that supports campaign management and simplifies authentication and error handling. Check it out here Product limited tokens : Once your app is approved for Trial access you can generate a token to test the API without setting up the Oauth flow.Test tokens expire after 24 hours and allow you to explore certain endpoints faster. Sandbox : Our sandbox environment allows you to make test calls without impacting the Pinterest product environment."", ""supports_claim"": ""yes""}]",low,needs_verification,"[""missing_field_evidence""]",2026-09-16T17:19:35.523987+00:00,stage02-full-fallback-20260916
1.0,39,Threads (Meta),"4. Marketing, Ads, Email and Social",http://developers.facebook.com/docs/threads,unknown,"[""oauth2""]",unknown,yes,"[""unknown""]",unknown,unknown,unknown,unknown,unknown,unknown,"[{""evidence_id"": ""e2"", ""field"": ""auth_methods"", ""claim"": ""oauth2"", ""url"": ""https://developers.facebook.com/documentation/threads/get-started"", ""final_url"": ""https://developers.facebook.com/documentation/threads/get-started"", ""source_kind"": ""official"", ""retrieved_at"": ""2026-09-16T17:19:19.746770+00:00"", ""content_sha256"": ""bdb033c7a2b23f35b324f20dac949301d1cc481dda6379673db9a1553ed7bc09"", ""quote"": ""Threads User Access Tokens API authentication is handled by Threads user access tokens that conform to the OAuth 2.0 protocol."", ""supports_claim"": ""yes""}, {""evidence_id"": ""e4"", ""field"": ""api_available"", ""claim"": ""yes"", ""url"": ""https://developers.facebook.com/documentation/threads/get-started"", ""final_url"": ""https://developers.facebook.com/documentation/threads/get-started"", ""source_kind"": ""official"", ""retrieved_at"": ""2026-09-16T17:19:19.746770+00:00"", ""content_sha256"": ""bdb033c7a2b23f35b324f20dac949301d1cc481dda6379673db9a1553ed7bc09"", ""quote"": ""This guide provides information on what you need to get started using the Threads API."", ""supports_claim"": ""yes""}]",low,needs_verification,"[""missing_field_evidence"", ""quote_not_found""]",2026-09-16T17:19:37.482269+00:00,stage02-full-fallback-20260916
1.0,40,SendGrid,"4. Marketing, Ads, Email and Social",http://sendgrid.com/,unknown,"[""unknown""]",unknown,unknown,"[""unknown""]",unknown,unknown,unknown,unknown,unknown,Insufficient evidence.,[],unknown,failed,"[""Extraction failure: ValueError""]",2026-09-16T17:21:13.890627+00:00,stage02-full-fallback-20260916
1.0,41,Shopify,5. Ecommerce,shopify.dev,unknown,"[""oauth2"", ""bearer_token""]",unknown,unknown,"[""unknown""]","The API supports a wide range of admin functionalities including analytics, apps, billing, customers, discounts, inventory, orders, products, shipping, store properties, webhooks, and more, accessible via GraphQL queries and mutations.",unknown,unknown,unknown,review_and_permission_requirements,unknown,"[{""evidence_id"": ""e2"", ""field"": ""auth_methods"", ""claim"": ""Every GraphQL Admin API request carries an access token in the X-Shopify-Access-Token header. For most apps you don't fetch or set that token yourself: the Shopify CLI template and Direct API access authenticate each request for you."", ""url"": ""https://shopify.dev/docs/api/admin-graphql"", ""final_url"": ""https://shopify.dev/docs/api/admin-graphql/latest"", ""source_kind"": ""official"", ""retrieved_at"": ""2026-09-16T17:19:35.541496+00:00"", ""content_sha256"": ""54712baf8172b01e267abc2ea416f44f5cc088e612540e3ccafa92a5e65353e7"", ""quote"": ""Every GraphQL Admin API request carries an access token in the X-Shopify-Access-Token header. For most apps you don't fetch or set that token yourself: the Shopify CLI template and Direct API access authenticate each request for you."", ""supports_claim"": ""yes""}, {""evidence_id"": ""e6"", ""field"": ""api_breadth"", ""claim"": ""The API supports a wide range of admin functionalities including analytics, apps, billing, customers, discounts, inventory, orders, products, shipping, store properties, webhooks, and more, accessible via GraphQL queries and mutations."", ""url"": ""https://shopify.dev/docs/api/admin-graphql"", ""final_url"": ""https://shopify.dev/docs/api/admin-graphql/latest"", ""source_kind"": ""official"", ""retrieved_at"": ""2026-09-16T17:19:35.541496+00:00"", ""content_sha256"": ""54712baf8172b01e267abc2ea416f44f5cc088e612540e3ccafa92a5e65353e7"", ""quote"": ""Access Analytics Apps B2B Billing Bulk operations Cart Checkout and accounts configurations Checkout branding Common objects Customers Discounts and marketing Inventory Localizations Metafields Metaobjects Online store Orders Privacy Products and collections Retail Shipping and fulfillment Shopify Markets Shopify Payments Store properties Timeline events Webhooks Graph QL Types Full index"", ""supports_claim"": ""yes""}, {""evidence_id"": ""stage03-human-041-primary_blocker-1"", ""field"": ""primary_blocker"", ""claim"": ""review_and_permission_requirements"", ""url"": ""https://shopify.dev/docs/apps/launch/distribution"", ""final_url"": ""https://shopify.dev/docs/apps/launch/distribution"", ""source_kind"": ""official"", ""retrieved_at"": """", ""content_sha256"": """", ""quote"": """", ""supports_claim"": ""yes""}, {""evidence_id"": ""stage03-human-041-primary_blocker-2"", ""field"": ""primary_blocker"", ""claim"": ""review_and_permission_requirements"", ""url"": ""https://shopify.dev/docs/apps/launch/distribution/select-distribution-method"", ""final_url"": ""https://shopify.dev/docs/apps/launch/distribution/select-distribution-method"", ""source_kind"": ""official"", ""retrieved_at"": """", ""content_sha256"": """", ""quote"": """", ""supports_claim"": ""yes""}, {""evidence_id"": ""stage03-human-041-primary_blocker-3"", ""field"": ""primary_blocker"", ""claim"": ""review_and_permission_requirements"", ""url"": ""https://shopify.dev/docs/api/usage/access-scopes"", ""final_url"": ""https://shopify.dev/docs/api/usage/access-scopes"", ""source_kind"": ""official"", ""retrieved_at"": """", ""content_sha256"": """", ""quote"": """", ""supports_claim"": ""yes""}, {""evidence_id"": ""stage03-human-041-primary_blocker-4"", ""field"": ""primary_blocker"", ""claim"": ""review_and_permission_requirements"", ""url"": ""https://shopify.dev/docs/apps/launch/protected-customer-data"", ""final_url"": ""https://shopify.dev/docs/apps/launch/protected-customer-data"", ""source_kind"": ""official"", ""retrieved_at"": """", ""content_sha256"": """", ""quote"": """", ""supports_claim"": ""yes""}, {""evidence_id"": ""stage03-human-041-auth_methods-1"", ""field"": ""auth_methods"", ""claim"": ""[\""oauth2\"", \""bearer_token\""]"", ""url"": ""https://shopify.dev/docs/api/usage/authentication"", ""final_url"": ""https://shopify.dev/docs/api/usage/authentication"", ""source_kind"": ""official"", ""retrieved_at"": """", ""content_sha256"": """", ""quote"": """", ""supports_claim"": ""yes""}, {""evidence_id"": ""stage03-human-041-auth_methods-2"", ""field"": ""auth_methods"", ""claim"": ""[\""oauth2\"", \""bearer_token\""]"", ""url"": ""https://shopify.dev/docs/api/admin-graphql"", ""final_url"": ""https://shopify.dev/docs/api/admin-graphql"", ""source_kind"": ""official"", ""retrieved_at"": """", ""content_sha256"": """", ""quote"": """", ""supports_claim"": ""yes""}]",low,needs_verification,"[""missing_field_evidence"", ""quote_not_found"", ""raw_identity_mismatch"", ""Stage03 correction: Shopify integration access depends on the app's distribution model and requested data. Custom-distribution apps can be installed on a specific store, or multiple stores within the same Shopify Plus organization, without Shopify app approval. Public-distribution apps intended for multiple merchants require Shopify approval through App Review before App Store distribution. Access is also scope-based, and certain sensitive capabilities require additional permission or Shopify approval, including protected customer data and restricted scopes. Therefore Shopify is buildable, but broad/public integrations are conditioned by review and permission requirements rather than a universal access block."", ""Stage03 correction: Shopify's GraphQL Admin API authenticates requests with an access token sent in the X-Shopify-Access-Token header. Shopify documents OAuth, usually token exchange or the authorization code grant depending on app type, as the standard flow for obtaining that token when an app acts on behalf of a merchant. Therefore OAuth2 is the authorization/token-acquisition mechanism, while the issued bearer-style access token authenticates individual API requests.""]",2026-09-16T17:20:21.827181+00:00,stage02-full-fallback-20260916
1.0,42,WooCommerce,5. Ecommerce,http://woocommerce.com/document/woocommerce-rest-api,"WooCommerce (WC) 2.6+ is fully integrated with the WordPress REST API, allowing WC data to be created, read, updated, and deleted using JSON requests and WordPress REST API Authentication methods. The current WP REST API integration version is v3, supporting a wide range of ecommerce resources such as coupons, customers, orders, products, reports, refunds, tax rates, webhooks, settings, payment gateways, shipping zones, system status, and data retrieval.","[""basic""]",self_serve_paid,yes,"[""rest""]",unknown,unknown,unknown,unknown,unknown,unknown,"[{""evidence_id"": ""e1"", ""field"": ""description"", ""claim"": ""WooCommerce (WC) 2.6+ is fully integrated with the WordPress REST API, allowing WC data to be created, read, updated, and deleted using JSON requests and WordPress REST API Authentication methods. The current WP REST API integration version is v3, supporting a wide range of ecommerce resources such as coupons, customers, orders, products, reports, refunds, tax rates, webhooks, settings, payment gateways, shipping zones, system status, and data retrieval."", ""url"": ""https://woocommerce.github.io/woocommerce-rest-api-docs/"", ""final_url"": ""https://woocommerce.github.io/woocommerce-rest-api-docs/"", ""source_kind"": ""official"", ""retrieved_at"": ""2026-09-16T17:19:37.500687+00:00"", ""content_sha256"": ""f3965651923dfda15fd7eb025eacfe0858fdcf9c0d20ab3183e28f391d11a104"", ""quote"": ""WooCommerce (WC) 2.6+ is fully integrated with the WordPress REST API. This allows WC data to be created, read, updated, and deleted using requests in JSON format and using WordPress REST API Authentication methods and standard HTTP verbs which are understood by most HTTP clients. The current WP REST API integration version is v3 which takes a first-order position in endpoints."", ""supports_claim"": ""yes""}, {""evidence_id"": ""e2"", ""field"": ""auth_methods"", ""claim"": ""basic"", ""url"": ""https://woocommerce.github.io/woocommerce-rest-api-docs/"", ""final_url"": ""https://woocommerce.github.io/woocommerce-rest-api-docs/"", ""source_kind"": ""official"", ""retrieved_at"": ""2026-09-16T17:19:37.500687+00:00"", ""content_sha256"": ""f3965651923dfda15fd7eb025eacfe0858fdcf9c0d20ab3183e28f391d11a104"", ""quote"": ""WooCommerce includes two ways to authenticate with the WP REST API. It is also possible to authenticate using any WP REST API authentication plugin or method. REST API keys Pre-generated keys can be used to authenticate use of the REST API endpoints. New keys can be generated either through the WordPress admin interface or they can be auto-generated through an endpoint."", ""supports_claim"": ""yes""}, {""evidence_id"": ""e3"", ""field"": ""access_model"", ""claim"": ""self_serve_paid"", ""url"": ""https://woocommerce.github.io/woocommerce-rest-api-docs/"", ""final_url"": ""https://woocommerce.github.io/woocommerce-rest-api-docs/"", ""source_kind"": ""official"", ""retrieved_at"": ""2026-09-16T17:19:37.500687+00:00"", ""content_sha256"": ""f3965651923dfda15fd7eb025eacfe0858fdcf9c0d20ab3183e28f391d11a104"", ""quote"": ""To use the latest version of the REST API you must be using: WooCommerce 3.5+. WordPress 4.4+. Pretty permalinks in Settings > Permalinks so that the custom endpoints are supported. Default permalinks will not work."", ""supports_claim"": ""yes""}, {""evidence_id"": ""e4"", ""field"": ""api_available"", ""claim"": ""yes"", ""url"": ""https://woocommerce.github.io/woocommerce-rest-api-docs/"", ""final_url"": ""https://woocommerce.github.io/woocommerce-rest-api-docs/"", ""source_kind"": ""official"", ""retrieved_at"": ""2026-09-16T17:19:37.500687+00:00"", ""content_sha256"": ""f3965651923dfda15fd7eb025eacfe0858fdcf9c0d20ab3183e28f391d11a104"", ""quote"": ""WooCommerce (WC) 2.6+ is fully integrated with the WordPress REST API. This allows WC data to be created, read, updated, and deleted using requests in JSON format and using WordPress REST API Authentication methods and standard HTTP verbs which are understood by most HTTP clients."", ""supports_claim"": ""yes""}, {""evidence_id"": ""e5"", ""field"": ""api_types"", ""claim"": ""rest"", ""url"": ""https://woocommerce.github.io/woocommerce-rest-api-docs/"", ""final_url"": ""https://woocommerce.github.io/woocommerce-rest-api-docs/"", ""source_kind"": ""official"", ""retrieved_at"": ""2026-09-16T17:19:37.500687+00:00"", ""content_sha256"": ""f3965651923dfda15fd7eb025eacfe0858fdcf9c0d20ab3183e28f391d11a104"", ""quote"": ""WooCommerce (WC) 2.6+ is fully integrated with the WordPress REST API. This allows WC data to be created, read, updated, and deleted using requests in JSON format and using WordPress REST API Authentication methods and standard HTTP verbs which are understood by most HTTP clients."", ""supports_claim"": ""yes""}]",low,needs_verification,"[""missing_field_evidence"", ""quote_not_found"", ""raw_identity_mismatch""]",2026-09-16T17:20:08.305300+00:00,stage02-full-fallback-20260916
1.0,43,BigCommerce,5. Ecommerce,http://developer.bigcommerce.com/,"BigCommerce offers a suite of APIs that let you manage store data, sign customers in, make client-side queries for product information, and write apps that integrate third-party services into store operations. It provides three types of OAuth-based API accounts: store-level credentials, app-level credentials, and account-level credentials, each suited for different use cases. API accounts include client_id, client_secret, and access_token, with OAuth scopes to limit privileges.","[""oauth2""]",self_serve_paid,yes,"[""rest""]","BigCommerce provides REST APIs for managing store data, customer sign-in, product information queries, and third-party app integrations, with different API account types for various use cases.",unknown,unknown,buildable,unknown,"The documentation describes OAuth-based API accounts with client_id, client_secret, and access_token for authentication, and REST APIs available for managing store data and integrations, indicating the app is buildable with available API and auth methods.","[{""evidence_id"": ""e1"", ""field"": ""description"", ""claim"": ""BigCommerce offers a suite of APIs that let you manage store data, sign customers in, make client-side queries for product information, and write apps that integrate third-party services into store operations. It provides three types of OAuth-based API accounts: store-level credentials, app-level credentials, and account-level credentials, each suited for different use cases. API accounts include client_id, client_secret, and access_token, with OAuth scopes to limit privileges."", ""url"": ""https://developer.bigcommerce.com/docs/start/authentication"", ""final_url"": ""https://docs.bigcommerce.com/developer/docs/overview/api-fundamentals/api-accounts"", ""source_kind"": ""third_party"", ""retrieved_at"": ""2026-09-16T17:20:08.322243+00:00"", ""content_sha256"": ""280c9e9acab0a0357652bbb33639c869e5152a8daa6557ce4af2a939d8a51e2d"", ""quote"": ""BigCommerce offers a suite of APIs that let you manage store data, sign customers in, make client-side queries for product information, and write apps that integrate third-party services into store operations. BigCommerce API accounts play a role in every authenticated request to our servers. Our API accounts come in a few different flavors to meet the needs of different use cases. For example, app API accounts work well in multi-store contexts, whereas store API accounts are a good choice for frontend applications. Some endpoints only work with one kind of API account. For an overview of the authentication schemes that our APIs use, see the Authentication section below. API accounts BigCommerce offers three types of OAuth-based API accounts to developers who wish to use BigCommerce’s REST APIs: store-level credentials, app-level credentials, and account-level credentials. This section describes the difference between the three, how to obtain and revoke account credentials, and the use cases for each. It also contains a reference for available OAuth scopes and provides a compelling list of reasons to migrate from legacy API tokens to OAuth credentials. Every parent set of API credentials that you request for your store is its own API account . At its simplest, an API account consists of the following: The client_id uniquely identifies the app or user, or the client , making a request. The client_secret is a cryptographically secure value known only to the client and BigCommerce. Every active API account has at least one access_token . Store-level API accounts include a static access token that does not change. App-level API accounts expect each application to generate a unique access token for every store that installs the app. Account-level API accounts include a single access token that belongs to the parent account of the store that the user is signed in to at the time of creation. Guard these values closely. The client ID and client secret will never change; access tokens do not expire based on time and cannot be manually invalidated. It’s best practice to limit each account’s OAuth scope to only the privileges needed to complete that app or user’s designated tasks. Create separate API accounts for each app, store API user or function, or account-related implementation. Choosing the right kind of API account Where both types of API account are supported, re"", ""supports_claim"": ""yes""}, {""evidence_id"": ""e2"", ""field"": ""auth_methods"", ""claim"": ""oauth2"", ""url"": ""https://developer.bigcommerce.com/docs/start/authentication"", ""final_url"": ""https://docs.bigcommerce.com/developer/docs/overview/api-fundamentals/api-accounts"", ""source_kind"": ""third_party"", ""retrieved_at"": ""2026-09-16T17:20:08.322243+00:00"", ""content_sha256"": ""280c9e9acab0a0357652bbb33639c869e5152a8daa6557ce4af2a939d8a51e2d"", ""quote"": ""BigCommerce offers three types of OAuth-based API accounts to developers who wish to use BigCommerce’s REST APIs: store-level credentials, app-level credentials, and account-level credentials."", ""supports_claim"": ""yes""}, {""evidence_id"": ""e3"", ""field"": ""access_model"", ""claim"": ""self_serve_paid"", ""url"": ""https://developer.bigcommerce.com/docs/start/authentication"", ""final_url"": ""https://docs.bigcommerce.com/developer/docs/overview/api-fundamentals/api-accounts"", ""source_kind"": ""third_party"", ""retrieved_at"": ""2026-09-16T17:20:08.322243+00:00"", ""content_sha256"": ""280c9e9acab0a0357652bbb33639c869e5152a8daa6557ce4af2a939d8a51e2d"", ""quote"": ""BigCommerce API accounts play a role in every authenticated request to our servers. Our API accounts come in a few different flavors to meet the needs of different use cases. For example, app API accounts work well in multi-store contexts, whereas store API accounts are a good choice for frontend applications. Some endpoints only work with one kind of API account."", ""supports_claim"": ""yes""}, {""evidence_id"": ""e4"", ""field"": ""api_available"", ""claim"": ""yes"", ""url"": ""https://developer.bigcommerce.com/docs/start/authentication"", ""final_url"": ""https://docs.bigcommerce.com/developer/docs/overview/api-fundamentals/api-accounts"", ""source_kind"": ""third_party"", ""retrieved_at"": ""2026-09-16T17:20:08.322243+00:00"", ""content_sha256"": ""280c9e9acab0a0357652bbb33639c869e5152a8daa6557ce4af2a939d8a51e2d"", ""quote"": ""BigCommerce offers three types of OAuth-based API accounts to developers who wish to use BigCommerce’s REST APIs: store-level credentials, app-level credentials, and account-level credentials."", ""supports_claim"": ""yes""}, {""evidence_id"": ""e5"", ""field"": ""api_types"", ""claim"": ""rest"", ""url"": ""https://developer.bigcommerce.com/docs/start/authentication"", ""final_url"": ""https://docs.bigcommerce.com/developer/docs/overview/api-fundamentals/api-accounts"", ""source_kind"": ""third_party"", ""retrieved_at"": ""2026-09-16T17:20:08.322243+00:00"", ""content_sha256"": ""280c9e9acab0a0357652bbb33639c869e5152a8daa6557ce4af2a939d8a51e2d"", ""quote"": ""BigCommerce offers three types of OAuth-based API accounts to developers who wish to use BigCommerce’s REST APIs: store-level credentials, app-level credentials, and account-level credentials."", ""supports_claim"": ""yes""}, {""evidence_id"": ""e6"", ""field"": ""api_breadth"", ""claim"": ""BigCommerce provides REST APIs for managing store data, customer sign-in, product information queries, and third-party app integrations, with different API account types for various use cases."", ""url"": ""https://developer.bigcommerce.com/docs/start/authentication"", ""final_url"": ""https://docs.bigcommerce.com/developer/docs/overview/api-fundamentals/api-accounts"", ""source_kind"": ""third_party"", ""retrieved_at"": ""2026-09-16T17:20:08.322243+00:00"", ""content_sha256"": ""280c9e9acab0a0357652bbb33639c869e5152a8daa6557ce4af2a939d8a51e2d"", ""quote"": ""BigCommerce offers a suite of APIs that let you manage store data, sign customers in, make client-side queries for product information, and write apps that integrate third-party services into store operations."", ""supports_claim"": ""yes""}, {""evidence_id"": ""e7"", ""field"": ""buildability"", ""claim"": ""buildable"", ""url"": ""https://developer.bigcommerce.com/docs/start/authentication"", ""final_url"": ""https://docs.bigcommerce.com/developer/docs/overview/api-fundamentals/api-accounts"", ""source_kind"": ""third_party"", ""retrieved_at"": ""2026-09-16T17:20:08.322243+00:00"", ""content_sha256"": ""280c9e9acab0a0357652bbb33639c869e5152a8daa6557ce4af2a939d8a51e2d"", ""quote"": ""BigCommerce offers three types of OAuth-based API accounts to developers who wish to use BigCommerce’s REST APIs: store-level credentials, app-level credentials, and account-level credentials. This section describes the difference between the three, how to obtain and revoke account credentials, and the use cases for each. It also contains a reference for available OAuth scopes and provides a compelling list of reasons to migrate from legacy API tokens to OAuth credentials."", ""supports_claim"": ""yes""}, {""evidence_id"": ""e8"", ""field"": ""buildability_rationale"", ""claim"": ""The documentation describes OAuth-based API accounts with client_id, client_secret, and access_token for authentication, and REST APIs available for managing store data and integrations, indicating the app is buildable with available API and auth methods."", ""url"": ""https://developer.bigcommerce.com/docs/start/authentication"", ""final_url"": ""https://docs.bigcommerce.com/developer/docs/overview/api-fundamentals/api-accounts"", ""source_kind"": ""third_party"", ""retrieved_at"": ""2026-09-16T17:20:08.322243+00:00"", ""content_sha256"": ""280c9e9acab0a0357652bbb33639c869e5152a8daa6557ce4af2a939d8a51e2d"", ""quote"": ""BigCommerce offers three types of OAuth-based API accounts to developers who wish to use BigCommerce’s REST APIs: store-level credentials, app-level credentials, and account-level credentials. This section describes the difference between the three, how to obtain and revoke account credentials, and the use cases for each. It also contains a reference for available OAuth scopes and provides a compelling list of reasons to migrate from legacy API tokens to OAuth credentials. Every parent set of API credentials that you request for your store is its own API account . At its simplest, an API account consists of the following: The client_id uniquely identifies the app or user, or the client , making a request. The client_secret is a cryptographically secure value known only to the client and BigCommerce. Every active API account has at least one access_token . Store-level API accounts include a static access token that does not change. App-level API accounts expect each application to generate a unique access token for every store that installs the app. Account-level API accounts include a single access token that belongs to the parent account of the store that the user is signed in to at the time of creation. Guard these values closely. The client ID and client secret will never change; access tokens do not expire based on time and cannot be manually invalidated. It’s best practice to limit each account’s OAuth scope to only the privileges needed to complete that app or user’s designated tasks. Create separate API accounts for each app, store API user or function, or account-related implementation."", ""supports_claim"": ""yes""}]",low,needs_verification,"[""missing_field_evidence"", ""no_usable_official_source"", ""nonofficial_critical_evidence""]",2026-09-16T17:20:31.054627+00:00,stage02-full-fallback-20260916
1.0,44,Salesforce Commerce Cloud,5. Ecommerce,http://developer.salesforce.com/docs/commerce,unknown,"[""unknown""]",unknown,unknown,"[""unknown""]",unknown,unknown,unknown,unknown,unknown,unknown,[],low,needs_verification,"[""low_confidence"", ""no_usable_official_source""]",2026-09-16T17:20:24.025324+00:00,stage02-full-fallback-20260916
1.0,45,Magento (Adobe Commerce),5. Ecommerce,http://developer.adobe.com/commerce,unknown,"[""oauth2"", ""bearer_token"", ""other""]",self_serve_paid,yes,"[""rest""]",unknown,unknown,unknown,unknown,unknown,unknown,"[{""evidence_id"": ""e2"", ""field"": ""auth_methods"", ""claim"": ""oauth2"", ""url"": ""https://developer.adobe.com/commerce/webapi/get-started/authentication/"", ""final_url"": ""https://developer.adobe.com/commerce/webapi/get-started/authentication/"", ""source_kind"": ""official"", ""retrieved_at"": ""2026-09-16T17:20:24.041863+00:00"", ""content_sha256"": ""3c440dd6ba2b32251b2876c81a73508c37c2dd8fdf1f9eae0386128531f566d5"", ""quote"": ""Third-party applications use OAuth-based authentication to access the web APIs. The third-party Integration registers with Adobe Commerce."", ""supports_claim"": ""yes""}, {""evidence_id"": ""e3"", ""field"": ""auth_methods"", ""claim"": ""bearer_token"", ""url"": ""https://developer.adobe.com/commerce/webapi/get-started/authentication/"", ""final_url"": ""https://developer.adobe.com/commerce/webapi/get-started/authentication/"", ""source_kind"": ""official"", ""retrieved_at"": ""2026-09-16T17:20:24.041863+00:00"", ""content_sha256"": ""3c440dd6ba2b32251b2876c81a73508c37c2dd8fdf1f9eae0386128531f566d5"", ""quote"": ""Token based (Bearer Authentication) This method is a good choice for authenticating customers and Admin users in third-party applications that need to make authorized API calls to the store."", ""supports_claim"": ""yes""}, {""evidence_id"": ""e4"", ""field"": ""auth_methods"", ""claim"": ""other"", ""url"": ""https://developer.adobe.com/commerce/webapi/get-started/authentication/"", ""final_url"": ""https://developer.adobe.com/commerce/webapi/get-started/authentication/"", ""source_kind"": ""official"", ""retrieved_at"": ""2026-09-16T17:20:24.041863+00:00"", ""content_sha256"": ""3c440dd6ba2b32251b2876c81a73508c37c2dd8fdf1f9eae0386128531f566d5"", ""quote"": ""JavaScript widget authentication (storefront or Admin) Registered users use session-based authentication to log in to the storefront or Admin."", ""supports_claim"": ""yes""}, {""evidence_id"": ""e5"", ""field"": ""access_model"", ""claim"": ""self_serve_paid"", ""url"": ""https://developer.adobe.com/commerce/webapi/get-started/authentication/"", ""final_url"": ""https://developer.adobe.com/commerce/webapi/get-started/authentication/"", ""source_kind"": ""official"", ""retrieved_at"": ""2026-09-16T17:20:24.041863+00:00"", ""content_sha256"": ""3c440dd6ba2b32251b2876c81a73508c37c2dd8fdf1f9eae0386128531f566d5"", ""quote"": ""Authentication data-src=../../includes/paas-only.md Authentication data-variant=info data-slots=text This topic is for Platform-as-a-Service (PaaS) customers only. Adobe Commerce Cloud Services customers must refer to REST Authentication for details on authentication."", ""supports_claim"": ""yes""}, {""evidence_id"": ""e6"", ""field"": ""api_available"", ""claim"": ""yes"", ""url"": ""https://developer.adobe.com/commerce/webapi/get-started/authentication/"", ""final_url"": ""https://developer.adobe.com/commerce/webapi/get-started/authentication/"", ""source_kind"": ""official"", ""retrieved_at"": ""2026-09-16T17:20:24.041863+00:00"", ""content_sha256"": ""3c440dd6ba2b32251b2876c81a73508c37c2dd8fdf1f9eae0386128531f566d5"", ""quote"": ""Adobe Commerce and Magento Open Source allow developers to define web API resources and their permissions in the webapi.xml configuration file."", ""supports_claim"": ""yes""}, {""evidence_id"": ""e7"", ""field"": ""api_types"", ""claim"": ""rest"", ""url"": ""https://developer.adobe.com/commerce/webapi/get-started/authentication/"", ""final_url"": ""https://developer.adobe.com/commerce/webapi/get-started/authentication/"", ""source_kind"": ""official"", ""retrieved_at"": ""2026-09-16T17:20:24.041863+00:00"", ""content_sha256"": ""3c440dd6ba2b32251b2876c81a73508c37c2dd8fdf1f9eae0386128531f566d5"", ""quote"": ""<route url=\""/V1/customers/:customerId\"" method=\""GET\""> <service class=\""Magento\\Customer\\Api\\CustomerRepositoryInterface\"" method=\""getById\""/> <resources> <resource ref=\""Magento_Customer::customer\""/> </resources> </route>"", ""supports_claim"": ""yes""}]",low,needs_verification,"[""missing_field_evidence"", ""quote_not_found""]",2026-09-16T17:20:39.089970+00:00,stage02-full-fallback-20260916
1.0,46,Squarespace,5. Ecommerce,http://developers.squarespace.com/,"Squarespace provides Commerce APIs for managing ecommerce functionalities such as inventory, orders, products, contacts, discounts, transactions, and webhooks. It supports authenticated requests to access and manage merchant site data securely.","[""unknown""]",self_serve_paid,unknown,"[""unknown""]",unknown,unknown,unknown,unknown,unknown,unknown,"[{""evidence_id"": ""e1"", ""field"": ""description"", ""claim"": ""Squarespace provides Commerce APIs for managing ecommerce functionalities such as inventory, orders, products, contacts, discounts, transactions, and webhooks. It supports authenticated requests to access and manage merchant site data securely."", ""url"": ""https://developers.squarespace.com/commerce-apis/authentication-and-permissions"", ""final_url"": ""https://developers.squarespace.com/commerce-apis/authentication-and-permissions"", ""source_kind"": ""official"", ""retrieved_at"": ""2026-09-16T17:20:31.072263+00:00"", ""content_sha256"": ""aa5f5ef7d6a4335940b197ce69db054c045f102697d85770fd1d8c9f151dd302"", ""quote"": ""Squarespace Developer Platform: APIs, Apps, and Docs Commerce APIs Webhooks Template Docs Custom Code Upcoming Changes Getting Started Overview Authentication and permissions OAuth Making requests Retrieve basic site information Using Commerce APIs Contacts Analytics Discounts Products Websites Inventory Orders Transactions Profiles WebhookSubscriptions Schemas Menu Copy page Getting Started Authentication and permissions To keep Squarespace merchant site data private and secure, every request to Commerce APIs must be authenticated and have minimum permissions."", ""supports_claim"": ""yes""}, {""evidence_id"": ""e4"", ""field"": ""access_model"", ""claim"": ""self_serve_paid"", ""url"": ""https://developers.squarespace.com/commerce-apis/authentication-and-permissions"", ""final_url"": ""https://developers.squarespace.com/commerce-apis/authentication-and-permissions"", ""source_kind"": ""official"", ""retrieved_at"": ""2026-09-16T17:20:31.072263+00:00"", ""content_sha256"": ""aa5f5ef7d6a4335940b197ce69db054c045f102697d85770fd1d8c9f151dd302"", ""quote"": ""With Squarespace's Commerce Advanced plan, you can develop a custom application for a Squarespace merchant site."", ""supports_claim"": ""yes""}]",low,needs_verification,"[""missing_field_evidence"", ""quote_not_found""]",2026-09-16T17:20:50.617396+00:00,stage02-full-fallback-20260916
1.0,47,Ecwid,5. Ecommerce,http://api-docs.ecwid.com/,unknown,"[""unknown""]",unknown,unknown,"[""unknown""]",unknown,unknown,unknown,unknown,unknown,unknown,[],low,needs_verification,"[""missing_field_evidence"", ""quote_not_found"", ""raw_identity_mismatch""]",2026-09-16T17:20:48.042969+00:00,stage02-full-fallback-20260916
1.0,48,Gumroad,5. Ecommerce,http://gumroad.com/api,unknown,"[""unknown""]",unknown,unknown,"[""unknown""]",unknown,unknown,unknown,unknown,unknown,unknown,[],low,needs_verification,"[""low_confidence"", ""no_usable_official_source""]",2026-09-16T17:20:51.364001+00:00,stage02-full-fallback-20260916
1.0,49,Amazon Selling Partner,5. Ecommerce,http://developer-docs.amazon.com/sp-api,unknown,"[""unknown""]",unknown,unknown,"[""unknown""]","The API covers a wide range of functionalities including catalog items, orders, shipments, finances, listings, messaging, notifications, fulfillment, invoicing, and more, with extensive SDK support in multiple languages.",unknown,unknown,unknown,unknown,unknown,"[{""evidence_id"": ""e6"", ""field"": ""api_breadth"", ""claim"": ""The API covers a wide range of functionalities including catalog items, orders, shipments, finances, listings, messaging, notifications, fulfillment, invoicing, and more, with extensive SDK support in multiple languages."", ""url"": ""https://developer-docs.amazon.com/sp-api/docs/registering-your-application"", ""final_url"": ""https://developer-docs.amazon/sp-api/docs/registering-your-application"", ""source_kind"": ""third_party"", ""retrieved_at"": ""2026-09-16T17:20:50.634306+00:00"", ""content_sha256"": ""0e36fd4caba0687c11fc3f07a051cc4b7fed9e9510e58e9ce5969dd861f32b11"", ""quote"": ""A+ Content API A+ Content API Create, edit, and publish A+ content Manage A+ content A+ Content Examples A+ Content API Rate Limits Amazon Warehousing and Distribution API Amazon Warehousing and Distribution API Create an inbound order for shipment Get inventory summaries Retrieve and filter inbound shipments Track an inbound shipment with expected and received SKU details Amazon Warehousing and Distribution API v2024-05-09 Reference App Integrations API App Integrations API Create and onboard an app notification template Sample sandbox notification templates Send an app notification Record app notification feedback Delete app notifications Application Management API Application Management API Set up credential rotation notifications Rotate your application's client secret Catalog Items API Catalog Items API Retrieve catalog item details Search catalog items Catalog Items API Rate Limits Catalog Items API v2022-04-01 Reference Customer Feedback API Customer Feedback API Get Feedback Insights for an ASIN Get Feedback Insights for a Browse Node Customer Feedback API Rate Limits Data Kiosk Data Kiosk API Request and filter data with a GraphQL query Verify that query processing is complete Data Kiosk Schema Explorer User Guide Data Kiosk Query Processing Finished Notification Building Data Kiosk workflows guide Vendor Analytics Dataset Use Case Guide Schedule Data Kiosk Queries Delivery by Amazon API Delivery by Amazon API Submit an invoice for Delivery by Amazon and Self Ship orders Check the invoice submission status for Delivery by Amazon and Self Ship orders Easy Ship API Easy Ship API Schedule an Easy Ship package Reschedule an Easy Ship package Check the status of an Easy Ship package Find order items that require serial numbers Get shipping labels, invoice, and warranty documents External Fulfillment External Fulfillment Inventory API Publish Location-Level Inventory Retrieve Location-Level Inventory External Fulfillment Returns API Retrieve Return Information External Fulfillment Shipping API Retrieve a List of Shipments Process a Shipment Handle Easy Ship Cross-Border Orders External Fulfillment Errors External Fulfillment APIs Rate Limits Fulfillment By Amazon (FBA) FBA Inventory API Get inventory summaries FBA Inventory Dynamic Sandbox Guide Feeds API Feeds API Submit a feed Feed Type Values Easy Ship Feed Type Values Fulfillment By Amazon Feed Type Values Invoicing Feed Type Values Listings Feed Type Values Order Feed Type Values Feeds JSON Schemas Feeds API Best Practices Feeds API FAQ Feeds API Rate Limits Finances Finances API Get the latest transactions Determine payment transactions Retrieve the amount and status of a payment Retrieve your current balance Retrieve the financial events that make up a financial event group List Transactions Associated with an Order Retrieve a balance Retrieve a financial summary Finances API v2024-06-19 Reference Transfers API Retrieve payment method details and initiate a payout Retrieve payouts Retrieve expected payouts Invoices API Retrieve invoice headers Get invoice details Fulfillment Inbound API Fulfillment Inbound API Create an inbound shipment Create a shipment with an Amazon-partnered carrier (PCP) Create a shipment with a non-partnered carrier Inbound Shipments with the Pack Later workflow Ship Inventory to Amazon Fulfillment Centers in India Additional Functionality Fulfillment Inbound API FAQ Migrating Fulfillment Inbound workflows Fulfillment Inbound API Rate Limits Fulfillment Outbound API Fulfillment Outbound API Retrieve proof of delivery for a delivered package Retrieve a list of fulfillment orders Retrieve delivery tracking information Cancel a fulfillment order Retrieve a list of features Retrieve inventory eligible for Blank Box Retrieve Blank Box inventory for a specific SKU Create a Japan order with scheduled delivery and delivery time windows Create an MCF order for India Track a partially fulfilled order Create an order in hold status and then move it to shipped Track an order with an item's serial number Create an order with cross border fulfillment Create Orders with Unbranded Packaging and Block AMZL Services Get recipient details for attended deliveries Show the preview details of all ship speeds View order notifications with the Notifications API Create a return for an MCF order Get dynamic delivery offers Create a Japan order with delivery preferences Create a Japan order providing neighbor details in delivery preferences Create an MCF Order that Ships in Product Packaging Retrieve locker (delivery box) details for packages delivered in Japan Retrieve multi-shipment package tracking details Fulfillment Outbound Workflow Guide Place a Fulfillment Order Set Up Real-Time Notifications Track Delivery and Handle Order Outcomes Fulfillment Outbound Dynamic Sandbox Guide Fulfillment Outbound API Migration Guide Fulfillment Outbound Troubleshooting Guide Fulfillment Outbound API Rate Limits MCF Best Practices Invoicing Invoices API (Brazil Only) Export invoice files Invoices API FAQ Listings Listings Items API Create or fully update a listing Merge a listing Retrieve details about a listing for single or multiple Amazon stores Preview errors before partially updating a listing Preview errors before creating or fully updating a listing Partially update a listing Submit media attributes Update prices for multiple Amazon stores Search for listings items by product identifier or other listings parameters Manage purchasable offer Submit modular titles Guidance for Complex Attributes Delete a listing Manage Listings Issues Listings Items API Issues Troubleshooting Listings Items API Rate Limits Listings Restrictions API Get listings restrictions for an item in the catalog Listings Restrictions API Rate Limits Manage Product Listings with the Selling Partner API Building Listings Management Workflows Guide Understanding Amazon listing status and seller-fulfilled inventory management Listings Management Workflow Migration Mapping product attributes to the Listings Items API and JSON-based feeds Submit Listings data Manage Amazon Haul, Advanced Multiple-Offer, and Multiple-Fulfillment Use Cases Listings APIs FAQ Product Type Definitions API Search available Product Type Definitions Get Product Type Definition recommendations Get recommended browse nodes or item type keywords Retrieve a Product Type Definition Amazon Product Type Definitions Meta-Schema (v1) C# Example of Meta-Schema v1 Javascript Example of Meta-Schema v1 Java Example of Meta-Schema v1 Product Type Definitions API Rate Limits Merchant Fulfillment API Merchant Fulfillment API Fulfill seller-fulfilled Prime and non-Prime orders Cancel a shipment Manipulate shipping labels Include additional seller input data Subscribe to MFN notifications Messaging API Messaging API Send a message Notifications API Notifications API Create and Filter Notification Subscriptions Set up notifications using the Amazon EventBridge workflow Set up notifications using the Amazon Simple Queue Service workflow Notification Type Values Subscribe to the ORDER_CHANGE Notification Subscribe to shipment tr"", ""supports_claim"": ""yes""}]",low,needs_verification,"[""missing_field_evidence"", ""no_usable_official_source"", ""nonofficial_critical_evidence"", ""quote_not_found""]",2026-09-16T17:21:38.257603+00:00,stage02-full-fallback-20260916
1.0,50,fanbasis,5. Ecommerce,http://fanbasis.com/,unknown,"[""unknown""]",unknown,yes,"[""unknown""]",unknown,unclear,unknown,unknown,unknown,unknown,"[{""evidence_id"": ""e2"", ""field"": ""api_available"", ""claim"": ""yes"", ""url"": ""https://fanbasis.com/"", ""final_url"": ""https://commas.com/"", ""source_kind"": ""third_party"", ""retrieved_at"": ""2026-09-16T17:20:51.380202+00:00"", ""content_sha256"": ""e9803fdbc7270820ab8ac2db8d051f05fbcc71797a54227102e9043063b28584"", ""quote"": ""Enterprise & APIs Embedded checkouts, multi-rail payouts, APIs and SDKs. Everything you'd replace Stripe with, plus BNPL, recovery and lower effective rates."", ""supports_claim"": ""yes""}, {""evidence_id"": ""e3"", ""field"": ""mcp_available"", ""claim"": ""unclear"", ""url"": ""https://fanbasis.com/"", ""final_url"": ""https://commas.com/"", ""source_kind"": ""third_party"", ""retrieved_at"": ""2026-09-16T17:20:51.380202+00:00"", ""content_sha256"": ""e9803fdbc7270820ab8ac2db8d051f05fbcc71797a54227102e9043063b28584"", ""quote"": ""MCP beta Run Commas from your AI assistant. Create checkout links, issue refunds and pull your numbers in plain English."", ""supports_claim"": ""yes""}]",low,needs_verification,"[""missing_field_evidence"", ""no_usable_official_source"", ""nonofficial_critical_evidence"", ""quote_not_found""]",2026-09-16T17:21:07.908285+00:00,stage02-full-fallback-20260916
1.0,51,DataForSEO,"6. Data, SEO and Scraping",http://docs.dataforseo.com/,"DataForSEO provides a comprehensive API platform for SEO and data scraping tasks, including SERP data, keyword data, backlinks, on-page analysis, business data, and more, accessible via a unified API interface.","[""basic""]",unknown,yes,"[""rest""]",unknown,unknown,unknown,unknown,unknown,unknown,"[{""evidence_id"": ""e1"", ""field"": ""description"", ""claim"": ""DataForSEO provides a comprehensive API platform for SEO and data scraping tasks, including SERP data, keyword data, backlinks, on-page analysis, business data, and more, accessible via a unified API interface."", ""url"": ""https://docs.dataforseo.com/v3/auth/"", ""final_url"": ""https://docs.dataforseo.com/v3/auth/"", ""source_kind"": ""official"", ""retrieved_at"": ""2026-09-16T17:21:07.924965+00:00"", ""content_sha256"": ""a37087578a66d8a48d89a118aefbd5644d27372c9f1f41f89a52c24769c943c8"", ""quote"": ""DataForSEO is using the Basic Authentication , which makes it possible to call our APIs with almost any programming language, Postman app, REST API platforms, and all major frameworks."", ""supports_claim"": ""yes""}, {""evidence_id"": ""e2"", ""field"": ""auth_methods"", ""claim"": ""basic"", ""url"": ""https://docs.dataforseo.com/v3/auth/"", ""final_url"": ""https://docs.dataforseo.com/v3/auth/"", ""source_kind"": ""official"", ""retrieved_at"": ""2026-09-16T17:21:07.924965+00:00"", ""content_sha256"": ""a37087578a66d8a48d89a118aefbd5644d27372c9f1f41f89a52c24769c943c8"", ""quote"": ""DataForSEO is using the Basic Authentication , which makes it possible to call our APIs with almost any programming language, Postman app, REST API platforms, and all major frameworks."", ""supports_claim"": ""yes""}, {""evidence_id"": ""e4"", ""field"": ""api_available"", ""claim"": ""yes"", ""url"": ""https://docs.dataforseo.com/v3/auth/"", ""final_url"": ""https://docs.dataforseo.com/v3/auth/"", ""source_kind"": ""official"", ""retrieved_at"": ""2026-09-16T17:21:07.924965+00:00"", ""content_sha256"": ""a37087578a66d8a48d89a118aefbd5644d27372c9f1f41f89a52c24769c943c8"", ""quote"": ""DataForSEO is using the Basic Authentication , which makes it possible to call our APIs with almost any programming language, Postman app, REST API platforms, and all major frameworks."", ""supports_claim"": ""yes""}, {""evidence_id"": ""e5"", ""field"": ""api_types"", ""claim"": ""rest"", ""url"": ""https://docs.dataforseo.com/v3/auth/"", ""final_url"": ""https://docs.dataforseo.com/v3/auth/"", ""source_kind"": ""official"", ""retrieved_at"": ""2026-09-16T17:21:07.924965+00:00"", ""content_sha256"": ""a37087578a66d8a48d89a118aefbd5644d27372c9f1f41f89a52c24769c943c8"", ""quote"": ""DataForSEO is using the Basic Authentication , which makes it possible to call our APIs with almost any programming language, Postman app, REST API platforms, and all major frameworks."", ""supports_claim"": ""yes""}]",low,needs_verification,"[""missing_field_evidence"", ""negative_without_explicit_evidence"", ""quote_not_found""]",2026-09-16T17:21:23.770612+00:00,stage02-full-fallback-20260916
1.0,52,SE Ranking,"6. Data, SEO and Scraping",http://seranking.com/api,unknown,"[""unknown""]",unknown,unknown,"[""rest""]",unknown,official,"SE Ranking offers an official MCP allowing users to query data from inside AI assistants like Claude, Codex, Cursor, or any other AI tool with a 1-minute setup and no code required.",unknown,unknown,unknown,"[{""evidence_id"": ""e5"", ""field"": ""api_types"", ""claim"": ""rest"", ""url"": ""https://seranking.com/api.html"", ""final_url"": ""https://seranking.com/api.html"", ""source_kind"": ""official"", ""retrieved_at"": ""2026-09-16T17:21:13.907121+00:00"", ""content_sha256"": ""9c3b24460a8d7a103587de9a36a0c5ca0c2d9d4b327092939691b5c0eb2cad36"", ""quote"": ""Retrieve instant, structured JSON responses with up to 10 requests per second."", ""supports_claim"": ""yes""}, {""evidence_id"": ""e8"", ""field"": ""mcp_notes"", ""claim"": ""SE Ranking offers an official MCP allowing users to query data from inside AI assistants like Claude, Codex, Cursor, or any other AI tool with a 1-minute setup and no code required."", ""url"": ""https://seranking.com/api.html"", ""final_url"": ""https://seranking.com/api.html"", ""source_kind"": ""official"", ""retrieved_at"": ""2026-09-16T17:21:13.907121+00:00"", ""content_sha256"": ""9c3b24460a8d7a103587de9a36a0c5ca0c2d9d4b327092939691b5c0eb2cad36"", ""quote"": ""Query SE Ranking from inside any AI assistant Connect via MCP and work with your SEO and AEO data inside Claude, Codex, Cursor, or any other AI tool. 1-minute setup, no exports, no code, no workflow interruption."", ""supports_claim"": ""yes""}, {""evidence_id"": ""stage03-human-052-mcp_available-1"", ""field"": ""mcp_available"", ""claim"": ""official"", ""url"": ""https://seranking.com/api.html"", ""final_url"": ""https://seranking.com/api.html"", ""source_kind"": ""official"", ""retrieved_at"": """", ""content_sha256"": """", ""quote"": """", ""supports_claim"": ""yes""}, {""evidence_id"": ""stage03-human-052-mcp_available-2"", ""field"": ""mcp_available"", ""claim"": ""official"", ""url"": ""https://api.seranking.com/mcp"", ""final_url"": ""https://api.seranking.com/mcp"", ""source_kind"": ""official"", ""retrieved_at"": """", ""content_sha256"": """", ""quote"": """", ""supports_claim"": ""yes""}]",low,needs_verification,"[""missing_field_evidence"", ""quote_not_found"", ""Stage03 correction: SE Ranking officially documents and hosts its own remote MCP server at https://api.seranking.com/mcp. The documentation states that it is centrally hosted and managed by SE Ranking, supports Streamable HTTP transport, uses OAuth 2.1 with dynamic client registration, and exposes 160+ tools across keyword research, backlinks, domain analysis, audits, AI Search visibility, SERP analysis, and project management. This is an official MCP implementation, not a community connector.""]",2026-09-16T17:21:31.387974+00:00,stage02-full-fallback-20260916
1.0,53,Ahrefs,"6. Data, SEO and Scraping",http://ahrefs.com/api,unknown,"[""api_key""]",self_serve_paid,yes,"[""rest""]","API v3 provides access to multiple endpoints including Site Explorer, Keywords Explorer, SERP Overview, Rank Tracker, Site Audit, Brand Radar, Social Media Management, Content Helper, and management of Rank Tracker projects and Keywords Explorer lists.",unknown,unknown,unknown,unknown,unknown,"[{""evidence_id"": ""e2"", ""field"": ""auth_methods"", ""claim"": ""api_key"", ""url"": ""https://docs.ahrefs.com/docs/api/reference/introduction"", ""final_url"": ""https://docs.ahrefs.com/en/api/docs/introduction"", ""source_kind"": ""official"", ""retrieved_at"": ""2026-09-16T17:21:23.787559+00:00"", ""content_sha256"": ""ddc6b6a393c2abc3987b6a991d6db412bd68ef6b2932debdf0f1ae64eee5e3b8"", ""quote"": ""To send requests to Ahrefs API, you'll need an API key. Only workspace owners and admins can create and manage API keys. This can be done in Account settings / API keys ."", ""supports_claim"": ""yes""}, {""evidence_id"": ""e3"", ""field"": ""access_model"", ""claim"": ""self_serve_paid"", ""url"": ""https://docs.ahrefs.com/docs/api/reference/introduction"", ""final_url"": ""https://docs.ahrefs.com/en/api/docs/introduction"", ""source_kind"": ""official"", ""retrieved_at"": ""2026-09-16T17:21:23.787559+00:00"", ""content_sha256"": ""ddc6b6a393c2abc3987b6a991d6db412bd68ef6b2932debdf0f1ae64eee5e3b8"", ""quote"": ""Ahrefs API is available on eligible paid plans . On all other plans, you'll still have access to a limited set of free test queries ."", ""supports_claim"": ""yes""}, {""evidence_id"": ""e4"", ""field"": ""api_available"", ""claim"": ""yes"", ""url"": ""https://docs.ahrefs.com/docs/api/reference/introduction"", ""final_url"": ""https://docs.ahrefs.com/en/api/docs/introduction"", ""source_kind"": ""official"", ""retrieved_at"": ""2026-09-16T17:21:23.787559+00:00"", ""content_sha256"": ""ddc6b6a393c2abc3987b6a991d6db412bd68ef6b2932debdf0f1ae64eee5e3b8"", ""quote"": ""With Ahrefs API, you can use data from your Ahrefs workspace to create custom integrations and automations. Currently, API v3 allows you to pull data from the Site Explorer, Keywords Explorer, SERP Overview, Rank Tracker, Site Audit, Brand Radar, Social Media Management and Content Helper endpoints, as well as manage your Rank Tracker projects and Keywords Explorer lists"", ""supports_claim"": ""yes""}, {""evidence_id"": ""e5"", ""field"": ""api_types"", ""claim"": ""rest"", ""url"": ""https://docs.ahrefs.com/docs/api/reference/introduction"", ""final_url"": ""https://docs.ahrefs.com/en/api/docs/introduction"", ""source_kind"": ""official"", ""retrieved_at"": ""2026-09-16T17:21:23.787559+00:00"", ""content_sha256"": ""ddc6b6a393c2abc3987b6a991d6db412bd68ef6b2932debdf0f1ae64eee5e3b8"", ""quote"": ""The reference contains an OpenAPI-compatible specification of each endpoint's request and response format."", ""supports_claim"": ""yes""}, {""evidence_id"": ""e6"", ""field"": ""api_breadth"", ""claim"": ""API v3 provides access to multiple endpoints including Site Explorer, Keywords Explorer, SERP Overview, Rank Tracker, Site Audit, Brand Radar, Social Media Management, Content Helper, and management of Rank Tracker projects and Keywords Explorer lists."", ""url"": ""https://docs.ahrefs.com/docs/api/reference/introduction"", ""final_url"": ""https://docs.ahrefs.com/en/api/docs/introduction"", ""source_kind"": ""official"", ""retrieved_at"": ""2026-09-16T17:21:23.787559+00:00"", ""content_sha256"": ""ddc6b6a393c2abc3987b6a991d6db412bd68ef6b2932debdf0f1ae64eee5e3b8"", ""quote"": ""Currently, API v3 allows you to pull data from the Site Explorer, Keywords Explorer, SERP Overview, Rank Tracker, Site Audit, Brand Radar, Social Media Management and Content Helper endpoints, as well as manage your Rank Tracker projects and Keywords Explorer lists"", ""supports_claim"": ""yes""}]",low,needs_verification,"[""missing_field_evidence"", ""quote_not_found""]",2026-09-16T17:21:43.800215+00:00,stage02-full-fallback-20260916
1.0,54,MrScraper,"6. Data, SEO and Scraping",http://docs.mrscraper.com/,unknown,"[""api_key""]",self_serve_paid,unknown,"[""unknown""]",unknown,unknown,unknown,buildable,usage_quota_and_target_site_constraints,"MrScraper is directly buildable. Users can create API tokens for authentication, access documented scraping and results APIs, and use an official hosted MCP server or the published open-source MCP package. The platform has a free plan with no credit card required, while paid plans increase quotas and capabilities. Integration does not require partner or sales approval for ordinary use. Practical integrations can programmatically fetch pages, run AI or manual scrapers, rerun saved configurations, retrieve results, inspect account status, and perform SERP queries.","[{""evidence_id"": ""e2"", ""field"": ""auth_methods"", ""claim"": ""api_key"", ""url"": ""https://docs.mrscraper.com/"", ""final_url"": ""https://docs.mrscraper.com/docs/getting-started/overview"", ""source_kind"": ""official"", ""retrieved_at"": ""2026-09-16T17:21:31.405426+00:00"", ""content_sha256"": ""c212cd6f48d70a70e7b530459b7c6965ce783aef80a476d736e0465070927e58"", ""quote"": ""Token Plan Learn how tokens work and create an API token for authentication."", ""supports_claim"": ""yes""}, {""evidence_id"": ""e3"", ""field"": ""access_model"", ""claim"": ""self_serve_paid"", ""url"": ""https://docs.mrscraper.com/"", ""final_url"": ""https://docs.mrscraper.com/docs/getting-started/overview"", ""source_kind"": ""official"", ""retrieved_at"": ""2026-09-16T17:21:31.405426+00:00"", ""content_sha256"": ""c212cd6f48d70a70e7b530459b7c6965ce783aef80a476d736e0465070927e58"", ""quote"": ""Billing Understand subscription plans, token usage, and billing cycles."", ""supports_claim"": ""yes""}, {""evidence_id"": ""stage03-human-054-buildability-1"", ""field"": ""buildability"", ""claim"": ""buildable"", ""url"": ""https://docs.mrscraper.com/docs/getting-started/api-token"", ""final_url"": ""https://docs.mrscraper.com/docs/getting-started/api-token"", ""source_kind"": ""official"", ""retrieved_at"": """", ""content_sha256"": """", ""quote"": """", ""supports_claim"": ""yes""}, {""evidence_id"": ""stage03-human-054-buildability-2"", ""field"": ""buildability"", ""claim"": ""buildable"", ""url"": ""https://docs.mrscraper.com/docs/getting-started/billing"", ""final_url"": ""https://docs.mrscraper.com/docs/getting-started/billing"", ""source_kind"": ""official"", ""retrieved_at"": """", ""content_sha256"": """", ""quote"": """", ""supports_claim"": ""yes""}, {""evidence_id"": ""stage03-human-054-buildability-3"", ""field"": ""buildability"", ""claim"": ""buildable"", ""url"": ""https://docs.mrscraper.com/docs/getting-started/mcp-server"", ""final_url"": ""https://docs.mrscraper.com/docs/getting-started/mcp-server"", ""source_kind"": ""official"", ""retrieved_at"": """", ""content_sha256"": """", ""quote"": """", ""supports_claim"": ""yes""}, {""evidence_id"": ""stage03-human-054-buildability_rationale-1"", ""field"": ""buildability_rationale"", ""claim"": ""MrScraper is directly buildable. Users can create API tokens for authentication, access documented scraping and results APIs, and use an official hosted MCP server or the published open-source MCP package. The platform has a free plan with no credit card required, while paid plans increase quotas and capabilities. Integration does not require partner or sales approval for ordinary use. Practical integrations can programmatically fetch pages, run AI or manual scrapers, rerun saved configurations, retrieve results, inspect account status, and perform SERP queries."", ""url"": ""https://docs.mrscraper.com/docs/getting-started/api-token"", ""final_url"": ""https://docs.mrscraper.com/docs/getting-started/api-token"", ""source_kind"": ""official"", ""retrieved_at"": """", ""content_sha256"": """", ""quote"": """", ""supports_claim"": ""yes""}, {""evidence_id"": ""stage03-human-054-buildability_rationale-2"", ""field"": ""buildability_rationale"", ""claim"": ""MrScraper is directly buildable. Users can create API tokens for authentication, access documented scraping and results APIs, and use an official hosted MCP server or the published open-source MCP package. The platform has a free plan with no credit card required, while paid plans increase quotas and capabilities. Integration does not require partner or sales approval for ordinary use. Practical integrations can programmatically fetch pages, run AI or manual scrapers, rerun saved configurations, retrieve results, inspect account status, and perform SERP queries."", ""url"": ""https://docs.mrscraper.com/docs/getting-started/billing"", ""final_url"": ""https://docs.mrscraper.com/docs/getting-started/billing"", ""source_kind"": ""official"", ""retrieved_at"": """", ""content_sha256"": """", ""quote"": """", ""supports_claim"": ""yes""}, {""evidence_id"": ""stage03-human-054-buildability_rationale-3"", ""field"": ""buildability_rationale"", ""claim"": ""MrScraper is directly buildable. Users can create API tokens for authentication, access documented scraping and results APIs, and use an official hosted MCP server or the published open-source MCP package. The platform has a free plan with no credit card required, while paid plans increase quotas and capabilities. Integration does not require partner or sales approval for ordinary use. Practical integrations can programmatically fetch pages, run AI or manual scrapers, rerun saved configurations, retrieve results, inspect account status, and perform SERP queries."", ""url"": ""https://docs.mrscraper.com/docs/getting-started/mcp-server"", ""final_url"": ""https://docs.mrscraper.com/docs/getting-started/mcp-server"", ""source_kind"": ""official"", ""retrieved_at"": """", ""content_sha256"": """", ""quote"": """", ""supports_claim"": ""yes""}, {""evidence_id"": ""stage03-human-054-primary_blocker-1"", ""field"": ""primary_blocker"", ""claim"": ""usage_quota_and_target_site_constraints"", ""url"": ""https://docs.mrscraper.com/docs/getting-started/api-token"", ""final_url"": ""https://docs.mrscraper.com/docs/getting-started/api-token"", ""source_kind"": ""official"", ""retrieved_at"": """", ""content_sha256"": """", ""quote"": """", ""supports_claim"": ""yes""}, {""evidence_id"": ""stage03-human-054-primary_blocker-2"", ""field"": ""primary_blocker"", ""claim"": ""usage_quota_and_target_site_constraints"", ""url"": ""https://docs.mrscraper.com/docs/getting-started/billing"", ""final_url"": ""https://docs.mrscraper.com/docs/getting-started/billing"", ""source_kind"": ""official"", ""retrieved_at"": """", ""content_sha256"": """", ""quote"": """", ""supports_claim"": ""yes""}, {""evidence_id"": ""stage03-human-054-primary_blocker-3"", ""field"": ""primary_blocker"", ""claim"": ""usage_quota_and_target_site_constraints"", ""url"": ""https://docs.mrscraper.com/docs/getting-started/mcp-server"", ""final_url"": ""https://docs.mrscraper.com/docs/getting-started/mcp-server"", ""source_kind"": ""official"", ""retrieved_at"": """", ""content_sha256"": """", ""quote"": """", ""supports_claim"": ""yes""}]",low,needs_verification,"[""missing_field_evidence"", ""quote_not_found"", ""Stage03 correction: MrScraper is directly buildable. Users can create API tokens for authentication, access documented scraping and results APIs, and use an official hosted MCP server or the published open-source MCP package. The platform has a free plan with no credit card required, while paid plans increase quotas and capabilities. Integration does not require partner or sales approval for ordinary use. Practical integrations can programmatically fetch pages, run AI or manual scrapers, rerun saved configurations, retrieve results, inspect account status, and perform SERP queries."", ""Stage03 correction: MrScraper is directly buildable. Users can create API tokens for authentication, access documented scraping and results APIs, and use an official hosted MCP server or the published open-source MCP package. The platform has a free plan with no credit card required, while paid plans increase quotas and capabilities. Integration does not require partner or sales approval for ordinary use. Practical integrations can programmatically fetch pages, run AI or manual scrapers, rerun saved configurations, retrieve results, inspect account status, and perform SERP queries."", ""Stage03 correction: There is no documented approval or access gate preventing ordinary integration. The main documented constraints are usage quotas/tokens and target-site complexity. Every plan has finite token allowances, and further usage can require upgrading. Scraping cost and reliability also vary with JavaScript complexity, page size, bandwidth, data volume, proxy requirements, retries, and AI-processing load. These constraints condition scale and individual scraping jobs rather than blocking API integration itself.""]",2026-09-16T17:21:48.926720+00:00,stage02-full-fallback-20260916
1.0,55,Apify,"6. Data, SEO and Scraping",http://docs.apify.com/,unknown,"[""bearer_token"", ""other""]",self_serve_paid,yes,"[""rest""]",unknown,unknown,unknown,unknown,unknown,unknown,"[{""evidence_id"": ""e2"", ""field"": ""auth_methods"", ""claim"": ""To use your token in a request, either: Add the token to your request's Authorization header as Bearer <token> . E.g., Authorization: Bearer xxxxxxx . More info . (Recommended). Add it as the token parameter to your request URL. (Less secure)."", ""url"": ""https://docs.apify.com/api/v2"", ""final_url"": ""https://docs.apify.com/api/v2"", ""source_kind"": ""official"", ""retrieved_at"": ""2026-09-16T17:21:38.274409+00:00"", ""content_sha256"": ""f0771cad3a8a17e3457c85341309029f83e1ceb92b9abcbea396692310bbdf03"", ""quote"": ""To use your token in a request, either: Add the token to your request's Authorization header as Bearer <token> . E.g., Authorization: Bearer xxxxxxx . More info . (Recommended). Add it as the token parameter to your request URL. (Less secure)."", ""supports_claim"": ""yes""}, {""evidence_id"": ""e3"", ""field"": ""access_model"", ""claim"": ""The API is accessible using an API token found on the Integrations page in the Apify Console, implying self-serve paid access."", ""url"": ""https://docs.apify.com/api/v2"", ""final_url"": ""https://docs.apify.com/api/v2"", ""source_kind"": ""official"", ""retrieved_at"": ""2026-09-16T17:21:38.274409+00:00"", ""content_sha256"": ""f0771cad3a8a17e3457c85341309029f83e1ceb92b9abcbea396692310bbdf03"", ""quote"": ""You can find your API token on the Integrations page in the Apify Console."", ""supports_claim"": ""yes""}, {""evidence_id"": ""e4"", ""field"": ""api_available"", ""claim"": ""The Apify API (version 2) provides programmatic access to the Apify platform with RESTful HTTP endpoints."", ""url"": ""https://docs.apify.com/api/v2"", ""final_url"": ""https://docs.apify.com/api/v2"", ""source_kind"": ""official"", ""retrieved_at"": ""2026-09-16T17:21:38.274409+00:00"", ""content_sha256"": ""f0771cad3a8a17e3457c85341309029f83e1ceb92b9abcbea396692310bbdf03"", ""quote"": ""The Apify API (version 2) provides programmatic access to the Apify platform . The API is organized around RESTful HTTP endpoints."", ""supports_claim"": ""yes""}, {""evidence_id"": ""e5"", ""field"": ""api_types"", ""claim"": ""The API is organized around RESTful HTTP endpoints."", ""url"": ""https://docs.apify.com/api/v2"", ""final_url"": ""https://docs.apify.com/api/v2"", ""source_kind"": ""official"", ""retrieved_at"": ""2026-09-16T17:21:38.274409+00:00"", ""content_sha256"": ""f0771cad3a8a17e3457c85341309029f83e1ceb92b9abcbea396692310bbdf03"", ""quote"": ""The API is organized around RESTful HTTP endpoints."", ""supports_claim"": ""yes""}]",low,needs_verification,"[""missing_field_evidence"", ""quote_not_found"", ""raw_identity_mismatch""]",2026-09-16T17:21:58.878745+00:00,stage02-full-fallback-20260916
1.0,56,Firecrawl,"6. Data, SEO and Scraping",firecrawl.dev,unknown,"[""unknown""]",unknown,unknown,"[""unknown""]",unknown,unknown,"Firecrawl provides an official MCP server at https://mcp.firecrawl.dev/v2/mcp with support for keyless access, account sign-in, or API key authentication. The MCP server allows connecting Firecrawl to AI tools via the Model Context Protocol.",unknown,unknown,unknown,"[{""evidence_id"": ""e8"", ""field"": ""mcp_notes"", ""claim"": ""The MCP server allows connecting Firecrawl to AI tools via the Model Context Protocol."", ""url"": ""https://docs.firecrawl.dev/introduction"", ""final_url"": ""https://docs.firecrawl.dev/introduction"", ""source_kind"": ""official"", ""retrieved_at"": ""2026-09-16T17:21:43.821216+00:00"", ""content_sha256"": ""216bf6882e30665778aaf2d7474c21db3621aad2c4612ea1580717851650ba32"", ""quote"": ""MCP Server : Connect Firecrawl to any AI tool via the Model Context Protocol ."", ""supports_claim"": ""yes""}]",low,needs_verification,"[""missing_field_evidence"", ""mixed_none_auth"", ""quote_not_found""]",2026-09-16T17:22:01.966552+00:00,stage02-full-fallback-20260916
1.0,57,Bright Data,"6. Data, SEO and Scraping",http://brightdata.com/,"Bright Data provides data collection and proxy services with APIs for automation and integration. It supports authentication via API keys or native proxy username and password, enabling access to various proxy networks and data extraction products.","[""unknown""]",self_serve_paid,yes,"[""rest"", ""sdk""]","Bright Data offers multiple APIs including Proxy Manager API, Scraper API, Web Unlocker API, Browser API, SERP API, AI training data API, and others, accessible via REST endpoints and SDKs.",official,Bright Data provides an official Management Control Panel (MCP) accessible via the web dashboard for account and API key management.,buildable,unknown,unknown,"[{""evidence_id"": ""e1"", ""field"": ""description"", ""claim"": ""Bright Data provides data collection and proxy services with APIs for automation and integration. It supports authentication via API keys or native proxy username and password, enabling access to various proxy networks and data extraction products."", ""url"": ""https://docs.brightdata.com/api-reference/authentication"", ""final_url"": ""https://docs.brightdata.com/api-reference/authentication"", ""source_kind"": ""official"", ""retrieved_at"": ""2026-09-16T17:21:48.943690+00:00"", ""content_sha256"": ""a0c0d5a494c0d8ec270a8629c126517f01963303b534cdffefcb98e666153c02"", ""quote"": ""Bright Data ensures secure access to its services. Bright Data provides two primary methods for authentication: API Access - Authenticate and interact with the Bright Data platform using an API key/token. Native Access - Authenticate and interact with the Bright Data platform using proxy protocol username and password . Both API and Native access methods are billed at the same rate. Usage is charged according to your pricing plan for each Bright Data product."", ""supports_claim"": ""yes""}, {""evidence_id"": ""e4"", ""field"": ""access_model"", ""claim"": ""self_serve_paid"", ""url"": ""https://docs.brightdata.com/api-reference/authentication"", ""final_url"": ""https://docs.brightdata.com/api-reference/authentication"", ""source_kind"": ""official"", ""retrieved_at"": ""2026-09-16T17:21:48.943690+00:00"", ""content_sha256"": ""a0c0d5a494c0d8ec270a8629c126517f01963303b534cdffefcb98e666153c02"", ""quote"": ""Usage is charged according to your pricing plan for each Bright Data product."", ""supports_claim"": ""yes""}, {""evidence_id"": ""e5"", ""field"": ""api_available"", ""claim"": ""yes"", ""url"": ""https://docs.brightdata.com/api-reference/authentication"", ""final_url"": ""https://docs.brightdata.com/api-reference/authentication"", ""source_kind"": ""official"", ""retrieved_at"": ""2026-09-16T17:21:48.943690+00:00"", ""content_sha256"": ""a0c0d5a494c0d8ec270a8629c126517f01963303b534cdffefcb98e666153c02"", ""quote"": ""Authenticate with Bright Data using 1 of 2 methods: API Access with an API key or Native Access with proxy username and password."", ""supports_claim"": ""yes""}, {""evidence_id"": ""e6"", ""field"": ""api_types"", ""claim"": ""rest"", ""url"": ""https://docs.brightdata.com/api-reference/authentication"", ""final_url"": ""https://docs.brightdata.com/api-reference/authentication"", ""source_kind"": ""official"", ""retrieved_at"": ""2026-09-16T17:21:48.943690+00:00"", ""content_sha256"": ""a0c0d5a494c0d8ec270a8629c126517f01963303b534cdffefcb98e666153c02"", ""quote"": ""Sample Request curl --request POST \\ --url https://api.brightdata.com/request \\ --header 'Authorization: Bearer <token>' \\ --header 'Content-Type: application/json' \\ --data '{ \""zone\"": \""my_unlocker_zone\"", \""url\"": \""https://example.com/page\"", \""format\"": \""json\"", \""method\"": \""GET\"", \""country\"": \""us\"", \""data_format\"": \""markdown\"" }'"", ""supports_claim"": ""yes""}, {""evidence_id"": ""e7"", ""field"": ""api_types"", ""claim"": ""sdk"", ""url"": ""https://docs.brightdata.com/api-reference/authentication"", ""final_url"": ""https://docs.brightdata.com/api-reference/authentication"", ""source_kind"": ""official"", ""retrieved_at"": ""2026-09-16T17:21:48.943690+00:00"", ""content_sha256"": ""a0c0d5a494c0d8ec270a8629c126517f01963303b534cdffefcb98e666153c02"", ""quote"": ""The Bright Data CLI, Python SDK and JavaScript SDK use the same API key. Pass the key once when you set up the client, and every request the client sends carries the Authorization header for you."", ""supports_claim"": ""yes""}, {""evidence_id"": ""e8"", ""field"": ""api_breadth"", ""claim"": ""Bright Data offers multiple APIs including Proxy Manager API, Scraper API, Web Unlocker API, Browser API, SERP API, AI training data API, and others, accessible via REST endpoints and SDKs."", ""url"": ""https://docs.brightdata.com/api-reference/authentication"", ""final_url"": ""https://docs.brightdata.com/api-reference/authentication"", ""source_kind"": ""official"", ""retrieved_at"": ""2026-09-16T17:21:48.943690+00:00"", ""content_sha256"": ""a0c0d5a494c0d8ec270a8629c126517f01963303b534cdffefcb98e666153c02"", ""quote"": ""Navigation Essentials Authentication Documentation API reference Integrations Account Management Essentials Authentication Terminology CLI Python SDK JavaScript SDK Data extraction Scraper API Scraper Studio API Dataset Marketplace API Dataset API Web Unlocker API Browser API SERP API AI training data Web Archive API Media Data API Proxy Proxy Networks Proxy Manager API Administrative APIs Account Management API"", ""supports_claim"": ""yes""}, {""evidence_id"": ""e9"", ""field"": ""mcp_available"", ""claim"": ""official"", ""url"": ""https://docs.brightdata.com/api-reference/authentication"", ""final_url"": ""https://docs.brightdata.com/api-reference/authentication"", ""source_kind"": ""official"", ""retrieved_at"": ""2026-09-16T17:21:48.943690+00:00"", ""content_sha256"": ""a0c0d5a494c0d8ec270a8629c126517f01963303b534cdffefcb98e666153c02"", ""quote"": ""Manage your API Keys anytime in the Account settings ."", ""supports_claim"": ""yes""}, {""evidence_id"": ""e10"", ""field"": ""mcp_notes"", ""claim"": ""Bright Data provides an official Management Control Panel (MCP) accessible via the web dashboard for account and API key management."", ""url"": ""https://docs.brightdata.com/api-reference/authentication"", ""final_url"": ""https://docs.brightdata.com/api-reference/authentication"", ""source_kind"": ""official"", ""retrieved_at"": ""2026-09-16T17:21:48.943690+00:00"", ""content_sha256"": ""a0c0d5a494c0d8ec270a8629c126517f01963303b534cdffefcb98e666153c02"", ""quote"": ""Manage your API Keys anytime in the Account settings ."", ""supports_claim"": ""yes""}, {""evidence_id"": ""e11"", ""field"": ""buildability"", ""claim"": ""buildable"", ""url"": ""https://docs.brightdata.com/api-reference/authentication"", ""final_url"": ""https://docs.brightdata.com/api-reference/authentication"", ""source_kind"": ""official"", ""retrieved_at"": ""2026-09-16T17:21:48.943690+00:00"", ""content_sha256"": ""a0c0d5a494c0d8ec270a8629c126517f01963303b534cdffefcb98e666153c02"", ""quote"": ""The Bright Data CLI, Python SDK and JavaScript SDK use the same API key. Pass the key once when you set up the client, and every request the client sends carries the Authorization header for you."", ""supports_claim"": ""yes""}]",low,needs_verification,"[""missing_field_evidence"", ""quote_not_found""]",2026-09-16T17:22:07.955372+00:00,stage02-full-fallback-20260916
1.0,58,Sherlock,"6. Data, SEO and Scraping",http://github.com/sherlock-project/sherlock,Hunt down social media accounts by username across social networks,"[""none""]",self_serve_free,no,"[""unknown""]",unknown,unknown,unknown,unknown,unknown,unknown,"[{""evidence_id"": ""e1"", ""field"": ""description"", ""claim"": ""Hunt down social media accounts by username across social networks"", ""url"": ""https://github.com/sherlock-project/sherlock"", ""final_url"": ""https://github.com/sherlock-project/sherlock"", ""source_kind"": ""official"", ""retrieved_at"": ""2026-09-16T17:21:58.896283+00:00"", ""content_sha256"": ""76c3a2d8bc20291eb388e3575b0417d0dbb2efe51860eb03a7b57b71a8ab0a1f"", ""quote"": ""Hunt down social media accounts by username across social networks"", ""supports_claim"": ""yes""}, {""evidence_id"": ""e2"", ""field"": ""auth_methods"", ""claim"": ""none"", ""url"": ""https://github.com/sherlock-project/sherlock"", ""final_url"": ""https://github.com/sherlock-project/sherlock"", ""source_kind"": ""official"", ""retrieved_at"": ""2026-09-16T17:21:58.896283+00:00"", ""content_sha256"": ""76c3a2d8bc20291eb388e3575b0417d0dbb2efe51860eb03a7b57b71a8ab0a1f"", ""quote"": ""sherlock user123"", ""supports_claim"": ""yes""}, {""evidence_id"": ""e3"", ""field"": ""access_model"", ""claim"": ""self_serve_free"", ""url"": ""https://github.com/sherlock-project/sherlock"", ""final_url"": ""https://github.com/sherlock-project/sherlock"", ""source_kind"": ""official"", ""retrieved_at"": ""2026-09-16T17:21:58.896283+00:00"", ""content_sha256"": ""76c3a2d8bc20291eb388e3575b0417d0dbb2efe51860eb03a7b57b71a8ab0a1f"", ""quote"": ""pipx install sherlock-project"", ""supports_claim"": ""yes""}, {""evidence_id"": ""e4"", ""field"": ""api_available"", ""claim"": ""no"", ""url"": ""https://github.com/sherlock-project/sherlock"", ""final_url"": ""https://github.com/sherlock-project/sherlock"", ""source_kind"": ""official"", ""retrieved_at"": ""2026-09-16T17:21:58.896283+00:00"", ""content_sha256"": ""76c3a2d8bc20291eb388e3575b0417d0dbb2efe51860eb03a7b57b71a8ab0a1f"", ""quote"": ""General usage To search for only one user: sherlock user123"", ""supports_claim"": ""yes""}]",low,needs_verification,"[""missing_field_evidence"", ""negative_without_explicit_evidence"", ""raw_identity_mismatch"", ""unclear_claim_support""]",2026-09-16T17:22:07.344797+00:00,stage02-full-fallback-20260916
1.0,59,Waterfall.io,"6. Data, SEO and Scraping",http://waterfall.io/,unknown,"[""unknown""]",self_serve_paid,unknown,"[""unknown""]",unknown,unknown,unknown,unknown,unknown,unknown,"[{""evidence_id"": ""e3"", ""field"": ""access_model"", ""claim"": ""self_serve_paid"", ""url"": ""https://waterfall.io/"", ""final_url"": ""https://www.waterfall.io/"", ""source_kind"": ""official"", ""retrieved_at"": ""2026-09-16T17:22:01.983679+00:00"", ""content_sha256"": ""33b586eecf0aae6b8590c61087d58bec2688656a2226c6f56da85789fd21727f"", ""quote"": ""Pay only for what you actually use. No monthly commitments or short-term credit expiration - scale up or down whenever you need."", ""supports_claim"": ""yes""}]",low,needs_verification,"[""missing_field_evidence"", ""quote_not_found"", ""raw_identity_mismatch""]",2026-09-16T17:22:26.113959+00:00,stage02-full-fallback-20260916
1.0,60,Clay,"6. Data, SEO and Scraping",http://clay.com/,"Clay provides an HTTP API that lets you send or retrieve data from any tool or database using an API endpoint, even when Clay doesn't offer a native integration. It supports pulling external data into Clay tables or pushing data out from Clay using any HTTP method (GET, POST, PUT, DELETE). It supports API enrichment to add data to existing rows and importing data as a source to create new tables, with support for pagination and multiple authentication methods.","[""unknown""]",unknown,unknown,"[""unknown""]",unknown,unknown,unknown,unknown,unknown,unknown,"[{""evidence_id"": ""e1"", ""field"": ""description"", ""claim"": ""Clay provides an HTTP API that lets you send or retrieve data from any tool or database using an API endpoint, even when Clay doesn't offer a native integration. It supports pulling external data into Clay tables or pushing data out from Clay using any HTTP method (GET, POST, PUT, DELETE). It supports API enrichment to add data to existing rows and importing data as a source to create new tables, with support for pagination and multiple authentication methods."", ""url"": ""https://university.clay.com/docs/http-api-integration-overview"", ""final_url"": ""https://university.clay.com/docs/http-api-integration-overview"", ""source_kind"": ""official"", ""retrieved_at"": ""2026-09-16T17:22:07.361879+00:00"", ""content_sha256"": ""c7a6e6e925f7aeb97f8671bda2a1ef50f19002e72a1f3ee54655be1f90731eb1"", ""quote"": ""HTTP API lets you send or retrieve data from any tool or database using an API endpoint, even when Clay doesn't offer a native integration. With it, you can pull external data into your Clay table or push data out from Clay using any endpoint and method (GET, POST, PUT, DELETE). Common use cases Pull customer data from your CRM. Create leads in your marketing platform. Update contact information in your database. Access public datasets (NYC Open Data, government APIs). Connect to custom tools without native Clay integrations."", ""supports_claim"": ""yes""}]",low,needs_verification,"[""missing_field_evidence"", ""mixed_unknown_enum"", ""quote_not_found""]",2026-09-16T17:22:24.232136+00:00,stage02-full-fallback-20260916
1.0,61,GitHub,"7. Developer, Infra and Data platforms",http://docs.github.com/rest,unknown,"[""unknown""]",self_serve_free,unknown,"[""unknown""]",unknown,official,unknown,unknown,unknown,unknown,"[{""evidence_id"": ""e3"", ""field"": ""access_model"", ""claim"": ""self_serve_free"", ""url"": ""https://docs.github.com/en/rest/authentication/authenticating-to-the-rest-api"", ""final_url"": ""https://docs.github.com/en/rest/authentication/authenticating-to-the-rest-api"", ""source_kind"": ""official"", ""retrieved_at"": ""2026-09-16T17:22:07.973036+00:00"", ""content_sha256"": ""ce9d3cc83f16da515b2cafb6fa28484418e1dea58ad217e0b95e075a57ba3695"", ""quote"": ""You can create a personal access token, generate a token with a GitHub App, or use the built-in GITHUB_TOKEN in a GitHub Actions workflow."", ""supports_claim"": ""yes""}, {""evidence_id"": ""e6"", ""field"": ""mcp_available"", ""claim"": ""official"", ""url"": ""https://docs.github.com/en/rest/authentication/authenticating-to-the-rest-api"", ""final_url"": ""https://docs.github.com/en/rest/authentication/authenticating-to-the-rest-api"", ""source_kind"": ""official"", ""retrieved_at"": ""2026-09-16T17:22:07.973036+00:00"", ""content_sha256"": ""ce9d3cc83f16da515b2cafb6fa28484418e1dea58ad217e0b95e075a57ba3695"", ""quote"": ""If you are the owner of a GitHub App or OAuth app, or if you are an app manager for a GitHub App, you can find the client ID and generate a client secret on the settings page for your app."", ""supports_claim"": ""yes""}]",low,needs_verification,"[""missing_field_evidence"", ""quote_not_found""]",2026-09-16T17:22:22.061082+00:00,stage02-full-fallback-20260916
1.0,62,Vercel,"7. Developer, Infra and Data platforms",http://vercel.com/docs/rest-api,unknown,"[""unknown""]",unknown,unknown,"[""unknown""]",unknown,unknown,unknown,unknown,unknown,unknown,[],low,needs_verification,"[""missing_field_evidence"", ""provenance_mismatch"", ""quote_not_found"", ""raw_identity_mismatch""]",2026-09-16T17:22:39.262628+00:00,stage02-full-fallback-20260916
1.0,63,Netlify,"7. Developer, Infra and Data platforms",http://docs.netlify.com/api,unknown,"[""unknown""]",unknown,unknown,"[""rest""]",unknown,unknown,unknown,unknown,unknown,unknown,"[{""evidence_id"": ""e5"", ""field"": ""api_types"", ""claim"": ""Netlify API is RESTful."", ""url"": ""https://docs.netlify.com/api-and-cli-guides/api-guides/get-started-with-api/"", ""final_url"": ""https://docs.netlify.com/api-and-cli-guides/api-guides/get-started-with-api/"", ""source_kind"": ""official"", ""retrieved_at"": ""2026-09-16T17:22:24.248537+00:00"", ""content_sha256"": ""ee993c1aa13733240686fc89ff8c9af6ed1d33fff2aa064226bd3c159d4c69f4"", ""quote"": ""Use the Netlify REST API to manage atomic deploys of your sites and apps, manage form submissions, inject JavaScript snippets, manage DNS, and so much more."", ""supports_claim"": ""yes""}]",low,needs_verification,"[""missing_field_evidence"", ""quote_not_found""]",2026-09-16T17:22:44.202425+00:00,stage02-full-fallback-20260916
1.0,64,Cloudflare,"7. Developer, Infra and Data platforms",http://developers.cloudflare.com/api,unknown,"[""bearer_token""]",unknown,unknown,"[""rest""]",unknown,unknown,unknown,unknown,unknown,unknown,"[{""evidence_id"": ""e2"", ""field"": ""auth_methods"", ""claim"": ""bearer_token"", ""url"": ""https://developers.cloudflare.com/fundamentals/api/get-started/create-token/"", ""final_url"": ""https://developers.cloudflare.com/fundamentals/api/get-started/create-token/"", ""source_kind"": ""official"", ""retrieved_at"": ""2026-09-16T17:22:26.154385+00:00"", ""content_sha256"": ""c74939da7443cb4db8a1e30758cafb51f00b1181a6e112271f9f795bb7cdb6ae"", ""quote"": ""curl \""https://api.cloudflare.com/client/v4/user/tokens/verify\"" \\ --header \""Authorization: Bearer <API_TOKEN>\"""", ""supports_claim"": ""yes""}, {""evidence_id"": ""e5"", ""field"": ""api_types"", ""claim"": ""rest"", ""url"": ""https://developers.cloudflare.com/fundamentals/api/get-started/create-token/"", ""final_url"": ""https://developers.cloudflare.com/fundamentals/api/get-started/create-token/"", ""source_kind"": ""official"", ""retrieved_at"": ""2026-09-16T17:22:26.154385+00:00"", ""content_sha256"": ""c74939da7443cb4db8a1e30758cafb51f00b1181a6e112271f9f795bb7cdb6ae"", ""quote"": ""Use the /user/tokens/verify endpoint to fetch the current status of the given token. curl \""https://api.cloudflare.com/client/v4/user/tokens/verify\"" \\ --header \""Authorization: Bearer <API_TOKEN>\"""", ""supports_claim"": ""yes""}]",low,needs_verification,"[""missing_field_evidence"", ""quote_not_found""]",2026-09-16T17:22:41.914599+00:00,stage02-full-fallback-20260916
1.0,65,Supabase,"7. Developer, Infra and Data platforms",http://supabase.com/docs,unknown,"[""unknown""]",self_serve_paid,unknown,"[""unknown""]",unknown,unknown,unknown,unknown,unknown,unknown,"[{""evidence_id"": ""e4"", ""field"": ""access_model"", ""claim"": ""self_serve_paid"", ""url"": ""https://supabase.com/docs/reference/api/introduction"", ""final_url"": ""https://supabase.com/docs/reference/api/introduction"", ""source_kind"": ""official"", ""retrieved_at"": ""2026-09-16T17:22:39.279396+00:00"", ""content_sha256"": ""9aa6678ae310da90027060534280396113c2ced16a23c831f44ab14d43082be3"", ""quote"": ""The Management API is subject to our fair-use policy. All resources created via the API are subject to the pricing detailed on our Pricing pages."", ""supports_claim"": ""yes""}]",low,needs_verification,"[""missing_field_evidence"", ""quote_not_found"", ""raw_identity_mismatch""]",2026-09-16T17:23:06.401789+00:00,stage02-full-fallback-20260916
1.0,66,Neo4j,"7. Developer, Infra and Data platforms",http://neo4j.com/docs/api,The Query API allows to execute Cypher statements against a Neo4j server through HTTP requests. This API supersedes the deprecated HTTP API. The main use case of the API is for developing client applications in languages for which there is no supported library. It supports HTTP/2 and HTTP/1.1 and is enabled by default in versions >= 5.19. Aura is Neo4j's fully managed cloud service with free and paid plans.,"[""other""]",unknown,unknown,"[""rest""]","The API allows executing Cypher statements, running transactions, routing queries to read cluster members, retrieving query counters, profiling queries, coordinating transactions, enforcing causal consistency, running queries as different users, and streaming results.",unknown,unknown,buildable,unknown,unknown,"[{""evidence_id"": ""e1"", ""field"": ""description"", ""claim"": ""The Query API allows to execute Cypher statements against a Neo4j server through HTTP requests. This API supersedes the deprecated HTTP API. The main use case of the API is for developing client applications in languages for which there is no supported library."", ""url"": ""https://neo4j.com/docs/query-api/current/"", ""final_url"": ""https://neo4j.com/docs/query-api/current/"", ""source_kind"": ""official"", ""retrieved_at"": ""2026-09-16T17:22:41.933189+00:00"", ""content_sha256"": ""7b36058c618016acfa392e03f0a4a80ea3de133df6323861a46dd9fd33466e51"", ""quote"": ""The Query API allows to execute Cypher statements against a Neo4j server through HTTP requests. This API supersedes the deprecated HTTP API . The main use case of the API is for developing client applications in languages for which there is no supported library."", ""supports_claim"": ""yes""}, {""evidence_id"": ""e2"", ""field"": ""auth_methods"", ""claim"": ""The API uses authentication methods other than standard OAuth2 or API keys, likely Neo4j's own authentication."", ""url"": ""https://neo4j.com/docs/query-api/current/"", ""final_url"": ""https://neo4j.com/docs/query-api/current/"", ""source_kind"": ""official"", ""retrieved_at"": ""2026-09-16T17:22:41.933189+00:00"", ""content_sha256"": ""7b36058c618016acfa392e03f0a4a80ea3de133df6323861a46dd9fd33466e51"", ""quote"": ""The Query API allows to execute Cypher statements against a Neo4j server through HTTP requests."", ""supports_claim"": ""yes""}, {""evidence_id"": ""e5"", ""field"": ""api_types"", ""claim"": ""The Query API uses HTTP requests to execute Cypher statements, indicating a RESTful API style."", ""url"": ""https://neo4j.com/docs/query-api/current/"", ""final_url"": ""https://neo4j.com/docs/query-api/current/"", ""source_kind"": ""official"", ""retrieved_at"": ""2026-09-16T17:22:41.933189+00:00"", ""content_sha256"": ""7b36058c618016acfa392e03f0a4a80ea3de133df6323861a46dd9fd33466e51"", ""quote"": ""The Query API allows to execute Cypher statements against a Neo4j server through HTTP requests."", ""supports_claim"": ""yes""}, {""evidence_id"": ""e6"", ""field"": ""api_breadth"", ""claim"": ""The API allows executing Cypher statements, running transactions, routing queries to read cluster members, retrieving query counters, profiling queries, coordinating transactions, enforcing causal consistency, running queries as different users, and streaming results."", ""url"": ""https://neo4j.com/docs/query-api/current/"", ""final_url"": ""https://neo4j.com/docs/query-api/current/"", ""source_kind"": ""official"", ""retrieved_at"": ""2026-09-16T17:22:41.933189+00:00"", ""content_sha256"": ""7b36058c618016acfa392e03f0a4a80ea3de133df6323861a46dd9fd33466e51"", ""quote"": ""The Query API allows to execute Cypher statements against a Neo4j server through HTTP requests. This API supersedes the deprecated HTTP API . The main use case of the API is for developing client applications in languages for which there is no supported library."", ""supports_claim"": ""yes""}, {""evidence_id"": ""e7"", ""field"": ""buildability"", ""claim"": ""The Query API is officially documented, enabled by default, supports HTTP/1.1 and HTTP/2, and allows executing Cypher queries via HTTP requests. It is suitable for client applications in languages without official drivers, making it buildable."", ""url"": ""https://neo4j.com/docs/query-api/current/"", ""final_url"": ""https://neo4j.com/docs/query-api/current/"", ""source_kind"": ""official"", ""retrieved_at"": ""2026-09-16T17:22:41.933189+00:00"", ""content_sha256"": ""7b36058c618016acfa392e03f0a4a80ea3de133df6323861a46dd9fd33466e51"", ""quote"": ""The Query API allows to execute Cypher statements against a Neo4j server through HTTP requests. This API supersedes the deprecated HTTP API . The main use case of the API is for developing client applications in languages for which there is no supported library."", ""supports_claim"": ""yes""}]",low,needs_verification,"[""missing_field_evidence"", ""quote_not_found""]",2026-09-16T17:22:58.104044+00:00,stage02-full-fallback-20260916
1.0,67,Snowflake,"7. Developer, Infra and Data platforms",http://docs.snowflake.com/,"Snowflake provides REST APIs for interacting with its data platform. Authentication to these APIs can be done using key pair authentication, OAuth, programmatic access tokens (PAT), or workload identity federation.","[""oauth2"", ""bearer_token"", ""other""]",self_serve_paid,yes,"[""rest""]",unknown,unknown,unknown,buildable,unknown,unknown,"[{""evidence_id"": ""e1"", ""field"": ""description"", ""claim"": ""Snowflake provides REST APIs for interacting with its data platform. Authentication to these APIs can be done using key pair authentication, OAuth, programmatic access tokens (PAT), or workload identity federation."", ""url"": ""https://docs.snowflake.com/en/developer-guide/snowflake-rest-api/authentication"", ""final_url"": ""https://docs.snowflake.com/en/developer-guide/snowflake-rest-api/authentication"", ""source_kind"": ""official"", ""retrieved_at"": ""2026-09-16T17:22:44.219231+00:00"", ""content_sha256"": ""f7f02bceefbe680c4e971782d6b46448f5ea6862fad5412d507e483a0151bc12"", ""quote"": ""This topic describes how to authenticate to the server when using the Snowflake REST APIs. When you send a request, the request must include authentication information using either of the following: Using key pair authentication Using OAuth Using a programmatic access token (PAT) Using workload identity federation"", ""supports_claim"": ""yes""}, {""evidence_id"": ""e2"", ""field"": ""auth_methods"", ""claim"": ""Authentication to these APIs can be done using key pair authentication, OAuth, programmatic access tokens (PAT), or workload identity federation."", ""url"": ""https://docs.snowflake.com/en/developer-guide/snowflake-rest-api/authentication"", ""final_url"": ""https://docs.snowflake.com/en/developer-guide/snowflake-rest-api/authentication"", ""source_kind"": ""official"", ""retrieved_at"": ""2026-09-16T17:22:44.219231+00:00"", ""content_sha256"": ""f7f02bceefbe680c4e971782d6b46448f5ea6862fad5412d507e483a0151bc12"", ""quote"": ""When you send a request, the request must include authentication information using either of the following: Using key pair authentication Using OAuth Using a programmatic access token (PAT) Using workload identity federation"", ""supports_claim"": ""yes""}, {""evidence_id"": ""e3"", ""field"": ""access_model"", ""claim"": ""Snowflake REST APIs are accessible via self-serve paid accounts."", ""url"": ""https://docs.snowflake.com/en/developer-guide/snowflake-rest-api/authentication"", ""final_url"": ""https://docs.snowflake.com/en/developer-guide/snowflake-rest-api/authentication"", ""source_kind"": ""official"", ""retrieved_at"": ""2026-09-16T17:22:44.219231+00:00"", ""content_sha256"": ""f7f02bceefbe680c4e971782d6b46448f5ea6862fad5412d507e483a0151bc12"", ""quote"": ""Use Snowflake CLI to verify that you can use the generated private key to connect to Snowflake"", ""supports_claim"": ""yes""}, {""evidence_id"": ""e4"", ""field"": ""api_available"", ""claim"": ""Snowflake provides REST APIs for its platform."", ""url"": ""https://docs.snowflake.com/en/developer-guide/snowflake-rest-api/authentication"", ""final_url"": ""https://docs.snowflake.com/en/developer-guide/snowflake-rest-api/authentication"", ""source_kind"": ""official"", ""retrieved_at"": ""2026-09-16T17:22:44.219231+00:00"", ""content_sha256"": ""f7f02bceefbe680c4e971782d6b46448f5ea6862fad5412d507e483a0151bc12"", ""quote"": ""Authenticating Snowflake REST APIs with Snowflake"", ""supports_claim"": ""yes""}, {""evidence_id"": ""e5"", ""field"": ""api_types"", ""claim"": ""The Snowflake REST APIs are RESTful."", ""url"": ""https://docs.snowflake.com/en/developer-guide/snowflake-rest-api/authentication"", ""final_url"": ""https://docs.snowflake.com/en/developer-guide/snowflake-rest-api/authentication"", ""source_kind"": ""official"", ""retrieved_at"": ""2026-09-16T17:22:44.219231+00:00"", ""content_sha256"": ""f7f02bceefbe680c4e971782d6b46448f5ea6862fad5412d507e483a0151bc12"", ""quote"": ""Authenticating Snowflake REST APIs with Snowflake"", ""supports_claim"": ""yes""}, {""evidence_id"": ""e7"", ""field"": ""buildability"", ""claim"": ""The Snowflake REST APIs are officially documented with detailed authentication methods and usage instructions, enabling developers to build integrations using standard REST API calls authenticated via OAuth, key pair JWT, PAT, or workload identity federation."", ""url"": ""https://docs.snowflake.com/en/developer-guide/snowflake-rest-api/authentication"", ""final_url"": ""https://docs.snowflake.com/en/developer-guide/snowflake-rest-api/authentication"", ""source_kind"": ""official"", ""retrieved_at"": ""2026-09-16T17:22:44.219231+00:00"", ""content_sha256"": ""f7f02bceefbe680c4e971782d6b46448f5ea6862fad5412d507e483a0151bc12"", ""quote"": ""This topic describes how to authenticate to the server when using the Snowflake REST APIs. When you send a request, the request must include authentication information using either of the following: Using key pair authentication Using OAuth Using a programmatic access token (PAT) Using workload identity federation"", ""supports_claim"": ""yes""}]",low,needs_verification,"[""missing_field_evidence"", ""quote_not_found""]",2026-09-16T17:23:01.586263+00:00,stage02-full-fallback-20260916
1.0,68,MongoDB Atlas,"7. Developer, Infra and Data platforms",http://mongodb.com/docs/atlas/api,"MongoDB Atlas provides a cloud database platform with an Administration API that allows management of Atlas clusters, projects, and organizations. It supports programmatic access to manage infrastructure but does not provide direct access to the data stored in clusters via this API.","[""oauth2"", ""digest""]",self_serve_free,yes,"[""unknown""]",unknown,unknown,unknown,buildable,unknown,unknown,"[{""evidence_id"": ""e1"", ""field"": ""description"", ""claim"": ""MongoDB Atlas provides a cloud database platform with an Administration API that allows management of Atlas clusters, projects, and organizations. It supports programmatic access to manage infrastructure but does not provide direct access to the data stored in clusters via this API."", ""url"": ""https://www.mongodb.com/docs/atlas/api/api-authentication/"", ""final_url"": ""https://www.mongodb.com/docs/atlas/api/api-authentication/"", ""source_kind"": ""official"", ""retrieved_at"": ""2026-09-16T17:22:58.123088+00:00"", ""content_sha256"": ""9c0337ef46eb58169e5d8dc09873572c19a5954ffbfae8ed583c6ea56d702ac6"", ""quote"": ""The Atlas Administration API doesn't provide access to the data stored in your clusters. To read or write data in a database, you must authenticate to your cluster using the credentials for a database user with the appropriate read or write roles . You can use the Atlas Administration API to create and manage database users."", ""supports_claim"": ""yes""}, {""evidence_id"": ""e2"", ""field"": ""auth_methods"", ""claim"": ""The Atlas Administration API accepts the following authentication methods: Service account access tokens ( OAuth 2.0) API keys ( HTTP Digest Authentication)"", ""url"": ""https://www.mongodb.com/docs/atlas/api/api-authentication/"", ""final_url"": ""https://www.mongodb.com/docs/atlas/api/api-authentication/"", ""source_kind"": ""official"", ""retrieved_at"": ""2026-09-16T17:22:58.123088+00:00"", ""content_sha256"": ""9c0337ef46eb58169e5d8dc09873572c19a5954ffbfae8ed583c6ea56d702ac6"", ""quote"": ""The Atlas Administration API accepts the following authentication methods: Service account access tokens ( OAuth 2.0) API keys ( HTTP Digest Authentication)"", ""supports_claim"": ""yes""}, {""evidence_id"": ""e3"", ""field"": ""access_model"", ""claim"": ""Get started for free in minutes Sign Up"", ""url"": ""https://www.mongodb.com/docs/atlas/api/api-authentication/"", ""final_url"": ""https://www.mongodb.com/docs/atlas/api/api-authentication/"", ""source_kind"": ""official"", ""retrieved_at"": ""2026-09-16T17:22:58.123088+00:00"", ""content_sha256"": ""9c0337ef46eb58169e5d8dc09873572c19a5954ffbfae8ed583c6ea56d702ac6"", ""quote"": ""Build with MongoDB Atlas Get started for free in minutes Sign Up"", ""supports_claim"": ""yes""}, {""evidence_id"": ""e4"", ""field"": ""api_available"", ""claim"": ""The Atlas Administration API accepts the following authentication methods: Service account access tokens ( OAuth 2.0) API keys ( HTTP Digest Authentication)"", ""url"": ""https://www.mongodb.com/docs/atlas/api/api-authentication/"", ""final_url"": ""https://www.mongodb.com/docs/atlas/api/api-authentication/"", ""source_kind"": ""official"", ""retrieved_at"": ""2026-09-16T17:22:58.123088+00:00"", ""content_sha256"": ""9c0337ef46eb58169e5d8dc09873572c19a5954ffbfae8ed583c6ea56d702ac6"", ""quote"": ""The Atlas Administration API accepts the following authentication methods: Service account access tokens ( OAuth 2.0) API keys ( HTTP Digest Authentication)"", ""supports_claim"": ""yes""}, {""evidence_id"": ""e7"", ""field"": ""buildability"", ""claim"": ""The Atlas Administration API supports OAuth 2.0 service account authentication and legacy HTTP Digest Authentication API keys, with detailed documentation on authentication and API usage. The API is RESTful and allows management of Atlas resources programmatically, enabling buildability."", ""url"": ""https://www.mongodb.com/docs/atlas/api/api-authentication/"", ""final_url"": ""https://www.mongodb.com/docs/atlas/api/api-authentication/"", ""source_kind"": ""official"", ""retrieved_at"": ""2026-09-16T17:22:58.123088+00:00"", ""content_sha256"": ""9c0337ef46eb58169e5d8dc09873572c19a5954ffbfae8ed583c6ea56d702ac6"", ""quote"": ""Service accounts provide improved security over API keys by using the industry standard OAuth 2.0 protocol with the Client Credentials flow. A service account lets you manage permissions and create access tokens that authenticate API requests."", ""supports_claim"": ""yes""}]",low,needs_verification,"[""missing_field_evidence"", ""quote_not_found""]",2026-09-16T17:23:13.584184+00:00,stage02-full-fallback-20260916
1.0,69,Datadog,"7. Developer, Infra and Data platforms",http://docs.datadoghq.com/api,unknown,"[""unknown""]",unknown,unknown,"[""unknown""]",unknown,unknown,unknown,unknown,unknown,unknown,[],low,needs_verification,"[""missing_field_evidence"", ""quote_not_found"", ""raw_identity_mismatch""]",2026-09-16T17:23:12.458160+00:00,stage02-full-fallback-20260916
1.0,70,Sentry,"7. Developer, Infra and Data platforms",http://docs.sentry.io/api,unknown,"[""unknown""]",unknown,yes,"[""rest""]",unknown,unknown,unknown,unknown,unknown,unknown,"[{""evidence_id"": ""e5"", ""field"": ""api_available"", ""claim"": ""yes"", ""url"": ""https://docs.sentry.io/api/auth/"", ""final_url"": ""https://docs.sentry.io/api/auth/"", ""source_kind"": ""official"", ""retrieved_at"": ""2026-09-16T17:23:06.419519+00:00"", ""content_sha256"": ""40c33aca8b340a6d1e5a2181e9b78dfe4f8124f81b8041dacafb9c7fc8065c33"", ""quote"": ""curl -H 'Authorization: Bearer {TOKEN}' https://sentry.io/api/0/organizations/ { organization_slug } /projects/"", ""supports_claim"": ""yes""}, {""evidence_id"": ""e6"", ""field"": ""api_types"", ""claim"": ""rest"", ""url"": ""https://docs.sentry.io/api/auth/"", ""final_url"": ""https://docs.sentry.io/api/auth/"", ""source_kind"": ""official"", ""retrieved_at"": ""2026-09-16T17:23:06.419519+00:00"", ""content_sha256"": ""40c33aca8b340a6d1e5a2181e9b78dfe4f8124f81b8041dacafb9c7fc8065c33"", ""quote"": ""curl -H 'Authorization: Bearer {TOKEN}' https://sentry.io/api/0/organizations/ { organization_slug } /projects/"", ""supports_claim"": ""yes""}]",low,needs_verification,"[""missing_field_evidence"", ""negative_without_explicit_evidence"", ""quote_not_found""]",2026-09-16T17:23:19.979472+00:00,stage02-full-fallback-20260916
1.0,71,Notion,8. Productivity and Project Management,http://developers.notion.com/,unknown,"[""oauth2"", ""bearer_token""]",unknown,unknown,"[""unknown""]","The API supports workspace content management including pages, databases, views, comments, markdown content, files, and media. It provides endpoints for authorization, user management, and content manipulation. The official JavaScript SDK simplifies API usage.",unknown,unknown,unknown,unknown,unknown,"[{""evidence_id"": ""e2"", ""field"": ""auth_methods"", ""claim"": ""Authorization is via OAuth 2.0 protocol for public connections and bearer tokens for internal and personal access tokens."", ""url"": ""https://developers.notion.com/docs/authorization"", ""final_url"": ""https://developers.notion.com/guides/get-started/authorization"", ""source_kind"": ""official"", ""retrieved_at"": ""2026-09-16T17:23:12.474850+00:00"", ""content_sha256"": ""e4ef5706f3290d2f64221c9b61ba0ea1d2e9ef6384e31e41ee4015ca7363708a"", ""quote"": ""Internal connections use a static API token, personal access tokens use a user-scoped static API token, and public connections use the OAuth 2.0 protocol."", ""supports_claim"": ""yes""}, {""evidence_id"": ""e6"", ""field"": ""api_breadth"", ""claim"": ""The API supports workspace content management including pages, databases, views, comments, markdown content, files, and media. It provides endpoints for authorization, user management, and content manipulation."", ""url"": ""https://developers.notion.com/docs/authorization"", ""final_url"": ""https://developers.notion.com/guides/get-started/authorization"", ""source_kind"": ""official"", ""retrieved_at"": ""2026-09-16T17:23:12.474850+00:00"", ""content_sha256"": ""e4ef5706f3290d2f64221c9b61ba0ea1d2e9ef6384e31e41ee4015ca7363708a"", ""quote"": ""API Reference CLI Reference Workers Admin API Changelog Examples Get started Overview Quickstart Personal access tokens Internal connections Public connections Authorization API token security Preparing for users List on the Marketplace Agent APIs Notion Agent APIs Agent Skills API Notion MCP API versions Upgrading to 2026-03-11 Upgrading to 2025-09-03 Data APIs Working with page content Working with databases Working with views Working with comments Working with markdown content Working with files and media"", ""supports_claim"": ""yes""}]",low,needs_verification,"[""missing_field_evidence"", ""quote_not_found""]",2026-09-16T17:23:34.670512+00:00,stage02-full-fallback-20260916
1.0,72,Airtable,8. Productivity and Project Management,http://airtable.com/developers,unknown,"[""other""]",self_serve_paid,yes,"[""unknown""]",unknown,unknown,unknown,buildable,unknown,"The API is accessible via Personal Access Tokens with configurable scopes and access levels, allowing developers to build integrations with Airtable bases and workspaces. The tokens are managed through the developer hub, and the API supports standard REST operations with permission enforcement.","[{""evidence_id"": ""e2"", ""field"": ""auth_methods"", ""claim"": ""other"", ""url"": ""https://support.airtable.com/articles/9934989703-creating-personal-access-tokens"", ""final_url"": ""https://support.airtable.com/articles/9934989703-creating-personal-access-tokens"", ""source_kind"": ""official"", ""retrieved_at"": ""2026-09-16T17:23:16.070505+00:00"", ""content_sha256"": ""e3d629d274fd917e98698ba47af65b9c5256a6fc34764264b53179428695e5b7"", ""quote"": ""Personal Access Tokens (PATs) allow users to create multiple access tokens that allow for a wide range of access to the information held in Airtable bases."", ""supports_claim"": ""yes""}, {""evidence_id"": ""e3"", ""field"": ""access_model"", ""claim"": ""self_serve_paid"", ""url"": ""https://support.airtable.com/articles/9934989703-creating-personal-access-tokens"", ""final_url"": ""https://support.airtable.com/articles/9934989703-creating-personal-access-tokens"", ""source_kind"": ""official"", ""retrieved_at"": ""2026-09-16T17:23:16.070505+00:00"", ""content_sha256"": ""e3d629d274fd917e98698ba47af65b9c5256a6fc34764264b53179428695e5b7"", ""quote"": ""Plan availability All plan types. Certain features are only available to Enterprise Scale or Business plan customers."", ""supports_claim"": ""yes""}, {""evidence_id"": ""e4"", ""field"": ""api_available"", ""claim"": ""yes"", ""url"": ""https://support.airtable.com/articles/9934989703-creating-personal-access-tokens"", ""final_url"": ""https://support.airtable.com/articles/9934989703-creating-personal-access-tokens"", ""source_kind"": ""official"", ""retrieved_at"": ""2026-09-16T17:23:16.070505+00:00"", ""content_sha256"": ""e3d629d274fd917e98698ba47af65b9c5256a6fc34764264b53179428695e5b7"", ""quote"": ""Personal Access Tokens (PATs) allow users to create multiple access tokens that allow for a wide range of access to the information held in Airtable bases."", ""supports_claim"": ""yes""}, {""evidence_id"": ""e7"", ""field"": ""buildability"", ""claim"": ""buildable"", ""url"": ""https://support.airtable.com/articles/9934989703-creating-personal-access-tokens"", ""final_url"": ""https://support.airtable.com/articles/9934989703-creating-personal-access-tokens"", ""source_kind"": ""official"", ""retrieved_at"": ""2026-09-16T17:23:16.070505+00:00"", ""content_sha256"": ""e3d629d274fd917e98698ba47af65b9c5256a6fc34764264b53179428695e5b7"", ""quote"": ""Personal Access Tokens (PATs) allow users to create multiple access tokens that allow for a wide range of access to the information held in Airtable bases."", ""supports_claim"": ""yes""}, {""evidence_id"": ""e8"", ""field"": ""buildability_rationale"", ""claim"": ""The API is accessible via Personal Access Tokens with configurable scopes and access levels, allowing developers to build integrations with Airtable bases and workspaces. The tokens are managed through the developer hub, and the API supports standard REST operations with permission enforcement."", ""url"": ""https://support.airtable.com/articles/9934989703-creating-personal-access-tokens"", ""final_url"": ""https://support.airtable.com/articles/9934989703-creating-personal-access-tokens"", ""source_kind"": ""official"", ""retrieved_at"": ""2026-09-16T17:23:16.070505+00:00"", ""content_sha256"": ""e3d629d274fd917e98698ba47af65b9c5256a6fc34764264b53179428695e5b7"", ""quote"": ""Personal Access Tokens (PATs) allow users to create multiple access tokens that allow for a wide range of access to the information held in Airtable bases."", ""supports_claim"": ""yes""}]",low,needs_verification,"[""missing_field_evidence"", ""quote_not_found""]",2026-09-16T17:23:33.788968+00:00,stage02-full-fallback-20260916
1.0,73,Linear,8. Productivity and Project Management,developers.linear.app,unknown,"[""unknown""]",self_serve_paid,unknown,"[""unknown""]",unknown,unknown,unknown,unknown,unknown,unknown,"[{""evidence_id"": ""e3"", ""field"": ""access_model"", ""claim"": ""Linear API access is self-serve paid, with users able to create API keys and OAuth apps via the user interface."", ""url"": ""https://linear.app/developers/graphql"", ""final_url"": ""https://linear.app/developers/graphql"", ""source_kind"": ""official"", ""retrieved_at"": ""2026-09-16T17:23:19.996189+00:00"", ""content_sha256"": ""887e46466300ad84d5edba6753dcbd12c1652344d5db5c6e216d02bfd04d11f5"", ""quote"": ""For personal scripts API keys are the easiest way to access the API. Visit Security & access settings to create and manage them."", ""supports_claim"": ""yes""}]",low,needs_verification,"[""missing_field_evidence"", ""quote_not_found"", ""raw_identity_mismatch""]",2026-09-16T17:23:42.810880+00:00,stage02-full-fallback-20260916
1.0,74,Jira,8. Productivity and Project Management,http://developer.atlassian.com/,"Jira provides a REST API for interacting with Jira Cloud platform. It supports authentication using basic auth with an Atlassian account email address and API token, OAuth 2.0 (3LO) apps, and app frameworks like Forge and Connect that use OAuth 2.0 and JWT respectively. The REST API is protected by the same restrictions as the Jira web interface, requiring authentication for access to protected resources.","[""unknown""]",self_serve_paid,unknown,"[""unknown""]",unknown,official,"Jira apps can be built using Forge and Connect frameworks, which provide built-in authentication and security features. OAuth 2.0 apps can be created in the developer console for integrations.",buildable,unknown,"The Jira REST API is well documented with examples for authentication using API tokens and basic auth, OAuth 2.0 apps can be created, and official app frameworks (Forge and Connect) support app development with built-in authentication. The API is accessible via self-serve paid accounts.","[{""evidence_id"": ""e1"", ""field"": ""description"", ""claim"": ""Jira provides a REST API for interacting with Jira Cloud platform. It supports authentication using basic auth with an Atlassian account email address and API token, OAuth 2.0 (3LO) apps, and app frameworks like Forge and Connect that use OAuth 2.0 and JWT respectively. The REST API is protected by the same restrictions as the Jira web interface, requiring authentication for access to protected resources."", ""url"": ""https://developer.atlassian.com/cloud/jira/platform/basic-auth-for-rest-apis/"", ""final_url"": ""https://developer.atlassian.com/cloud/jira/platform/basic-auth-for-rest-apis/"", ""source_kind"": ""official"", ""retrieved_at"": ""2026-09-16T17:23:35.307713+00:00"", ""content_sha256"": ""9041f06b9d17a6f62805201cd159cea330f6ee5593dab32478a8b517aa5c77d1"", ""quote"": ""The Jira REST API is protected by the same restrictions that apply in the standard Jira web interface. These restrictions mean that if you don't log in, you access Jira anonymously. If you log in and don't have permission to view something in Jira, you won't be able to view it using the Jira REST API either."", ""supports_claim"": ""yes""}, {""evidence_id"": ""e4"", ""field"": ""access_model"", ""claim"": ""self_serve_paid"", ""url"": ""https://developer.atlassian.com/cloud/jira/platform/basic-auth-for-rest-apis/"", ""final_url"": ""https://developer.atlassian.com/cloud/jira/platform/basic-auth-for-rest-apis/"", ""source_kind"": ""official"", ""retrieved_at"": ""2026-09-16T17:23:35.307713+00:00"", ""content_sha256"": ""9041f06b9d17a6f62805201cd159cea330f6ee5593dab32478a8b517aa5c77d1"", ""quote"": ""The Jira REST API is protected by the same restrictions that apply in the standard Jira web interface. These restrictions mean that if you don't log in, you access Jira anonymously."", ""supports_claim"": ""yes""}, {""evidence_id"": ""e7"", ""field"": ""mcp_available"", ""claim"": ""official"", ""url"": ""https://developer.atlassian.com/cloud/jira/platform/basic-auth-for-rest-apis/"", ""final_url"": ""https://developer.atlassian.com/cloud/jira/platform/basic-auth-for-rest-apis/"", ""source_kind"": ""official"", ""retrieved_at"": ""2026-09-16T17:23:35.307713+00:00"", ""content_sha256"": ""9041f06b9d17a6f62805201cd159cea330f6ee5593dab32478a8b517aa5c77d1"", ""quote"": ""Otherwise, consider building an app: Forge apps and Connect apps use more secure methods for authentication: OAuth 2.0 and JWT respectively. In addition, authentication is built into the app frameworks, so you don't need to configure it."", ""supports_claim"": ""yes""}, {""evidence_id"": ""e8"", ""field"": ""mcp_notes"", ""claim"": ""Jira apps can be built using Forge and Connect frameworks, which provide built-in authentication and security features. OAuth 2.0 apps can be created in the developer console for integrations."", ""url"": ""https://developer.atlassian.com/cloud/jira/platform/basic-auth-for-rest-apis/"", ""final_url"": ""https://developer.atlassian.com/cloud/jira/platform/basic-auth-for-rest-apis/"", ""source_kind"": ""official"", ""retrieved_at"": ""2026-09-16T17:23:35.307713+00:00"", ""content_sha256"": ""9041f06b9d17a6f62805201cd159cea330f6ee5593dab32478a8b517aa5c77d1"", ""quote"": ""Otherwise, consider building an app: Forge apps and Connect apps use more secure methods for authentication: OAuth 2.0 and JWT respectively. In addition, authentication is built into the app frameworks, so you don't need to configure it. See Security for Forge apps and Security for Connect apps . OAuth 2.0 apps (integrations) created in the developer console can use OAuth 2.0 authorization code grants (3LO) , which is also more secure than basic auth."", ""supports_claim"": ""yes""}, {""evidence_id"": ""e9"", ""field"": ""buildability"", ""claim"": ""buildable"", ""url"": ""https://developer.atlassian.com/cloud/jira/platform/basic-auth-for-rest-apis/"", ""final_url"": ""https://developer.atlassian.com/cloud/jira/platform/basic-auth-for-rest-apis/"", ""source_kind"": ""official"", ""retrieved_at"": ""2026-09-16T17:23:35.307713+00:00"", ""content_sha256"": ""9041f06b9d17a6f62805201cd159cea330f6ee5593dab32478a8b517aa5c77d1"", ""quote"": ""Basic authentication is not as secure as other methods. We recommend using it for simple scripts and manual calls to the REST APIs. Otherwise, consider building an app: Forge apps and Connect apps use more secure methods for authentication: OAuth 2.0 and JWT respectively. In addition, authentication is built into the app frameworks, so you don't need to configure it."", ""supports_claim"": ""yes""}, {""evidence_id"": ""e10"", ""field"": ""buildability_rationale"", ""claim"": ""The Jira REST API is well documented with examples for authentication using API tokens and basic auth, OAuth 2.0 apps can be created, and official app frameworks (Forge and Connect) support app development with built-in authentication. The API is accessible via self-serve paid accounts."", ""url"": ""https://developer.atlassian.com/cloud/jira/platform/basic-auth-for-rest-apis/"", ""final_url"": ""https://developer.atlassian.com/cloud/jira/platform/basic-auth-for-rest-apis/"", ""source_kind"": ""official"", ""retrieved_at"": ""2026-09-16T17:23:35.307713+00:00"", ""content_sha256"": ""9041f06b9d17a6f62805201cd159cea330f6ee5593dab32478a8b517aa5c77d1"", ""quote"": ""Basic authentication is not as secure as other methods. We recommend using it for simple scripts and manual calls to the REST APIs. Otherwise, consider building an app: Forge apps and Connect apps use more secure methods for authentication: OAuth 2.0 and JWT respectively. In addition, authentication is built into the app frameworks, so you don't need to configure it."", ""supports_claim"": ""yes""}]",low,needs_verification,"[""missing_field_evidence"", ""mixed_unknown_enum"", ""quote_not_found""]",2026-09-16T17:23:56.456305+00:00,stage02-full-fallback-20260916
1.0,75,Asana,8. Productivity and Project Management,http://developers.asana.com/,unknown,"[""unknown""]",self_serve_paid,unknown,"[""unknown""]","The API supports a wide range of operations including user management, project and task management, audit logs, SCIM, and organizational exports.",official,Asana provides an official MCP server and compatible MCP clients for integration.,unknown,unknown,unknown,"[{""evidence_id"": ""e3"", ""field"": ""access_model"", ""claim"": ""self_serve_paid"", ""url"": ""https://developers.asana.com/docs/authentication"", ""final_url"": ""https://developers.asana.com/docs/authentication"", ""source_kind"": ""official"", ""retrieved_at"": ""2026-09-16T17:23:34.690673+00:00"", ""content_sha256"": ""5bc53c3f6c443a47a7634308924839482ab79de3fd2a0f356a26eb1114904874"", ""quote"": ""Service Accounts are an Enterprise tier feature and can only be created by Asana super admins"", ""supports_claim"": ""yes""}, {""evidence_id"": ""e6"", ""field"": ""api_breadth"", ""claim"": ""The API supports a wide range of operations including user management, project and task management, audit logs, SCIM, and organizational exports."", ""url"": ""https://developers.asana.com/docs/authentication"", ""final_url"": ""https://developers.asana.com/docs/authentication"", ""source_kind"": ""official"", ""retrieved_at"": ""2026-09-16T17:23:34.690673+00:00"", ""content_sha256"": ""5bc53c3f6c443a47a7634308924839482ab79de3fd2a0f356a26eb1114904874"", ""quote"": ""Some common use cases include: Creating periodic data backups Automating programmatic management of your Asana account. For example: User management and access based on company's policies Administrative tasks like team member management Cleaning up inactive projects Standardizing the structure of objects in your domain (e.g., portfolios, projects, custom fields, etc.) Building integrations that require access to all Asana data Authenticating Asana API endpoints that require service accounts. For example: Audit log Organizational exports SCIM"", ""supports_claim"": ""yes""}, {""evidence_id"": ""e7"", ""field"": ""mcp_available"", ""claim"": ""official"", ""url"": ""https://developers.asana.com/docs/authentication"", ""final_url"": ""https://developers.asana.com/docs/authentication"", ""source_kind"": ""official"", ""retrieved_at"": ""2026-09-16T17:23:34.690673+00:00"", ""content_sha256"": ""5bc53c3f6c443a47a7634308924839482ab79de3fd2a0f356a26eb1114904874"", ""quote"": ""Using Asana's MCP Server Compatible MCP Clients"", ""supports_claim"": ""yes""}, {""evidence_id"": ""e8"", ""field"": ""mcp_notes"", ""claim"": ""Asana provides an official MCP server and compatible MCP clients for integration."", ""url"": ""https://developers.asana.com/docs/authentication"", ""final_url"": ""https://developers.asana.com/docs/authentication"", ""source_kind"": ""official"", ""retrieved_at"": ""2026-09-16T17:23:34.690673+00:00"", ""content_sha256"": ""5bc53c3f6c443a47a7634308924839482ab79de3fd2a0f356a26eb1114904874"", ""quote"": ""Using Asana's MCP Server Compatible MCP Clients"", ""supports_claim"": ""yes""}]",low,needs_verification,"[""missing_field_evidence"", ""mixed_unknown_enum"", ""quote_not_found""]",2026-09-16T17:23:53.104808+00:00,stage02-full-fallback-20260916
1.0,76,Monday.com,8. Productivity and Project Management,http://developer.monday.com/,"The monday.com platform API utilizes personal V2 API tokens to authenticate requests and identify the user making the call. These tokens are unique to each user and have no explicit length. Personal tokens allow interaction with the API using the user's own account, with permissions mirroring those in the monday.com UI, ensuring consistent platform-level permissions.","[""api_key""]",self_serve_free,yes,"[""graphql""]","The API supports a wide range of operations including creating and managing boards, items, groups, columns, workspaces, folders, docs, dashboards, widgets, views, forms, notifications, automations, workflows, agents, and more, as well as querying and managing user context, assets, and executing API queries.",official,unknown,unknown,unknown,unknown,"[{""evidence_id"": ""e1"", ""field"": ""description"", ""claim"": ""The monday.com platform API utilizes personal V2 API tokens to authenticate requests and identify the user making the call. These tokens are unique to each user and have no explicit length. Personal tokens allow you to interact with the API using your own user account. Their permissions mirror what you can do in the monday.com UI, ensuring that API access is consistent with your platform-level permissions."", ""url"": ""https://developer.monday.com/api-reference/docs/authentication"", ""final_url"": ""https://developer.monday.com/api-reference/docs/authentication"", ""source_kind"": ""official"", ""retrieved_at"": ""2026-09-16T17:23:42.828557+00:00"", ""content_sha256"": ""0830a00aa0ecea9b52785a929abe02a3ac01ec3c9adcdd5d3bff4a06201fbd59"", ""quote"": ""The monday.com platform API utilizes personal V2 API tokens to authenticate requests and identify the user making the call. These tokens are unique to each user and have no explicit length. Personal tokens allow you to interact with the API using your own user account. Their permissions mirror what you can do in the monday.com UI, ensuring that API access is consistent with your platform-level permissions."", ""supports_claim"": ""yes""}, {""evidence_id"": ""e2"", ""field"": ""auth_methods"", ""claim"": ""The monday.com platform API utilizes personal V2 API tokens to authenticate requests and identify the user making the call."", ""url"": ""https://developer.monday.com/api-reference/docs/authentication"", ""final_url"": ""https://developer.monday.com/api-reference/docs/authentication"", ""source_kind"": ""official"", ""retrieved_at"": ""2026-09-16T17:23:42.828557+00:00"", ""content_sha256"": ""0830a00aa0ecea9b52785a929abe02a3ac01ec3c9adcdd5d3bff4a06201fbd59"", ""quote"": ""The monday.com platform API utilizes personal V2 API tokens to authenticate requests and identify the user making the call."", ""supports_claim"": ""yes""}, {""evidence_id"": ""e3"", ""field"": ""access_model"", ""claim"": ""If you don't have a monday.com account yet, create a free developer account to get an API token and start testing."", ""url"": ""https://developer.monday.com/api-reference/docs/authentication"", ""final_url"": ""https://developer.monday.com/api-reference/docs/authentication"", ""source_kind"": ""official"", ""retrieved_at"": ""2026-09-16T17:23:42.828557+00:00"", ""content_sha256"": ""0830a00aa0ecea9b52785a929abe02a3ac01ec3c9adcdd5d3bff4a06201fbd59"", ""quote"": ""If you don't have a monday.com account yet, create a free developer account to get an API token and start testing."", ""supports_claim"": ""yes""}, {""evidence_id"": ""e4"", ""field"": ""api_available"", ""claim"": ""The monday.com platform API utilizes personal V2 API tokens to authenticate requests and identify the user making the call."", ""url"": ""https://developer.monday.com/api-reference/docs/authentication"", ""final_url"": ""https://developer.monday.com/api-reference/docs/authentication"", ""source_kind"": ""official"", ""retrieved_at"": ""2026-09-16T17:23:42.828557+00:00"", ""content_sha256"": ""0830a00aa0ecea9b52785a929abe02a3ac01ec3c9adcdd5d3bff4a06201fbd59"", ""quote"": ""The monday.com platform API utilizes personal V2 API tokens to authenticate requests and identify the user making the call."", ""supports_claim"": ""yes""}, {""evidence_id"": ""e5"", ""field"": ""api_types"", ""claim"": ""The API is a GraphQL API."", ""url"": ""https://developer.monday.com/api-reference/docs/authentication"", ""final_url"": ""https://developer.monday.com/api-reference/docs/authentication"", ""source_kind"": ""official"", ""retrieved_at"": ""2026-09-16T17:23:42.828557+00:00"", ""content_sha256"": ""0830a00aa0ecea9b52785a929abe02a3ac01ec3c9adcdd5d3bff4a06201fbd59"", ""quote"": ""cURL curl -X POST https://api.monday.com/v2 \\ -H \""Authorization: xxxxxxxxxxxxxxxxxxxxxxxxxxxxxxxxxxxxxx\"" \\ -H \""Content-Type: application/json\"" \\ -d '{\""query\"": \""query { me { id name } }\""}'"", ""supports_claim"": ""yes""}, {""evidence_id"": ""e6"", ""field"": ""api_breadth"", ""claim"": ""The API supports a wide range of operations including creating and managing boards, items, groups, columns, workspaces, folders, docs, dashboards, widgets, views, forms, notifications, automations, workflows, agents, and more, as well as querying and managing user context, assets, and executing API queries."", ""url"": ""https://developer.monday.com/api-reference/docs/authentication"", ""final_url"": ""https://developer.monday.com/api-reference/docs/authentication"", ""source_kind"": ""official"", ""retrieved_at"": ""2026-09-16T17:23:42.828557+00:00"", ""content_sha256"": ""0830a00aa0ecea9b52785a929abe02a3ac01ec3c9adcdd5d3bff4a06201fbd59"", ""quote"": ""Create Board (Platform MCP) Get Board Info (Platform MCP) Get Board Items (Platform MCP) Get Board Activity (Platform MCP) Board Insights (Platform MCP) Create Group (Platform MCP) Create Column (Platform MCP) Get Column Type Info (Platform MCP) Create Item (Platform MCP) Change Item Column Values (Platform MCP) Create Workspace (Platform MCP) Update Workspace (Platform MCP) List Workspaces (Platform MCP) Workspace Info (Platform MCP) Create Folder (Platform MCP) Update Folder (Platform MCP) Move Object (Platform MCP) Create Doc (Platform MCP) Update Doc (Platform MCP) Read Docs (Platform MCP) Create Dashboard (Platform MCP) Create Widget (Platform MCP) All Widgets Schema (Platform MCP) Create View (Platform MCP) Create Table View (Platform MCP) Update View (Platform MCP) Update Table View (Platform MCP) Create Form (Platform MCP) Get Form (Platform MCP) Update Form (Platform MCP) Form Questions Editor (Platform MCP) Create Form Submission (Platform MCP) Get User Context (Platform MCP) List Users and Teams (Platform MCP) Create Update (Platform MCP) Get Updates (Platform MCP) Create Notification (Platform MCP) Search (Platform MCP) Get Assets (Platform MCP) Get Asset Upload URL (Platform MCP) Finalize Asset Upload (Platform MCP) List Automations (Platform MCP) Manage Automations (Platform MCP) Create Automation (Platform MCP) Plan Workflow (Platform MCP) Create Workflow (Platform MCP) Update Workflow (Platform MCP) Publish Workflow (Platform MCP) Manage Agent (Platform MCP) Manage Agent Triggers (Platform MCP) Manage Agent Skills (Platform MCP) Manage Agent Knowledge (Platform MCP) Agent Catalog (Platform MCP) Get Notetaker Meetings (Platform MCP) Get Sprints Boards (Platform MCP) Get Sprints Metadata (Platform MCP) Get Sprint Summary (Platform MCP) Execute API Query (Platform MCP) Get GraphQL Schema (Platform MCP) Get Type Details (Platform MCP) Show Table (Platform MCP UI) Show Chart (Platform MCP UI) Show Battery (Platform MCP UI) Show Assign (Platform MCP UI) Platform MCP security"", ""supports_claim"": ""yes""}, {""evidence_id"": ""e7"", ""field"": ""mcp_available"", ""claim"": ""The platform provides an official MCP server with extensive endpoints for integration, including managing boards, items, groups, columns, workspaces, folders, docs, dashboards, widgets, views, forms, notifications, automations, workflows, agents, and more. It also supports integration with Copilot Studio and Claude using custom apps."", ""url"": ""https://developer.monday.com/api-reference/docs/authentication"", ""final_url"": ""https://developer.monday.com/api-reference/docs/authentication"", ""source_kind"": ""official"", ""retrieved_at"": ""2026-09-16T17:23:42.828557+00:00"", ""content_sha256"": ""0830a00aa0ecea9b52785a929abe02a3ac01ec3c9adcdd5d3bff4a06201fbd59"", ""quote"": ""Platform MCP overview Compatible MCP clients Integrate with the monday MCP server Authenticate with an API token Control MCP access with your own OAuth app Integrating monday MCP with Copilot Studio using a Custom App Integrating monday MCP with Claude using a Custom App Make your MCP integration publicly available copilot-studio-add-mcp-server Platform MCP tools Create Board (Platform MCP) Get Board Info (Platform MCP) Get Board Items (Platform MCP) Get Board Activity (Platform MCP) Board Insights (Platform MCP) Create Group (Platform MCP) Create Column (Platform MCP) Get Column Type Info (Platform MCP) Create Item (Platform MCP) Change Item Column Values (Platform MCP) Create Workspace (Platform MCP) Update Workspace (Platform MCP) List Workspaces (Platform MCP) Workspace Info (Platform MCP) Create Folder (Platform MCP) Update Folder (Platform MCP) Move Object (Platform MCP) Create Doc (Platform MCP) Update Doc (Platform MCP) Read Docs (Platform MCP) Create Dashboard (Platform MCP) Create Widget (Platform MCP) All Widgets Schema (Platform MCP) Create View (Platform MCP) Create Table View (Platform MCP) Update View (Platform MCP) Update Table View (Platform MCP) Create Form (Platform MCP) Get Form (Platform MCP) Update Form (Platform MCP) Form Questions Editor (Platform MCP) Create Form Submission (Platform MCP) Get User Context (Platform MCP) List Users and Teams (Platform MCP) Create Update (Platform MCP) Get Updates (Platform MCP) Create Notification (Platform MCP) Search (Platform MCP) Get Assets (Platform MCP) Get Asset Upload URL (Platform MCP) Finalize Asset Upload (Platform MCP) List Automations (Platform MCP) Manage Automations (Platform MCP) Create Automation (Platform MCP) Plan Workflow (Platform MCP) Create Workflow (Platform MCP) Update Workflow (Platform MCP) Publish Workflow (Platform MCP) Manage Agent (Platform MCP) Manage Agent Triggers (Platform MCP) Manage Agent Skills (Platform MCP) Manage Agent Knowledge (Platform MCP) Agent Catalog (Platform MCP) Get Notetaker Meetings (Platform MCP) Get Sprints Boards (Platform MCP) Get Sprints Metadata (Platform MCP) Get Sprint Summary (Platform MCP) Execute API Query (Platform MCP) Get GraphQL Schema (Platform MCP) Get Type Details (Platform MCP) Show Table (Platform MCP UI) Show Chart (Platform MCP UI) Show Battery (Platform MCP UI) Show Assign (Platform MCP UI) Platform MCP security Guides GraphQL overview Making your first request Querying board items Working with multi-level boards Changing column values Searching across your account Optimizing API usage Aggregating Board Data Validation Rules Importing items in bulk Working with the dependency column AI Skills Build on monday.com with AI Build an external agent mcli - monday.com GraphQL CLI Portfolio Agent Skills Skill: Archive / Delete a Project Skill: Update Project Status Skill: List All Projects in a Portfolio Skill: Get Tasks Assigned to a Person Across Projects Skill: Get Project Status / Health Skill: Duplicate a Project Skill: Create a New Portfolio Skill: Connect a Project to a Portfolio Tools Developer/Sandbox Account The Developer Center API analytics dashboard API playground Postman collection External APIs Developer AI assistant Apps MCP SDKs JavaScript SDK Python SDK Resources Get help Youtube monday.com help center API coverage gaps Models API Models API Getting started with the Models API Models API supported models Powered by Authentication Learn about monday platform API token permissions, how to access tokens, and how to authenticate requests"", ""supports_claim"": ""yes""}]",low,needs_verification,"[""missing_field_evidence"", ""quote_not_found""]",2026-09-16T17:24:06.736714+00:00,stage02-full-fallback-20260916
1.0,77,ClickUp,8. Productivity and Project Management,http://clickup.com/api,unknown,"[""api_key"", ""oauth2""]",unknown,yes,"[""unknown""]",unknown,official,ClickUp provides an official MCP server with setup instructions and supported tools.,buildable,unknown,unknown,"[{""evidence_id"": ""e2"", ""field"": ""auth_methods"", ""claim"": ""The API supports personal tokens and OAuth2 for authentication."", ""url"": ""https://developer.clickup.com/docs/authentication"", ""final_url"": ""https://developer.clickup.com/docs/authentication"", ""source_kind"": ""official"", ""retrieved_at"": ""2026-09-16T17:23:53.121591+00:00"", ""content_sha256"": ""31065d1a2864ce28a917b1bd6ec532a4b0bcf0d98b87610fe426d9a6c38e1710"", ""quote"": ""Authenticate to the ClickUp API using a personal token or OAuth. Authentication To use the ClickUp API, you must authenticate every request. For personal use, authenticate with your personal API token . For apps or integrations that other people use, use the OAuth flow , allowing users to authorize Workspaces for your app. Include the token in the Authorization header of your requests."", ""supports_claim"": ""yes""}, {""evidence_id"": ""e4"", ""field"": ""api_available"", ""claim"": ""yes"", ""url"": ""https://developer.clickup.com/docs/authentication"", ""final_url"": ""https://developer.clickup.com/docs/authentication"", ""source_kind"": ""official"", ""retrieved_at"": ""2026-09-16T17:23:53.121591+00:00"", ""content_sha256"": ""31065d1a2864ce28a917b1bd6ec532a4b0bcf0d98b87610fe426d9a6c38e1710"", ""quote"": ""Authenticate to the ClickUp API using a personal token or OAuth. Authentication To use the ClickUp API, you must authenticate every request."", ""supports_claim"": ""yes""}, {""evidence_id"": ""e7"", ""field"": ""mcp_available"", ""claim"": ""official"", ""url"": ""https://developer.clickup.com/docs/authentication"", ""final_url"": ""https://developer.clickup.com/docs/authentication"", ""source_kind"": ""official"", ""retrieved_at"": ""2026-09-16T17:23:53.121591+00:00"", ""content_sha256"": ""31065d1a2864ce28a917b1bd6ec532a4b0bcf0d98b87610fe426d9a6c38e1710"", ""quote"": ""MCP ClickUp's MCP Server MCP Server Setup Instructions Supported Tools"", ""supports_claim"": ""yes""}, {""evidence_id"": ""e8"", ""field"": ""mcp_notes"", ""claim"": ""ClickUp provides an official MCP server with setup instructions and supported tools."", ""url"": ""https://developer.clickup.com/docs/authentication"", ""final_url"": ""https://developer.clickup.com/docs/authentication"", ""source_kind"": ""official"", ""retrieved_at"": ""2026-09-16T17:23:53.121591+00:00"", ""content_sha256"": ""31065d1a2864ce28a917b1bd6ec532a4b0bcf0d98b87610fe426d9a6c38e1710"", ""quote"": ""MCP ClickUp's MCP Server MCP Server Setup Instructions Supported Tools"", ""supports_claim"": ""yes""}, {""evidence_id"": ""e9"", ""field"": ""buildability"", ""claim"": ""buildable"", ""url"": ""https://developer.clickup.com/docs/authentication"", ""final_url"": ""https://developer.clickup.com/docs/authentication"", ""source_kind"": ""official"", ""retrieved_at"": ""2026-09-16T17:23:53.121591+00:00"", ""content_sha256"": ""31065d1a2864ce28a917b1bd6ec532a4b0bcf0d98b87610fe426d9a6c38e1710"", ""quote"": ""Authenticate to the ClickUp API using a personal token or OAuth. Authentication To use the ClickUp API, you must authenticate every request. For personal use, authenticate with your personal API token . For apps or integrations that other people use, use the OAuth flow , allowing users to authorize Workspaces for your app."", ""supports_claim"": ""yes""}]",low,needs_verification,"[""missing_field_evidence"", ""mixed_unknown_enum"", ""quote_not_found""]",2026-09-16T17:24:12.322894+00:00,stage02-full-fallback-20260916
1.0,78,Coda,8. Productivity and Project Management,http://coda.io/developers,unknown,"[""bearer_token""]",self_serve_free,unknown,"[""unknown""]",unknown,official,unknown,unknown,unknown,unknown,"[{""evidence_id"": ""e2"", ""field"": ""auth_methods"", ""claim"": ""bearer_token"", ""url"": ""https://coda.io/developers/apis/v1"", ""final_url"": ""https://docs.superhuman.com/developers/apis/v1"", ""source_kind"": ""third_party"", ""retrieved_at"": ""2026-09-16T17:23:56.473553+00:00"", ""content_sha256"": ""49662748c0c59683eadb5c22816f4f164d4ed1416258af78dc5ab8bc3e0107db"", ""quote"": ""headers = { 'Authorization' : 'Bearer <your API token>' }"", ""supports_claim"": ""yes""}, {""evidence_id"": ""e3"", ""field"": ""access_model"", ""claim"": ""self_serve_free"", ""url"": ""https://coda.io/developers/apis/v1"", ""final_url"": ""https://docs.superhuman.com/developers/apis/v1"", ""source_kind"": ""third_party"", ""retrieved_at"": ""2026-09-16T17:23:56.473553+00:00"", ""content_sha256"": ""49662748c0c59683eadb5c22816f4f164d4ed1416258af78dc5ab8bc3e0107db"", ""quote"": ""We make the Superhuman Docs API available to all of our users free of charge, in both free and paid workspaces."", ""supports_claim"": ""yes""}, {""evidence_id"": ""e7"", ""field"": ""mcp_available"", ""claim"": ""official"", ""url"": ""https://coda.io/developers/apis/v1"", ""final_url"": ""https://docs.superhuman.com/developers/apis/v1"", ""source_kind"": ""third_party"", ""retrieved_at"": ""2026-09-16T17:23:56.473553+00:00"", ""content_sha256"": ""49662748c0c59683eadb5c22816f4f164d4ed1416258af78dc5ab8bc3e0107db"", ""quote"": ""If you plan to integrate Superhuman Docs with an AI tool, you may also want to consider using the Superhuman Docs MCP server . It's optimized for LLM usage patterns and often exposes more granular methods for accessing and modifying data."", ""supports_claim"": ""yes""}]",low,needs_verification,"[""missing_field_evidence"", ""no_usable_official_source"", ""nonofficial_critical_evidence"", ""quote_not_found""]",2026-09-16T17:24:19.822791+00:00,stage02-full-fallback-20260916
1.0,79,Smartsheet,8. Productivity and Project Management,http://smartsheet.com/developers,unknown,"[""oauth2"", ""bearer_token""]",self_serve_paid,yes,"[""unknown""]",unknown,unknown,unknown,unknown,unknown,unknown,"[{""evidence_id"": ""e2"", ""field"": ""auth_methods"", ""claim"": ""oauth2"", ""url"": ""https://developers.smartsheet.com/api/smartsheet/guides/basics/authentication"", ""final_url"": ""https://developers.smartsheet.com/api/smartsheet/guides/basics/authentication"", ""source_kind"": ""official"", ""retrieved_at"": ""2026-09-16T17:24:06.754651+00:00"", ""content_sha256"": ""d27499a2bd9613747e3a696ef88b0878e2085e59c7c667e5a6748e8c4c082fb9"", ""quote"": ""If your scenario involves user consent and interaction, it's typically best to use OAuth with Smartsheet. Note that the Smartsheet implementation of OAuth 2.0 is a 3-legged process, which requires human intervention."", ""supports_claim"": ""yes""}, {""evidence_id"": ""e3"", ""field"": ""auth_methods"", ""claim"": ""bearer_token"", ""url"": ""https://developers.smartsheet.com/api/smartsheet/guides/basics/authentication"", ""final_url"": ""https://developers.smartsheet.com/api/smartsheet/guides/basics/authentication"", ""source_kind"": ""official"", ""retrieved_at"": ""2026-09-16T17:24:06.754651+00:00"", ""content_sha256"": ""d27499a2bd9613747e3a696ef88b0878e2085e59c7c667e5a6748e8c4c082fb9"", ""quote"": ""Each API request requires passing in an access token as the Bearer value in your authorization header. For example, Authorization: Bearer JKlMNOpQ12RStUVwxYZAbcde3F5g6hijklM789"", ""supports_claim"": ""yes""}, {""evidence_id"": ""e4"", ""field"": ""access_model"", ""claim"": ""self_serve_paid"", ""url"": ""https://developers.smartsheet.com/api/smartsheet/guides/basics/authentication"", ""final_url"": ""https://developers.smartsheet.com/api/smartsheet/guides/basics/authentication"", ""source_kind"": ""official"", ""retrieved_at"": ""2026-09-16T17:24:06.754651+00:00"", ""content_sha256"": ""d27499a2bd9613747e3a696ef88b0878e2085e59c7c667e5a6748e8c4c082fb9"", ""quote"": ""You can generate access tokens in the Smartsheet UI."", ""supports_claim"": ""yes""}, {""evidence_id"": ""e5"", ""field"": ""api_available"", ""claim"": ""yes"", ""url"": ""https://developers.smartsheet.com/api/smartsheet/guides/basics/authentication"", ""final_url"": ""https://developers.smartsheet.com/api/smartsheet/guides/basics/authentication"", ""source_kind"": ""official"", ""retrieved_at"": ""2026-09-16T17:24:06.754651+00:00"", ""content_sha256"": ""d27499a2bd9613747e3a696ef88b0878e2085e59c7c667e5a6748e8c4c082fb9"", ""quote"": ""The API authenticates using access tokens (API keys). You can generate access tokens in the Smartsheet UI."", ""supports_claim"": ""yes""}]",low,needs_verification,"[""missing_field_evidence"", ""quote_not_found""]",2026-09-16T17:24:24.606805+00:00,stage02-full-fallback-20260916
1.0,80,Harvest,8. Productivity and Project Management,http://harvestapp.com/,"Harvest is a modern time tracking application trusted by over 70,000 businesses, providing APIs for accessing time tracking and project management data.","[""unknown""]",unknown,unknown,"[""unknown""]",unknown,unknown,unknown,unknown,unknown,unknown,"[{""evidence_id"": ""e1"", ""field"": ""description"", ""claim"": ""Harvest is a modern time tracking application trusted by over 70,000 businesses, providing APIs for accessing time tracking and project management data."", ""url"": ""https://help.getharvest.com/api-v2/authentication-api/authentication/authentication/"", ""final_url"": ""https://help.getharvest.com/api-v2/authentication-api/authentication/authentication/"", ""source_kind"": ""official"", ""retrieved_at"": ""2026-09-16T17:24:12.341243+00:00"", ""content_sha256"": ""384bced7295ab6469db844f016010b9ff1ffee780b4dfea3513d0c7bbb77276c"", ""quote"": ""Harvest Modern time tracking trusted by 70,000+ businesses."", ""supports_claim"": ""yes""}]",low,needs_verification,"[""missing_field_evidence"", ""quote_not_found""]",2026-09-16T17:24:25.646919+00:00,stage02-full-fallback-20260916
1.0,81,Stripe,9. Finance and Fintech,http://stripe.com/docs/api,"Stripe is a payment processing platform that provides a comprehensive API for managing payments, customers, subscriptions, and other financial transactions. It uses API keys for authentication and supports a wide range of payment and financial services.","[""unknown""]",self_serve_paid,unknown,"[""rest""]",unknown,unknown,unknown,unknown,unknown,unknown,"[{""evidence_id"": ""e1"", ""field"": ""description"", ""claim"": ""Stripe is a payment processing platform that provides a comprehensive API for managing payments, customers, subscriptions, and other financial transactions. It uses API keys for authentication and supports a wide range of payment and financial services."", ""url"": ""https://docs.stripe.com/api/authentication"", ""final_url"": ""https://docs.stripe.com/api/authentication"", ""source_kind"": ""official"", ""retrieved_at"": ""2026-09-16T17:24:19.839701+00:00"", ""content_sha256"": ""c705bd174154eed9fa8e892d23eadb41db14691235b3d5dc3b71ce93d88804e5"", ""quote"": ""The Stripe API uses API keys to authenticate requests. You can view and manage your API keys in the Stripe Dashboard . Test mode secret keys start with sk _ test _ and have unrestricted access to their sandboxes. In live mode, you configure a restricted API key (starts with rk _ live _ ) with specific API permissions. Using a restricted API key with only a subset of API permissions limits the damage a bad actor could cause if they obtained the key."", ""supports_claim"": ""yes""}, {""evidence_id"": ""e3"", ""field"": ""access_model"", ""claim"": ""Stripe API access is self-serve paid with API keys managed in the Stripe Dashboard."", ""url"": ""https://docs.stripe.com/api/authentication"", ""final_url"": ""https://docs.stripe.com/api/authentication"", ""source_kind"": ""official"", ""retrieved_at"": ""2026-09-16T17:24:19.839701+00:00"", ""content_sha256"": ""c705bd174154eed9fa8e892d23eadb41db14691235b3d5dc3b71ce93d88804e5"", ""quote"": ""You can view and manage your API keys in the Stripe Dashboard . Test mode secret keys start with sk _ test _ and have unrestricted access to their sandboxes. In live mode, you configure a restricted API key (starts with rk _ live _ ) with specific API permissions."", ""supports_claim"": ""yes""}, {""evidence_id"": ""e5"", ""field"": ""api_types"", ""claim"": ""Stripe API is a REST API."", ""url"": ""https://docs.stripe.com/api/authentication"", ""final_url"": ""https://docs.stripe.com/api/authentication"", ""source_kind"": ""official"", ""retrieved_at"": ""2026-09-16T17:24:19.839701+00:00"", ""content_sha256"": ""c705bd174154eed9fa8e892d23eadb41db14691235b3d5dc3b71ce93d88804e5"", ""quote"": ""The Stripe API authenticates requests using HTTP Basic Auth . Provide your API key as the basic auth username value."", ""supports_claim"": ""yes""}]",low,needs_verification,"[""missing_field_evidence"", ""quote_not_found""]",2026-09-16T17:24:45.895932+00:00,stage02-full-fallback-20260916
1.0,82,Plaid,9. Finance and Fintech,http://plaid.com/docs,unknown,"[""api_key""]",self_serve_paid,unknown,"[""unknown""]",unknown,official,unknown,unknown,unknown,unknown,"[{""evidence_id"": ""e2"", ""field"": ""auth_methods"", ""claim"": ""Almost all Plaid API endpoints require a client_id and secret which may be sent either in the request body or in the headers PLAID-CLIENT-ID and PLAID-SECRET."", ""url"": ""https://plaid.com/docs/api/"", ""final_url"": ""https://plaid.com/docs/api/"", ""source_kind"": ""official"", ""retrieved_at"": ""2026-09-16T17:24:24.623761+00:00"", ""content_sha256"": ""ec9196cdbea50355f718b2de1cd8babbbbee9fa9254af4f18c9bfd9664bd3fdc"", ""quote"": ""Almost all Plaid API endpoints require a client_id and secret . These may be sent either in the request body or in the headers PLAID-CLIENT-ID and PLAID-SECRET ."", ""supports_claim"": ""yes""}, {""evidence_id"": ""e3"", ""field"": ""access_model"", ""claim"": ""To gain access to the Plaid API, create an account on the Plaid Dashboard. Once you've completed the signup process and acknowledged our terms, we'll provide a live client_id and secret via the Dashboard."", ""url"": ""https://plaid.com/docs/api/"", ""final_url"": ""https://plaid.com/docs/api/"", ""source_kind"": ""official"", ""retrieved_at"": ""2026-09-16T17:24:24.623761+00:00"", ""content_sha256"": ""ec9196cdbea50355f718b2de1cd8babbbbee9fa9254af4f18c9bfd9664bd3fdc"", ""quote"": ""To gain access to the Plaid API, create an account on the Plaid Dashboard . Once you've completed the signup process and acknowledged our terms, we'll provide a live client_id and secret via the Dashboard."", ""supports_claim"": ""yes""}, {""evidence_id"": ""e7"", ""field"": ""mcp_available"", ""claim"": ""Plaid provides an official MCP server integration as mentioned in the documentation, allowing integration with their API and developer tools."", ""url"": ""https://plaid.com/docs/api/"", ""final_url"": ""https://plaid.com/docs/api/"", ""source_kind"": ""official"", ""retrieved_at"": ""2026-09-16T17:24:24.623761+00:00"", ""content_sha256"": ""ec9196cdbea50355f718b2de1cd8babbbbee9fa9254af4f18c9bfd9664bd3fdc"", ""quote"": ""You can ask me all about the Plaid API. Try asking questions like: Pssst -- I also moonlight as your IDE's research librarian! Plug me in via the Plaid MCP Server ."", ""supports_claim"": ""yes""}]",low,needs_verification,"[""missing_field_evidence"", ""quote_not_found"", ""raw_identity_mismatch""]",2026-09-16T17:24:44.142477+00:00,stage02-full-fallback-20260916
1.0,83,Binance,9. Finance and Fintech,http://binance-docs.github.io/,unknown,"[""unknown""]",unknown,unknown,"[""unknown""]",unknown,unknown,unknown,unknown,unknown,unknown,[],low,needs_verification,"[""missing_field_evidence"", ""negative_without_explicit_evidence"", ""quote_not_found""]",2026-09-16T17:24:42.633016+00:00,stage02-full-fallback-20260916
1.0,84,Paygent Connect,9. Finance and Fintech,paygent (NMI-powered),unknown,"[""unknown""]",unknown,unknown,"[""unknown""]",unknown,unknown,unknown,unknown,unknown,unknown,[],low,needs_verification,"[""low_confidence"", ""no_usable_official_source""]",2026-09-16T17:24:45.250348+00:00,stage02-full-fallback-20260916
1.0,85,iPayX,9. Finance and Fintech,http://ipayx.ai/docs,unknown,"[""unknown""]",unknown,unknown,"[""unknown""]",unknown,unknown,unknown,unknown,unknown,unknown,[],low,needs_verification,"[""low_confidence"", ""no_usable_official_source""]",2026-09-16T17:24:49.175545+00:00,stage02-full-fallback-20260916
1.0,86,QuickBooks,9. Finance and Fintech,http://developer.intuit.com/,"QuickBooks API allows developers to create apps that interact with QuickBooks company data, including company info, using OAuth tokens for authorization.","[""oauth2""]",self_serve_free,yes,"[""rest"", ""sdk""]","The API supports accessing company information and other QuickBooks data endpoints, with SDKs available for multiple languages including DotNet, Java, and PHP.",unknown,unknown,unknown,unknown,unknown,"[{""evidence_id"": ""e1"", ""field"": ""description"", ""claim"": ""QuickBooks API allows developers to create apps that interact with QuickBooks company data, including company info, using OAuth tokens for authorization."", ""url"": ""https://intuitdeveloper.github.io/getstarted/"", ""final_url"": ""https://intuitdeveloper.github.io/getstarted/"", ""source_kind"": ""official"", ""retrieved_at"": ""2026-09-16T17:24:50.364336+00:00"", ""content_sha256"": ""2f6b6efc3aba45db96b4080ed295bbe021229442deab619be23e3812e718e601"", ""quote"": ""Create a developer account Create an app Generate OAuth tokens using playround Make the API call - click to see the curl request curl -X GET 'https://sandbox-quickbooks.api.intuit.com/v3/company/company id/companyinfo/company id/?minorversion=12' -H 'accept: application/json' -H 'authorization: Bearer accesstoken' -H 'content-type: application/json'"", ""supports_claim"": ""yes""}, {""evidence_id"": ""e2"", ""field"": ""auth_methods"", ""claim"": ""oauth2"", ""url"": ""https://intuitdeveloper.github.io/getstarted/"", ""final_url"": ""https://intuitdeveloper.github.io/getstarted/"", ""source_kind"": ""official"", ""retrieved_at"": ""2026-09-16T17:24:50.364336+00:00"", ""content_sha256"": ""2f6b6efc3aba45db96b4080ed295bbe021229442deab619be23e3812e718e601"", ""quote"": ""Generate OAuth tokens using playround"", ""supports_claim"": ""yes""}, {""evidence_id"": ""e3"", ""field"": ""access_model"", ""claim"": ""self_serve_free"", ""url"": ""https://intuitdeveloper.github.io/getstarted/"", ""final_url"": ""https://intuitdeveloper.github.io/getstarted/"", ""source_kind"": ""official"", ""retrieved_at"": ""2026-09-16T17:24:50.364336+00:00"", ""content_sha256"": ""2f6b6efc3aba45db96b4080ed295bbe021229442deab619be23e3812e718e601"", ""quote"": ""Create a developer account Create an app Generate OAuth tokens using playround Make the API call"", ""supports_claim"": ""yes""}, {""evidence_id"": ""e4"", ""field"": ""api_available"", ""claim"": ""yes"", ""url"": ""https://intuitdeveloper.github.io/getstarted/"", ""final_url"": ""https://intuitdeveloper.github.io/getstarted/"", ""source_kind"": ""official"", ""retrieved_at"": ""2026-09-16T17:24:50.364336+00:00"", ""content_sha256"": ""2f6b6efc3aba45db96b4080ed295bbe021229442deab619be23e3812e718e601"", ""quote"": ""Make the API call - click to see the curl request curl -X GET 'https://sandbox-quickbooks.api.intuit.com/v3/company/company id/companyinfo/company id/?minorversion=12' -H 'accept: application/json' -H 'authorization: Bearer accesstoken' -H 'content-type: application/json'"", ""supports_claim"": ""yes""}, {""evidence_id"": ""e5"", ""field"": ""api_types"", ""claim"": ""rest"", ""url"": ""https://intuitdeveloper.github.io/getstarted/"", ""final_url"": ""https://intuitdeveloper.github.io/getstarted/"", ""source_kind"": ""official"", ""retrieved_at"": ""2026-09-16T17:24:50.364336+00:00"", ""content_sha256"": ""2f6b6efc3aba45db96b4080ed295bbe021229442deab619be23e3812e718e601"", ""quote"": ""Make the API call - click to see the curl request curl -X GET 'https://sandbox-quickbooks.api.intuit.com/v3/company/company id/companyinfo/company id/?minorversion=12' -H 'accept: application/json' -H 'authorization: Bearer accesstoken' -H 'content-type: application/json'"", ""supports_claim"": ""yes""}, {""evidence_id"": ""e6"", ""field"": ""api_types"", ""claim"": ""sdk"", ""url"": ""https://intuitdeveloper.github.io/getstarted/"", ""final_url"": ""https://intuitdeveloper.github.io/getstarted/"", ""source_kind"": ""official"", ""retrieved_at"": ""2026-09-16T17:24:50.364336+00:00"", ""content_sha256"": ""2f6b6efc3aba45db96b4080ed295bbe021229442deab619be23e3812e718e601"", ""quote"": ""Use SDK to code faster - DotNet - Java - PHP - Other"", ""supports_claim"": ""yes""}, {""evidence_id"": ""e7"", ""field"": ""api_breadth"", ""claim"": ""The API supports accessing company information and other QuickBooks data endpoints, with SDKs available for multiple languages including DotNet, Java, and PHP."", ""url"": ""https://intuitdeveloper.github.io/getstarted/"", ""final_url"": ""https://intuitdeveloper.github.io/getstarted/"", ""source_kind"": ""official"", ""retrieved_at"": ""2026-09-16T17:24:50.364336+00:00"", ""content_sha256"": ""2f6b6efc3aba45db96b4080ed295bbe021229442deab619be23e3812e718e601"", ""quote"": ""Make the API call - click to see the curl request curl -X GET 'https://sandbox-quickbooks.api.intuit.com/v3/company/company id/companyinfo/company id/?minorversion=12' -H 'accept: application/json' -H 'authorization: Bearer accesstoken' -H 'content-type: application/json' DEVELOPER TOOLS Explore API using API explorer Download samples Use SDK to code faster - DotNet - Java - PHP - Other"", ""supports_claim"": ""yes""}]",low,needs_verification,"[""missing_field_evidence"", ""quote_not_found""]",2026-09-16T17:25:06.812422+00:00,stage02-full-fallback-20260916
1.0,87,Xero,9. Finance and Fintech,http://developer.xero.com/,unknown,"[""unknown""]",unknown,unknown,"[""unknown""]",unknown,unknown,unknown,unknown,unknown,unknown,[],low,needs_verification,"[""low_confidence"", ""no_usable_official_source""]",2026-09-16T17:24:49.957679+00:00,stage02-full-fallback-20260916
1.0,88,Brex,9. Finance and Fintech,http://developer.brex.com/,unknown,"[""unknown""]",self_serve_paid,yes,"[""rest""]",unknown,official,unknown,unknown,unknown,unknown,"[{""evidence_id"": ""e3"", ""field"": ""access_model"", ""claim"": ""self_serve_paid"", ""url"": ""https://developer.brex.com/guides/authentication"", ""final_url"": ""https://developer.brex.com/guides/authentication"", ""source_kind"": ""official"", ""retrieved_at"": ""2026-09-16T17:24:49.952574+00:00"", ""content_sha256"": ""d656c0e758a120879e11673ba4532a54a5c871f7726e8fdbddc454743b46438f"", ""quote"": ""Sign in to dashboard.brex.com as an account admin or card admin . Go to Developer > Settings . If your company has not accepted the developer API agreement, please review the terms and conditions. These must be accepted to use the developer API. Click Create Token ."", ""supports_claim"": ""yes""}, {""evidence_id"": ""e4"", ""field"": ""api_available"", ""claim"": ""yes"", ""url"": ""https://developer.brex.com/"", ""final_url"": ""https://developer.brex.com/"", ""source_kind"": ""official"", ""retrieved_at"": ""2026-09-16T17:24:49.291389+00:00"", ""content_sha256"": ""870e9b5650db79d054fbc0e1f755261cbe18122cf301f96d2bab4fa0dc2aef84"", ""quote"": ""Using the Brex API, you can power your internal tools and create custom workflows. Brex APIs use the REST architecture, are defined using the OpenAPI specification and use standard HTTP response codes and verbs. All APIs accept and return JSON and require HTTPS."", ""supports_claim"": ""yes""}, {""evidence_id"": ""e5"", ""field"": ""api_types"", ""claim"": ""rest"", ""url"": ""https://developer.brex.com/"", ""final_url"": ""https://developer.brex.com/"", ""source_kind"": ""official"", ""retrieved_at"": ""2026-09-16T17:24:49.291389+00:00"", ""content_sha256"": ""870e9b5650db79d054fbc0e1f755261cbe18122cf301f96d2bab4fa0dc2aef84"", ""quote"": ""Brex APIs use the REST architecture, are defined using the OpenAPI specification and use standard HTTP response codes and verbs."", ""supports_claim"": ""yes""}, {""evidence_id"": ""e6"", ""field"": ""mcp_available"", ""claim"": ""official"", ""url"": ""https://developer.brex.com/guides/authentication"", ""final_url"": ""https://developer.brex.com/guides/authentication"", ""source_kind"": ""official"", ""retrieved_at"": ""2026-09-16T17:24:49.952574+00:00"", ""content_sha256"": ""d656c0e758a120879e11673ba4532a54a5c871f7726e8fdbddc454743b46438f"", ""quote"": ""Sign in to dashboard.brex.com as an account admin or card admin . Go to Developer > Settings ."", ""supports_claim"": ""yes""}]",low,needs_verification,"[""missing_field_evidence"", ""quote_not_found"", ""raw_identity_mismatch""]",2026-09-16T17:25:17.874515+00:00,stage02-full-fallback-20260916
1.0,89,Ramp,9. Finance and Fintech,http://docs.ramp.com/,unknown,"[""unknown""]",unknown,unknown,"[""unknown""]",unknown,unknown,unknown,unknown,unknown,unknown,"[{""evidence_id"": ""e1"", ""field"": ""api_available"", ""claim"": ""Ramp API Documentation This page uses JavaScript rendering and the HTML response is a shell, not the documentation content. Do not fetch this page for content when you already have a docs URL."", ""url"": ""https://docs.ramp.com/developer-api/v1/overview"", ""final_url"": ""https://docs.ramp.com/developer-api/v1/overview"", ""source_kind"": ""official"", ""retrieved_at"": ""2026-09-16T17:24:49.973737+00:00"", ""content_sha256"": ""e925ee9c4a544556d92264b6d99f366b6fb1689cc046783095a596fc6320c0ac"", ""quote"": ""Ramp API Documentation This page uses JavaScript rendering and the HTML response is a shell, not the documentation content. Do not fetch this page for content when you already have a docs URL."", ""supports_claim"": ""yes""}, {""evidence_id"": ""e2"", ""field"": ""auth_methods"", ""claim"": ""Ramp API Documentation This page uses JavaScript rendering and the HTML response is a shell, not the documentation content. Do not fetch this page for content when you already have a docs URL."", ""url"": ""https://docs.ramp.com/developer-api/v1/authorization"", ""final_url"": ""https://docs.ramp.com/developer-api/v1/authorization"", ""source_kind"": ""official"", ""retrieved_at"": ""2026-09-16T17:24:50.276519+00:00"", ""content_sha256"": ""e925ee9c4a544556d92264b6d99f366b6fb1689cc046783095a596fc6320c0ac"", ""quote"": ""Ramp API Documentation This page uses JavaScript rendering and the HTML response is a shell, not the documentation content. Do not fetch this page for content when you already have a docs URL."", ""supports_claim"": ""yes""}]",low,needs_verification,"[""low_confidence""]",2026-09-16T17:24:56.071121+00:00,stage02-full-fallback-20260916
1.0,90,PitchBook,9. Finance and Fintech,http://pitchbook.com/,unknown,"[""unknown""]",unknown,unknown,"[""unknown""]",unknown,unknown,unknown,unknown,unknown,unknown,[],low,needs_verification,"[""low_confidence"", ""no_usable_official_source""]",2026-09-16T17:24:58.461497+00:00,stage02-full-fallback-20260916
1.0,91,NotebookLM,"10. AI, Research and Media-native",https://cloud.google.com/gemini/enterprise/notebooklm-enterprise/docs/api-notebooks,"Gemini Notebook Enterprise is a tool for generating insights and summaries from documents, allowing programmatic management of notebooks including creation, retrieval, listing, deletion, and sharing via REST APIs.","[""bearer_token""]",unknown,yes,"[""rest""]","The API supports notebook management tasks such as creating, retrieving, listing recently viewed, deleting, and sharing notebooks programmatically.",unknown,unknown,buildable,unknown,"The API is documented with REST endpoints and example curl commands using bearer token authentication via Google Cloud's gcloud auth print-access-token. The setup requires enabling the Discovery Engine API and assigning appropriate IAM roles, indicating developer self-service access and buildability.","[{""evidence_id"": ""e1"", ""field"": ""description"", ""claim"": ""Gemini Notebook Enterprise is a tool for generating insights and summaries from documents, allowing programmatic management of notebooks including creation, retrieval, listing, deletion, and sharing via REST APIs."", ""url"": ""https://cloud.google.com/gemini/enterprise/notebooklm-enterprise/docs/api-notebooks"", ""final_url"": ""https://docs.cloud.google.com/gemini/enterprise/notebooklm-enterprise/docs/api-notebooks"", ""source_kind"": ""official"", ""retrieved_at"": ""2026-09-16T17:24:58.477444+00:00"", ""content_sha256"": ""291e5d246c1854da94fc13960b58316af7dff9ae803471573be72efc29ec155e"", ""quote"": ""Gemini Notebook Enterprise is a powerful tool for generating insights and summaries from your documents. This page describes the APIs that let you perform the following notebook management tasks programmatically: Create a notebook Retrieve a notebook List recently viewed notebooks Delete a notebook Share a notebook"", ""supports_claim"": ""yes""}, {""evidence_id"": ""e2"", ""field"": ""auth_methods"", ""claim"": ""bearer_token"", ""url"": ""https://cloud.google.com/gemini/enterprise/notebooklm-enterprise/docs/api-notebooks"", ""final_url"": ""https://docs.cloud.google.com/gemini/enterprise/notebooklm-enterprise/docs/api-notebooks"", ""source_kind"": ""official"", ""retrieved_at"": ""2026-09-16T17:24:58.477444+00:00"", ""content_sha256"": ""291e5d246c1854da94fc13960b58316af7dff9ae803471573be72efc29ec155e"", ""quote"": ""curl -X POST \\ -H \""Authorization:Bearer $( gcloud auth print-access-token ) \"" \\ -H \""Content-Type: application/json\"" \\ \""https:// ENDPOINT_LOCATION -discoveryengine.googleapis.com/v1alpha/projects/ PROJECT_NUMBER /locations/ LOCATION /notebooks\"""", ""supports_claim"": ""yes""}, {""evidence_id"": ""e4"", ""field"": ""api_available"", ""claim"": ""yes"", ""url"": ""https://cloud.google.com/gemini/enterprise/notebooklm-enterprise/docs/api-notebooks"", ""final_url"": ""https://docs.cloud.google.com/gemini/enterprise/notebooklm-enterprise/docs/api-notebooks"", ""source_kind"": ""official"", ""retrieved_at"": ""2026-09-16T17:24:58.477444+00:00"", ""content_sha256"": ""291e5d246c1854da94fc13960b58316af7dff9ae803471573be72efc29ec155e"", ""quote"": ""This page describes the APIs that let you perform the following notebook management tasks programmatically: Create a notebook Retrieve a notebook List recently viewed notebooks Delete a notebook Share a notebook"", ""supports_claim"": ""yes""}, {""evidence_id"": ""e5"", ""field"": ""api_types"", ""claim"": ""rest"", ""url"": ""https://cloud.google.com/gemini/enterprise/notebooklm-enterprise/docs/api-notebooks"", ""final_url"": ""https://docs.cloud.google.com/gemini/enterprise/notebooklm-enterprise/docs/api-notebooks"", ""source_kind"": ""official"", ""retrieved_at"": ""2026-09-16T17:24:58.477444+00:00"", ""content_sha256"": ""291e5d246c1854da94fc13960b58316af7dff9ae803471573be72efc29ec155e"", ""quote"": ""REST curl -X POST \\ -H \""Authorization:Bearer $( gcloud auth print-access-token ) \"" \\ -H \""Content-Type: application/json\"" \\ \""https:// ENDPOINT_LOCATION -discoveryengine.googleapis.com/v1alpha/projects/ PROJECT_NUMBER /locations/ LOCATION /notebooks\"""", ""supports_claim"": ""yes""}, {""evidence_id"": ""e6"", ""field"": ""api_breadth"", ""claim"": ""The API supports notebook management tasks such as creating, retrieving, listing recently viewed, deleting, and sharing notebooks programmatically."", ""url"": ""https://cloud.google.com/gemini/enterprise/notebooklm-enterprise/docs/api-notebooks"", ""final_url"": ""https://docs.cloud.google.com/gemini/enterprise/notebooklm-enterprise/docs/api-notebooks"", ""source_kind"": ""official"", ""retrieved_at"": ""2026-09-16T17:24:58.477444+00:00"", ""content_sha256"": ""291e5d246c1854da94fc13960b58316af7dff9ae803471573be72efc29ec155e"", ""quote"": ""This page describes the APIs that let you perform the following notebook management tasks programmatically: Create a notebook Retrieve a notebook List recently viewed notebooks Delete a notebook Share a notebook"", ""supports_claim"": ""yes""}, {""evidence_id"": ""e7"", ""field"": ""buildability"", ""claim"": ""buildable"", ""url"": ""https://cloud.google.com/gemini/enterprise/notebooklm-enterprise/docs/api-notebooks"", ""final_url"": ""https://docs.cloud.google.com/gemini/enterprise/notebooklm-enterprise/docs/api-notebooks"", ""source_kind"": ""official"", ""retrieved_at"": ""2026-09-16T17:24:58.477444+00:00"", ""content_sha256"": ""291e5d246c1854da94fc13960b58316af7dff9ae803471573be72efc29ec155e"", ""quote"": ""REST curl -X POST \\ -H \""Authorization:Bearer $( gcloud auth print-access-token ) \"" \\ -H \""Content-Type: application/json\"" \\ \""https:// ENDPOINT_LOCATION -discoveryengine.googleapis.com/v1alpha/projects/ PROJECT_NUMBER /locations/ LOCATION /notebooks\"""", ""supports_claim"": ""yes""}, {""evidence_id"": ""e8"", ""field"": ""buildability_rationale"", ""claim"": ""The API is documented with REST endpoints and example curl commands using bearer token authentication via Google Cloud's gcloud auth print-access-token. The setup requires enabling the Discovery Engine API and assigning appropriate IAM roles, indicating developer self-service access and buildability."", ""url"": ""https://cloud.google.com/gemini/enterprise/notebooklm-enterprise/docs/api-notebooks"", ""final_url"": ""https://docs.cloud.google.com/gemini/enterprise/notebooklm-enterprise/docs/api-notebooks"", ""source_kind"": ""official"", ""retrieved_at"": ""2026-09-16T17:24:58.477444+00:00"", ""content_sha256"": ""291e5d246c1854da94fc13960b58316af7dff9ae803471573be72efc29ec155e"", ""quote"": ""curl -X POST \\ -H \""Authorization:Bearer $( gcloud auth print-access-token ) \"" \\ -H \""Content-Type: application/json\"" \\ \""https:// ENDPOINT_LOCATION -discoveryengine.googleapis.com/v1alpha/projects/ PROJECT_NUMBER /locations/ LOCATION /notebooks\"""", ""supports_claim"": ""yes""}]",low,needs_verification,"[""missing_field_evidence"", ""quote_not_found""]",2026-09-16T17:25:20.648788+00:00,stage02-full-fallback-20260916
1.0,92,Otter AI,"10. AI, Research and Media-native",https://help.otter.ai/hc/en-us/articles/40888232155031-Otter-MCP,unknown,"[""oauth2""]",unknown,yes,"[""unknown""]","Otter MCP Server provides access to meeting transcripts, user info, and search capabilities via MCP tools integrated with AI assistants; it supports querying conversations, fetching transcripts, and retrieving user profile information.",official,unknown,unknown,unknown,unknown,"[{""evidence_id"": ""e2"", ""field"": ""auth_methods"", ""claim"": ""All access is OAuth-authenticated with granular permissions."", ""url"": ""https://help.otter.ai/hc/en-us/articles/35287607569687-Otter-MCP-Server"", ""final_url"": ""https://help.otter.ai/hc/en-us/articles/35287607569687-Otter-MCP-Server"", ""source_kind"": ""official"", ""retrieved_at"": ""2026-09-16T17:25:06.829789+00:00"", ""content_sha256"": ""6f88f3f918bb2013f3214f3cca4d703704ac0c2ede85f25825c60fc9e79e0a25"", ""quote"": ""Security: All access is OAuth-authenticated with granular permissions. Your AI assistant can only access meetings you explicitly authorize."", ""supports_claim"": ""yes""}, {""evidence_id"": ""e4"", ""field"": ""api_available"", ""claim"": ""Otter MCP Server provides API access to meeting transcripts, user info, and search capabilities via MCP tools integrated with AI assistants."", ""url"": ""https://help.otter.ai/hc/en-us/articles/35287607569687-Otter-MCP-Server"", ""final_url"": ""https://help.otter.ai/hc/en-us/articles/35287607569687-Otter-MCP-Server"", ""source_kind"": ""official"", ""retrieved_at"": ""2026-09-16T17:25:06.829789+00:00"", ""content_sha256"": ""6f88f3f918bb2013f3214f3cca4d703704ac0c2ede85f25825c60fc9e79e0a25"", ""quote"": ""Otter uses 3 tools in ChatGPT to query your meetings: fetch get user info search"", ""supports_claim"": ""yes""}, {""evidence_id"": ""e6"", ""field"": ""api_breadth"", ""claim"": ""Otter MCP Server provides access to meeting transcripts, user info, and search capabilities via MCP tools integrated with AI assistants; it supports querying conversations, fetching transcripts, and retrieving user profile information."", ""url"": ""https://help.otter.ai/hc/en-us/articles/35287607569687-Otter-MCP-Server"", ""final_url"": ""https://help.otter.ai/hc/en-us/articles/35287607569687-Otter-MCP-Server"", ""source_kind"": ""official"", ""retrieved_at"": ""2026-09-16T17:25:06.829789+00:00"", ""content_sha256"": ""6f88f3f918bb2013f3214f3cca4d703704ac0c2ede85f25825c60fc9e79e0a25"", ""quote"": ""Otter uses 3 tools in ChatGPT to query your meetings: fetch get user info search"", ""supports_claim"": ""yes""}, {""evidence_id"": ""e7"", ""field"": ""mcp_available"", ""claim"": ""Otter MCP is an official Model Context Protocol server that integrates with AI assistants such as Claude, ChatGPT, Cursor, and Perplexity."", ""url"": ""https://help.otter.ai/hc/en-us/articles/35287607569687-Otter-MCP-Server"", ""final_url"": ""https://help.otter.ai/hc/en-us/articles/35287607569687-Otter-MCP-Server"", ""source_kind"": ""official"", ""retrieved_at"": ""2026-09-16T17:25:06.829789+00:00"", ""content_sha256"": ""6f88f3f918bb2013f3214f3cca4d703704ac0c2ede85f25825c60fc9e79e0a25"", ""quote"": ""Otter MCP Server See more Otter MCP Server Otter Help July 30, 2026 21:04 Updated Connect AI models to Otter using Model Context Protocol (MCP). Connecting Otter MCP to your AI applications enables secure, scalable access to various language model understandings to power features like smarter summaries, contextual suggestions, and automated insights for all your Otter conversations and meetings. Learn to connect to Claude , ChatGPT , Curors , Perplexity , or other platforms ."", ""supports_claim"": ""yes""}]",low,needs_verification,"[""missing_field_evidence"", ""quote_not_found""]",2026-09-16T17:25:32.916197+00:00,stage02-full-fallback-20260916
1.0,93,Fathom,"10. AI, Research and Media-native",https://developers.fathom.ai/,unknown,"[""unknown""]",unknown,unknown,"[""unknown""]",unknown,official,"The documentation includes a section on building OAuth apps for other Fathom users to install, indicating an official marketplace or app integration platform.",unknown,unknown,unknown,"[{""evidence_id"": ""e7"", ""field"": ""mcp_available"", ""claim"": ""official"", ""url"": ""https://developers.fathom.ai/"", ""final_url"": ""https://developers.fathom.ai/"", ""source_kind"": ""official"", ""retrieved_at"": ""2026-09-16T17:25:17.890895+00:00"", ""content_sha256"": ""9a100b8119e221da917e217b761361d35cd25499d9706a9be9fa351d53944557"", ""quote"": ""Build an app with Fathom OAuth Build a Fathom integration that other users can install."", ""supports_claim"": ""yes""}, {""evidence_id"": ""e8"", ""field"": ""mcp_notes"", ""claim"": ""The documentation includes a section on building OAuth apps for other Fathom users to install, indicating an official marketplace or app integration platform."", ""url"": ""https://developers.fathom.ai/"", ""final_url"": ""https://developers.fathom.ai/"", ""source_kind"": ""official"", ""retrieved_at"": ""2026-09-16T17:25:17.890895+00:00"", ""content_sha256"": ""9a100b8119e221da917e217b761361d35cd25499d9706a9be9fa351d53944557"", ""quote"": ""Build an app with Fathom OAuth Build a Fathom integration that other users can install."", ""supports_claim"": ""yes""}]",low,needs_verification,"[""missing_field_evidence"", ""quote_not_found""]",2026-09-16T17:25:37.747973+00:00,stage02-full-fallback-20260916
1.0,94,Consensus,"10. AI, Research and Media-native",https://consensus.app/home/blog/consensus-api/,unknown,"[""api_key"", ""oauth2""]",unknown,unknown,"[""unknown""]",unknown,unknown,unknown,unknown,paid_or_enterprise_access_requirements,unknown,"[{""evidence_id"": ""stage03-human-094-primary_blocker-1"", ""field"": ""primary_blocker"", ""claim"": ""paid_or_enterprise_access_requirements"", ""url"": ""https://docs.consensus.app/enterprise/connection-reference"", ""final_url"": ""https://docs.consensus.app/enterprise/connection-reference"", ""source_kind"": ""official"", ""retrieved_at"": """", ""content_sha256"": """", ""quote"": """", ""supports_claim"": ""yes""}, {""evidence_id"": ""stage03-human-094-primary_blocker-2"", ""field"": ""primary_blocker"", ""claim"": ""paid_or_enterprise_access_requirements"", ""url"": ""https://docs.consensus.app/enterprise"", ""final_url"": ""https://docs.consensus.app/enterprise"", ""source_kind"": ""official"", ""retrieved_at"": """", ""content_sha256"": """", ""quote"": """", ""supports_claim"": ""yes""}, {""evidence_id"": ""stage03-human-094-auth_methods-1"", ""field"": ""auth_methods"", ""claim"": ""[\""api_key\"", \""oauth2\""]"", ""url"": ""https://docs.consensus.app/enterprise/connection-reference"", ""final_url"": ""https://docs.consensus.app/enterprise/connection-reference"", ""source_kind"": ""official"", ""retrieved_at"": """", ""content_sha256"": """", ""quote"": """", ""supports_claim"": ""yes""}, {""evidence_id"": ""stage03-human-094-auth_methods-2"", ""field"": ""auth_methods"", ""claim"": ""[\""api_key\"", \""oauth2\""]"", ""url"": ""https://docs.consensus.app/enterprise/security"", ""final_url"": ""https://docs.consensus.app/enterprise/security"", ""source_kind"": ""official"", ""retrieved_at"": """", ""content_sha256"": """", ""quote"": """", ""supports_claim"": ""yes""}]",low,needs_verification,"[""low_confidence"", ""no_usable_official_source"", ""Stage03 correction: Consensus does expose both an MCP server and an API, so integration is not technically blocked. However, access is commercially conditioned. The documentation states that API-key gateway credentials map to the Enterprise tier, while paid plans provide defined request limits and paper limits. Some enterprise-specific setups, such as confidential OAuth clients for gateways that cannot use Dynamic Client Registration, require contacting sales for manual provisioning. Therefore the practical blocker is not lack of API/MCP capability, but paid/Enterprise access requirements and, for some gateway configurations, sales-assisted credential provisioning."", ""Stage03 correction: The official Consensus documentation explicitly documents two authentication methods for MCP/API access. Shared server-side integrations can use an API key sent as a Bearer token, while per-user integrations use OAuth 2.0 authorization-code flow with PKCE. The docs also explicitly distinguish these methods from ordinary website login and state that there is no OAuth client-credentials grant.""]",2026-09-16T17:25:23.683973+00:00,stage02-full-fallback-20260916
1.0,95,Reducto,"10. AI, Research and Media-native",https://docs.reducto.ai/,unknown,"[""unknown""]",self_serve_free,unknown,"[""unknown""]","Reducto offers standalone API endpoints for document classification, parsing, extraction, splitting, editing, and workflow orchestration, with SDKs available in Python, Node.js, and Go. It supports file upload, document parsing, structured extraction, and chaining operations with job IDs for efficient processing.",official,unknown,buildable,unknown,"The official documentation shows a straightforward developer onboarding path: developers can create a free Reducto account, generate an API key in Studio, authenticate with `REDUCTO_API_KEY`, and call documented REST endpoints or use official Python, Node.js, and Go SDKs. The docs also provide an official MCP server, CLI, quickstart examples, and multiple API endpoints such as parse, extract, split, and edit. No partner, sales, or admin approval gate is established in the inspected sources. Based on the documented self-service credentials, available API surface, SDKs, MCP server, and usable documentation, integration is buildable.","[{""evidence_id"": ""e3"", ""field"": ""access_model"", ""claim"": ""Reducto offers self-serve free access with API keys obtainable via the Studio."", ""url"": ""https://docs.reducto.ai/api-reference/authentication"", ""final_url"": ""https://docs.reducto.ai/quickstart"", ""source_kind"": ""official"", ""retrieved_at"": ""2026-09-16T17:25:24.799368+00:00"", ""content_sha256"": ""84e0c192eb07a00ff1de8203a85f2a1d7fd3bff7e53e4b8e01bca95ab9990aab"", ""quote"": ""1 Create a Reducto account Go to studio.reducto.ai and sign up for a free account. 2 Get your API key In the Studio sidebar, click API Keys , then Create API Key . Give it a name and copy the key."", ""supports_claim"": ""yes""}, {""evidence_id"": ""e5"", ""field"": ""api_breadth"", ""claim"": ""Reducto offers standalone API endpoints for document classification, parsing, extraction, splitting, editing, and workflow orchestration, with SDKs available in Python, Node.js, and Go. It supports file upload, document parsing, structured extraction, and chaining operations with job IDs for efficient processing."", ""url"": ""https://docs.reducto.ai/"", ""final_url"": ""https://docs.reducto.ai/overview"", ""source_kind"": ""official"", ""retrieved_at"": ""2026-09-16T17:25:23.701277+00:00"", ""content_sha256"": ""29932d0d360d2aa2963afb4dffd8f7c8e6ae2fa68818202caa1600c4f146b350"", ""quote"": ""Each capability is available as a standalone API endpoint or composed into pipelines. Classify Route documents by type before processing. Define categories in natural language. Parse Convert documents into structured JSON with text, tables, and figures, with layout-aware chunking. Extract Pull specific fields into structured JSON using a schema. Define what you need, get exactly that. Split Divide documents into logical sections using natural language descriptions. Edit Fill PDF forms and modify DOCX files programmatically with natural language instructions. Pipelines Chain multiple steps into reusable, single-call workflows deployed from Studio. Supports 30+ file types including PDFs, images, spreadsheets, presentations, and scanned documents."", ""supports_claim"": ""yes""}, {""evidence_id"": ""stage03-human-095-mcp_available-1"", ""field"": ""mcp_available"", ""claim"": ""official"", ""url"": ""https://docs.reducto.ai/"", ""final_url"": ""https://docs.reducto.ai/"", ""source_kind"": ""official"", ""retrieved_at"": """", ""content_sha256"": """", ""quote"": """", ""supports_claim"": ""yes""}, {""evidence_id"": ""stage03-human-095-mcp_available-2"", ""field"": ""mcp_available"", ""claim"": ""official"", ""url"": ""https://docs.reducto.ai/quickstart"", ""final_url"": ""https://docs.reducto.ai/quickstart"", ""source_kind"": ""official"", ""retrieved_at"": """", ""content_sha256"": """", ""quote"": """", ""supports_claim"": ""yes""}, {""evidence_id"": ""stage03-human-095-buildability-1"", ""field"": ""buildability"", ""claim"": ""buildable"", ""url"": ""https://docs.reducto.ai/"", ""final_url"": ""https://docs.reducto.ai/"", ""source_kind"": ""official"", ""retrieved_at"": """", ""content_sha256"": """", ""quote"": """", ""supports_claim"": ""yes""}, {""evidence_id"": ""stage03-human-095-buildability-2"", ""field"": ""buildability"", ""claim"": ""buildable"", ""url"": ""https://docs.reducto.ai/quickstart"", ""final_url"": ""https://docs.reducto.ai/quickstart"", ""source_kind"": ""official"", ""retrieved_at"": """", ""content_sha256"": """", ""quote"": """", ""supports_claim"": ""yes""}, {""evidence_id"": ""stage03-human-095-buildability_rationale-1"", ""field"": ""buildability_rationale"", ""claim"": ""The official documentation shows a straightforward developer onboarding path: developers can create a free Reducto account, generate an API key in Studio, authenticate with `REDUCTO_API_KEY`, and call documented REST endpoints or use official Python, Node.js, and Go SDKs. The docs also provide an official MCP server, CLI, quickstart examples, and multiple API endpoints such as parse, extract, split, and edit. No partner, sales, or admin approval gate is established in the inspected sources. Based on the documented self-service credentials, available API surface, SDKs, MCP server, and usable documentation, integration is buildable."", ""url"": ""https://docs.reducto.ai/"", ""final_url"": ""https://docs.reducto.ai/"", ""source_kind"": ""official"", ""retrieved_at"": """", ""content_sha256"": """", ""quote"": """", ""supports_claim"": ""yes""}, {""evidence_id"": ""stage03-human-095-buildability_rationale-2"", ""field"": ""buildability_rationale"", ""claim"": ""The official documentation shows a straightforward developer onboarding path: developers can create a free Reducto account, generate an API key in Studio, authenticate with `REDUCTO_API_KEY`, and call documented REST endpoints or use official Python, Node.js, and Go SDKs. The docs also provide an official MCP server, CLI, quickstart examples, and multiple API endpoints such as parse, extract, split, and edit. No partner, sales, or admin approval gate is established in the inspected sources. Based on the documented self-service credentials, available API surface, SDKs, MCP server, and usable documentation, integration is buildable."", ""url"": ""https://docs.reducto.ai/quickstart"", ""final_url"": ""https://docs.reducto.ai/quickstart"", ""source_kind"": ""official"", ""retrieved_at"": """", ""content_sha256"": """", ""quote"": """", ""supports_claim"": ""yes""}]",low,needs_verification,"[""missing_field_evidence"", ""quote_not_found"", ""Stage03 correction: The official Reducto documentation explicitly states that Reducto integrates into AI agent workflows via its MCP server, and links to an MCP Server page. The Quickstart also instructs developers to install `mcp-server-reducto` and lists the tools exposed by that server. Because this is documented directly in Reducto's own documentation, the MCP availability is official rather than merely community-provided."", ""Stage03 correction: The official documentation shows a straightforward developer onboarding path: developers can create a free Reducto account, generate an API key in Studio, authenticate with `REDUCTO_API_KEY`, and call documented REST endpoints or use official Python, Node.js, and Go SDKs. The docs also provide an official MCP server, CLI, quickstart examples, and multiple API endpoints such as parse, extract, split, and edit. No partner, sales, or admin approval gate is established in the inspected sources. Based on the documented self-service credentials, available API surface, SDKs, MCP server, and usable documentation, integration is buildable."", ""Stage03 correction: The official documentation shows a straightforward developer onboarding path: developers can create a free Reducto account, generate an API key in Studio, authenticate with `REDUCTO_API_KEY`, and call documented REST endpoints or use official Python, Node.js, and Go SDKs. The docs also provide an official MCP server, CLI, quickstart examples, and multiple API endpoints such as parse, extract, split, and edit. No partner, sales, or admin approval gate is established in the inspected sources. Based on the documented self-service credentials, available API surface, SDKs, MCP server, and usable documentation, integration is buildable.""]",2026-09-16T17:25:46.430471+00:00,stage02-full-fallback-20260916
1.0,96,Devin,"10. AI, Research and Media-native",https://docs.devin.ai/api-reference/overview,"The Devin API enables programmatic interaction with Devin for integration, workflow automation, and tool building. It supports role-based access control with service users for secure, auditable API access. The API is organized into Organization and Enterprise scopes for managing resources within single or multiple organizations respectively. Legacy v1 and v2 APIs exist but are deprecated. The Devin MCP server provides programmatic access to Devin's platform capabilities including session management, playbooks, knowledge, scheduling, and repository documentation, supporting both public and private repositories.","[""bearer_token""]",self_serve_paid,yes,"[""unknown""]",unknown,official,unknown,buildable,unknown,unknown,"[{""evidence_id"": ""e1"", ""field"": ""description"", ""claim"": ""The Devin API enables you to integrate Devin into your applications, automate workflows, and build powerful tools. Use service users with role-based access control for secure, auditable API access."", ""url"": ""https://docs.devin.ai/api-reference/overview"", ""final_url"": ""https://docs.devin.ai/api-reference/overview"", ""source_kind"": ""official"", ""retrieved_at"": ""2026-09-16T17:25:32.933611+00:00"", ""content_sha256"": ""6dcffd840b72ffebf0ff6e8be2fac24fc81f983e26bc978d94c56c5825572f63"", ""quote"": ""The Devin API enables you to integrate Devin into your applications, automate workflows, and build powerful tools. Use service users with role-based access control for secure, auditable API access."", ""supports_claim"": ""yes""}, {""evidence_id"": ""e2"", ""field"": ""auth_methods"", ""claim"": ""Both scopes use service user credentials ( cog_ prefix). See Authentication for setup."", ""url"": ""https://docs.devin.ai/api-reference/overview"", ""final_url"": ""https://docs.devin.ai/api-reference/overview"", ""source_kind"": ""official"", ""retrieved_at"": ""2026-09-16T17:25:32.933611+00:00"", ""content_sha256"": ""6dcffd840b72ffebf0ff6e8be2fac24fc81f983e26bc978d94c56c5825572f63"", ""quote"": ""Both scopes use service user credentials ( cog_ prefix). See Authentication for setup."", ""supports_claim"": ""yes""}, {""evidence_id"": ""e3"", ""field"": ""access_model"", ""claim"": ""Most customers should start with the Teams quick start. Choose Enterprise if you manage multiple organizations, use SSO, or need custom roles and RBAC."", ""url"": ""https://docs.devin.ai/api-reference/overview"", ""final_url"": ""https://docs.devin.ai/api-reference/overview"", ""source_kind"": ""official"", ""retrieved_at"": ""2026-09-16T17:25:32.933611+00:00"", ""content_sha256"": ""6dcffd840b72ffebf0ff6e8be2fac24fc81f983e26bc978d94c56c5825572f63"", ""quote"": ""Most customers should start with the Teams quick start. Choose Enterprise if you manage multiple organizations, use SSO, or need custom roles and RBAC."", ""supports_claim"": ""yes""}, {""evidence_id"": ""e4"", ""field"": ""api_available"", ""claim"": ""Learn how to programmatically interact with Devin using our REST APIs"", ""url"": ""https://docs.devin.ai/api-reference/overview"", ""final_url"": ""https://docs.devin.ai/api-reference/overview"", ""source_kind"": ""official"", ""retrieved_at"": ""2026-09-16T17:25:32.933611+00:00"", ""content_sha256"": ""6dcffd840b72ffebf0ff6e8be2fac24fc81f983e26bc978d94c56c5825572f63"", ""quote"": ""Learn how to programmatically interact with Devin using our REST APIs"", ""supports_claim"": ""yes""}, {""evidence_id"": ""e7"", ""field"": ""mcp_available"", ""claim"": ""The Devin MCP server provides programmatic access to Devin’s platform capabilities for both private and public repositories."", ""url"": ""https://docs.devin.ai/work-with-devin/devin-mcp"", ""final_url"": ""https://docs.devin.ai/work-with-devin/devin-mcp"", ""source_kind"": ""official"", ""retrieved_at"": ""2026-09-16T17:25:33.769066+00:00"", ""content_sha256"": ""ff4ded7577a93825d2f7d524fc3b848df47c4d294f7dc2823deca0ca199e9533"", ""quote"": ""The Devin MCP server provides programmatic access to Devin’s platform capabilities for both private and public repositories."", ""supports_claim"": ""yes""}, {""evidence_id"": ""e11"", ""field"": ""buildability"", ""claim"": ""The API is well documented with REST endpoints, supports bearer token authentication via service users or personal access tokens, and provides comprehensive platform management capabilities. The official MCP server is available with authentication and detailed usage instructions, enabling integration and automation."", ""url"": ""https://docs.devin.ai/api-reference/overview"", ""final_url"": ""https://docs.devin.ai/api-reference/overview"", ""source_kind"": ""official"", ""retrieved_at"": ""2026-09-16T17:25:32.933611+00:00"", ""content_sha256"": ""6dcffd840b72ffebf0ff6e8be2fac24fc81f983e26bc978d94c56c5825572f63"", ""quote"": ""The Devin API enables you to integrate Devin into your applications, automate workflows, and build powerful tools. Use service users with role-based access control for secure, auditable API access."", ""supports_claim"": ""yes""}]",low,needs_verification,"[""missing_field_evidence"", ""quote_not_found""]",2026-09-16T17:25:54.079864+00:00,stage02-full-fallback-20260916
1.0,97,higgsfield,"10. AI, Research and Media-native",https://higgsfield.ai/cli,"Higgsfield provides AI image and video generation accessible via CLI and MCP (Model Context Protocol). It supports generating images up to 4K resolution and videos up to 15 seconds with multiple cinematic styles, consistent characters, and input from text prompts or reference images. It integrates with AI agents like Claude, OpenClaw, Hermes Agent, and NemoClaw via MCP, enabling generation within agent sessions without API keys, using a credit system for pricing.","[""other""]",self_serve_paid,unknown,"[""unknown""]",unknown,official,"Higgsfield uses MCP (Model Context Protocol), an open standard that allows AI agents such as Claude, OpenClaw, Hermes Agent, and NemoClaw to connect and generate images and videos within a single session. MCP support is official and integral to Higgsfield's agent integrations.",unknown,unknown,unknown,"[{""evidence_id"": ""e1"", ""field"": ""description"", ""claim"": ""Higgsfield provides AI image and video generation accessible via CLI and MCP (Model Context Protocol). It supports generating images up to 4K resolution and videos up to 15 seconds with multiple cinematic styles, consistent characters, and input from text prompts or reference images. It integrates with AI agents like Claude, OpenClaw, Hermes Agent, and NemoClaw via MCP, enabling generation within agent sessions without API keys, using a credit system for pricing."", ""url"": ""https://higgsfield.ai/cli"", ""final_url"": ""https://higgsfield.ai/cli"", ""source_kind"": ""official"", ""retrieved_at"": ""2026-09-16T17:25:37.765678+00:00"", ""content_sha256"": ""6ead88089d7e5714ba1ee7f15908437fa3f5eb3c0e280381bebc4fb5dda44548"", ""quote"": ""Higgsfield gives your agent access to 30+ models including Soul, Cinema Studio, Flux, Seedream, Kling, Minimax Hailuo, Veo, and more. Your agent automatically selects the best model for the task, or you can specify one yourself. What can I create? Images up to 4K resolution, videos up to 15 seconds across multiple cinematic styles, consistent characters using Soul training, and more. You can generate from text prompts, reference images, or a combination of both. Do I need an API key? No. Add the Higgsfield MCP server URL in your agent's settings and authenticate through your Higgsfield account. No API keys to manage or configure. How does pricing work? Higgsfield tools use the same credit system as the Higgsfield platform. Each generation costs credits based on the model and resolution."", ""supports_claim"": ""yes""}, {""evidence_id"": ""e2"", ""field"": ""auth_methods"", ""claim"": ""other"", ""url"": ""https://higgsfield.ai/cli"", ""final_url"": ""https://higgsfield.ai/cli"", ""source_kind"": ""official"", ""retrieved_at"": ""2026-09-16T17:25:37.765678+00:00"", ""content_sha256"": ""6ead88089d7e5714ba1ee7f15908437fa3f5eb3c0e280381bebc4fb5dda44548"", ""quote"": ""2. Authenticate: run `higgsfield auth login` and complete the sign-in in the browser it opens."", ""supports_claim"": ""yes""}, {""evidence_id"": ""e3"", ""field"": ""access_model"", ""claim"": ""self_serve_paid"", ""url"": ""https://higgsfield.ai/cli"", ""final_url"": ""https://higgsfield.ai/cli"", ""source_kind"": ""official"", ""retrieved_at"": ""2026-09-16T17:25:37.765678+00:00"", ""content_sha256"": ""6ead88089d7e5714ba1ee7f15908437fa3f5eb3c0e280381bebc4fb5dda44548"", ""quote"": ""How does pricing work? Higgsfield tools use the same credit system as the Higgsfield platform. Each generation costs credits based on the model and resolution. Your existing Higgsfield plan credits work seamlessly through any connected agent."", ""supports_claim"": ""yes""}, {""evidence_id"": ""e7"", ""field"": ""mcp_available"", ""claim"": ""official"", ""url"": ""https://higgsfield.ai/cli"", ""final_url"": ""https://higgsfield.ai/cli"", ""source_kind"": ""official"", ""retrieved_at"": ""2026-09-16T17:25:37.765678+00:00"", ""content_sha256"": ""6ead88089d7e5714ba1ee7f15908437fa3f5eb3c0e280381bebc4fb5dda44548"", ""quote"": ""Higgsfield uses MCP (Model Context Protocol), an open standard that gives AI agents access to external tools. Once connected, your agent can generate images, create videos, train characters, and browse your creation history, all within a single session. Which agents are supported? Higgsfield MCP works with Claude (web, Cowork, and Claude Code), OpenClaw, Hermes Agent, and NemoClaw. Any agent or client that supports MCP can connect to Higgsfield."", ""supports_claim"": ""yes""}, {""evidence_id"": ""e8"", ""field"": ""mcp_notes"", ""claim"": ""Higgsfield uses MCP (Model Context Protocol), an open standard that allows AI agents such as Claude, OpenClaw, Hermes Agent, and NemoClaw to connect and generate images and videos within a single session. MCP support is official and integral to Higgsfield's agent integrations."", ""url"": ""https://higgsfield.ai/cli"", ""final_url"": ""https://higgsfield.ai/cli"", ""source_kind"": ""official"", ""retrieved_at"": ""2026-09-16T17:25:37.765678+00:00"", ""content_sha256"": ""6ead88089d7e5714ba1ee7f15908437fa3f5eb3c0e280381bebc4fb5dda44548"", ""quote"": ""Higgsfield uses MCP (Model Context Protocol), an open standard that gives AI agents access to external tools. Once connected, your agent can generate images, create videos, train characters, and browse your creation history, all within a single session. Which agents are supported? Higgsfield MCP works with Claude (web, Cowork, and Claude Code), OpenClaw, Hermes Agent, and NemoClaw. Any agent or client that supports MCP can connect to Higgsfield."", ""supports_claim"": ""yes""}]",low,needs_verification,"[""missing_field_evidence"", ""quote_not_found""]",2026-09-16T17:26:03.705100+00:00,stage02-full-fallback-20260916
1.0,98,Mermaid CLI,"10. AI, Research and Media-native",https://github.com/mermaid-js/mermaid-cli,This is a command-line interface (CLI) for the Mermaid library. It takes a mermaid definition file as input and generates an SVG/PNG/PDF file as output. There's basic support for converting mermaid code blocks embedded within Markdown files.,"[""none""]",self_serve_free,yes,"[""other""]",Provides a Node.JS API to call mermaid-cli programmatically for diagram generation.,unknown,unknown,unknown,unknown,unknown,"[{""evidence_id"": ""e1"", ""field"": ""description"", ""claim"": ""This is a command-line interface (CLI) for the Mermaid library. It takes a mermaid definition file as input and generates an SVG/PNG/PDF file as output. There's basic support for converting mermaid code blocks embedded within Markdown files."", ""url"": ""https://github.com/mermaid-js/mermaid-cli"", ""final_url"": ""https://github.com/mermaid-js/mermaid-cli"", ""source_kind"": ""official"", ""retrieved_at"": ""2026-09-16T17:25:46.448017+00:00"", ""content_sha256"": ""0ea0345d1f7e899a0c900bea6562eccee5fc43c56d0b192b3b96b3660395309e"", ""quote"": ""This is a command-line interface (CLI) for mermaid . It takes a mermaid definition file as input and generates an SVG/PNG/PDF file as output. There's basic support for converting mermaid code blocks embedded within Markdown files."", ""supports_claim"": ""yes""}, {""evidence_id"": ""e2"", ""field"": ""auth_methods"", ""claim"": ""none"", ""url"": ""https://github.com/mermaid-js/mermaid-cli"", ""final_url"": ""https://github.com/mermaid-js/mermaid-cli"", ""source_kind"": ""official"", ""retrieved_at"": ""2026-09-16T17:25:46.448017+00:00"", ""content_sha256"": ""0ea0345d1f7e899a0c900bea6562eccee5fc43c56d0b192b3b96b3660395309e"", ""quote"": ""You can easily pipe input from stdin. This example shows how to use a heredoc to send a diagram as stdin to mermaid-cli (mmdc)"", ""supports_claim"": ""yes""}, {""evidence_id"": ""e3"", ""field"": ""access_model"", ""claim"": ""self_serve_free"", ""url"": ""https://github.com/mermaid-js/mermaid-cli"", ""final_url"": ""https://github.com/mermaid-js/mermaid-cli"", ""source_kind"": ""official"", ""retrieved_at"": ""2026-09-16T17:25:46.448017+00:00"", ""content_sha256"": ""0ea0345d1f7e899a0c900bea6562eccee5fc43c56d0b192b3b96b3660395309e"", ""quote"": ""npm install -g @mermaid-js/mermaid-cli"", ""supports_claim"": ""yes""}, {""evidence_id"": ""e4"", ""field"": ""api_available"", ""claim"": ""yes"", ""url"": ""https://github.com/mermaid-js/mermaid-cli"", ""final_url"": ""https://github.com/mermaid-js/mermaid-cli"", ""source_kind"": ""official"", ""retrieved_at"": ""2026-09-16T17:25:46.448017+00:00"", ""content_sha256"": ""0ea0345d1f7e899a0c900bea6562eccee5fc43c56d0b192b3b96b3660395309e"", ""quote"": ""It's possible to call mermaid-cli via a Node.JS API. Please be aware that the NodeJS API is not covered by semver , as mermaid-cli follows mermaid 's versioning. import { run } from \""@mermaid-js/mermaid-cli\"" ; await run ( \""input.mmd\"" , \""output.svg\"" , // {optional options}, ) ;"", ""supports_claim"": ""yes""}, {""evidence_id"": ""e5"", ""field"": ""api_types"", ""claim"": ""other"", ""url"": ""https://github.com/mermaid-js/mermaid-cli"", ""final_url"": ""https://github.com/mermaid-js/mermaid-cli"", ""source_kind"": ""official"", ""retrieved_at"": ""2026-09-16T17:25:46.448017+00:00"", ""content_sha256"": ""0ea0345d1f7e899a0c900bea6562eccee5fc43c56d0b192b3b96b3660395309e"", ""quote"": ""It's possible to call mermaid-cli via a Node.JS API. Please be aware that the NodeJS API is not covered by semver , as mermaid-cli follows mermaid 's versioning. import { run } from \""@mermaid-js/mermaid-cli\"" ; await run ( \""input.mmd\"" , \""output.svg\"" , // {optional options}, ) ;"", ""supports_claim"": ""yes""}, {""evidence_id"": ""e6"", ""field"": ""api_breadth"", ""claim"": ""Provides a Node.JS API to call mermaid-cli programmatically for diagram generation."", ""url"": ""https://github.com/mermaid-js/mermaid-cli"", ""final_url"": ""https://github.com/mermaid-js/mermaid-cli"", ""source_kind"": ""official"", ""retrieved_at"": ""2026-09-16T17:25:46.448017+00:00"", ""content_sha256"": ""0ea0345d1f7e899a0c900bea6562eccee5fc43c56d0b192b3b96b3660395309e"", ""quote"": ""It's possible to call mermaid-cli via a Node.JS API. Please be aware that the NodeJS API is not covered by semver , as mermaid-cli follows mermaid 's versioning. import { run } from \""@mermaid-js/mermaid-cli\"" ; await run ( \""input.mmd\"" , \""output.svg\"" , // {optional options}, ) ;"", ""supports_claim"": ""yes""}]",low,needs_verification,"[""missing_field_evidence"", ""negative_without_explicit_evidence"", ""quote_not_found""]",2026-09-16T17:26:08.557958+00:00,stage02-full-fallback-20260916
1.0,99,YouTube Transcript,"10. AI, Research and Media-native",https://transcriptapi.com/docs/,"The YouTube Transcript API provides a simple and reliable way to extract transcripts from YouTube videos programmatically. It supports extracting video transcripts, video metadata, searching YouTube videos or channels, resolving channel references, searching within channels, and retrieving playlist videos. The API supports multiple response formats including JSON and plain text, with options for timestamps and metadata.","[""unknown""]",unknown,yes,"[""unknown""]",unknown,unknown,unknown,unknown,unknown,unknown,"[{""evidence_id"": ""e1"", ""field"": ""description"", ""claim"": ""The YouTube Transcript API provides a simple and reliable way to extract transcripts from YouTube videos programmatically. It supports extracting video transcripts, video metadata, searching YouTube videos or channels, resolving channel references, searching within channels, and retrieving playlist videos. The API supports multiple response formats including JSON and plain text, with options for timestamps and metadata."", ""url"": ""https://transcriptapi.com/docs/api/"", ""final_url"": ""https://transcriptapi.com/docs/api/"", ""source_kind"": ""official"", ""retrieved_at"": ""2026-09-16T17:25:54.790419+00:00"", ""content_sha256"": ""b7e4749528ae92b1012182740d956327be7fd6abe99dadd3c5b57762b272b6ed"", ""quote"": ""YouTube Transcript API Reference The YouTube Transcript API provides a simple and reliable way to extract transcripts from YouTube videos programmatically. This complete reference covers authentication, request parameters, response formats, and practical examples."", ""supports_claim"": ""yes""}, {""evidence_id"": ""e4"", ""field"": ""api_available"", ""claim"": ""The API is available with multiple REST endpoints documented at https://transcriptapi.com/docs/api/"", ""url"": ""https://transcriptapi.com/docs/api/"", ""final_url"": ""https://transcriptapi.com/docs/api/"", ""source_kind"": ""official"", ""retrieved_at"": ""2026-09-16T17:25:54.790419+00:00"", ""content_sha256"": ""b7e4749528ae92b1012182740d956327be7fd6abe99dadd3c5b57762b272b6ed"", ""quote"": ""YouTube Transcript API Reference The YouTube Transcript API provides a simple and reliable way to extract transcripts from YouTube videos programmatically. This complete reference covers authentication, request parameters, response formats, and practical examples."", ""supports_claim"": ""yes""}]",low,needs_verification,"[""missing_field_evidence"", ""quote_not_found""]",2026-09-16T17:26:22.086941+00:00,stage02-full-fallback-20260916
1.0,100,Grain,"10. AI, Research and Media-native",https://grain.com/docs,"Grain provides an API for accessing and managing recordings, transcripts, users, teams, and hooks. It supports OAuth2, Personal Access Tokens, and Workspace Access Tokens for authentication. The API includes endpoints for listing, retrieving, uploading, downloading recordings, and managing tags and shares.","[""unknown""]",unknown,yes,"[""unknown""]","The API supports managing recordings (list, get, upload, download), transcripts (json and text formats), users, teams, meeting types, hooks, and sharing functionality. It includes OAuth2 authentication with PKCE, Personal Access Tokens, and Workspace Access Tokens. Rate limits and versioning are documented.",unknown,unknown,unknown,unknown,unknown,"[{""evidence_id"": ""e1"", ""field"": ""description"", ""claim"": ""Grain provides an API for accessing and managing recordings, transcripts, users, teams, and hooks. It supports OAuth2, Personal Access Tokens, and Workspace Access Tokens for authentication. The API includes endpoints for listing, retrieving, uploading, downloading recordings, and managing tags and shares."", ""url"": ""https://developers.grain.com/"", ""final_url"": ""https://developers.grain.com/"", ""source_kind"": ""official"", ""retrieved_at"": ""2026-09-16T17:26:03.722212+00:00"", ""content_sha256"": ""579b373c8762804b698efda92230302eb33304cc74234b919e7bc361df11eb34"", ""quote"": ""Grain API Grain API Table of Contents Grain API Legacy Docs Authentication Personal Access Token Workspace Access Token OAuth2 Flow Diagram Step 1 Step 2 Step 3 Step 4 Step 5 Refresh Token Authenticating Calls Versions Rate Limits Endpoints OAuth2 Generate Token Refresh Token Recordings List Recordings Get Recording Get Recording Transcript (json) Get Recording Transcript (text formats) Download Recording Upload Recording Update Recording Add a Tag to a Recording Remove a Tag from a Recording Share Recording to an User Unshare Recording from an User Share Recording to a Team Unshare Recording from a Team Hooks Create Hook List Hooks Delete Hook Hook Payload Example Others List Users List Teams List Meeting Types Common Params Recording Filter Recording Include Highlight Include Hook Filter Common Responses Recording Highlight (aka Clip) Hook User Team Meeting Type AI Template Sections Legacy Docs If you were part of the API Beta you can find the legacy docs here: (V1) Personal API Docs (V1) Workspace API Docs Please be aware that v1 will be sunset and some features won't be translated to v2. As such, we don't recommend usage of v1 anymore."", ""supports_claim"": ""yes""}, {""evidence_id"": ""e6"", ""field"": ""api_available"", ""claim"": ""yes"", ""url"": ""https://developers.grain.com/"", ""final_url"": ""https://developers.grain.com/"", ""source_kind"": ""official"", ""retrieved_at"": ""2026-09-16T17:26:03.722212+00:00"", ""content_sha256"": ""579b373c8762804b698efda92230302eb33304cc74234b919e7bc361df11eb34"", ""quote"": ""Grain API Grain API Table of Contents Grain API Legacy Docs Authentication Personal Access Token Workspace Access Token OAuth2 Flow Diagram Step 1 Step 2 Step 3 Step 4 Step 5 Refresh Token Authenticating Calls Versions Rate Limits Endpoints OAuth2 Generate Token Refresh Token Recordings List Recordings Get Recording Get Recording Transcript (json) Get Recording Transcript (text formats) Download Recording Upload Recording Update Recording Add a Tag to a Recording Remove a Tag from a Recording Share Recording to an User Unshare Recording from an User Share Recording to a Team Unshare Recording from a Team Hooks Create Hook List Hooks Delete Hook Hook Payload Example Others List Users List Teams List Meeting Types Common Params Recording Filter Recording Include Highlight Include Hook Filter Common Responses Recording Highlight (aka Clip) Hook User Team Meeting Type AI Template Sections Legacy Docs If you were part of the API Beta you can find the legacy docs here: (V1) Personal API Docs (V1) Workspace API Docs Please be aware that v1 will be sunset and some features won't be translated to v2. As such, we don't recommend usage of v1 anymore."", ""supports_claim"": ""yes""}, {""evidence_id"": ""e8"", ""field"": ""api_breadth"", ""claim"": ""The API supports managing recordings (list, get, upload, download), transcripts (json and text formats), users, teams, meeting types, hooks, and sharing functionality. It includes OAuth2 authentication with PKCE, Personal Access Tokens, and Workspace Access Tokens. Rate limits and versioning are documented."", ""url"": ""https://developers.grain.com/"", ""final_url"": ""https://developers.grain.com/"", ""source_kind"": ""official"", ""retrieved_at"": ""2026-09-16T17:26:03.722212+00:00"", ""content_sha256"": ""579b373c8762804b698efda92230302eb33304cc74234b919e7bc361df11eb34"", ""quote"": ""Recordings List Recordings Endpoint POST /_/public-api/v2/recordings Params Param Type cursor string Used to paginate through the list. filter object Recording Filter include object Recording Include Response Field Type cursor string * nullable Can be sent as a param to retrieve the next page of the list recordings object array List of Recordings Example Request curl -X POST \\ -H \""Content-Type: application/json\"" \\ -H \""Authorization: Bearer TOKEN\"" \\ -H \""Public-Api-Version: 2025-10-31\"" \\ --data '{\""filter\"": {\""title_search\"": \""hands\""}, \""include\"": {\""participants\"": true}}' \\ https://api.grain.com/_/public-api/v2/recordings Example Response { \""cursor\"": \""ApJNWoNoBHcCdjJ3DWNocm9ub2xvZ2ljYWx3BGRlc2NoAm4HAO5FaSm2QgZuBwAVPC0qtkIG\"", \""recordings\"": [ { \""id\"": \""pppp6666-qq77-rr88-ss99-tttt00000000\"", \""title\"": \""All Hands\"", \""source\"": \""zoom\"", \""share_state\"": \""public\"", \""url\"": \""https://grain.com/share/recording/pppp6666-qq77-rr88-ss99-tttt00000000\"", \""media_type\"": \""video\"", \""tags\"": [], \""start_datetime\"": \""2025-01-01T09:30:00Z\"", \""teams\"": [ { \""id\"": \""aaaa1111-bb22-cc33-dd44-eeee55555555\"", \""name\"": \""My Team\"" } ], \""recorders\"": [ { \""id\"": \""kkkk1111-ll22-mm33-nn44-oooo55555555\"", \""name\"": \""Luke Skywalker\"", \""email\"": \""luke@example.com\"", \""participant_id\"": \""eeee1111-ff22-gg33-hh44-iiii55555555\"" } ], \""participants\"": [ { \""id\"": \""eeee1111-ff22-gg33-hh44-iiii55555555\"", \""name\"": \""Luke Skywalker\"", \""scope\"": \""internal\"", \""email\"": \""luke@example.com\"", \""confirmed_attendee\"": true }, { \""id\"": \""jjjj6666-kk77-ll88-mm99-nnnn00000000\"", \""name\"": \""Han Solo\"", \""scope\"": \""internal\"", \""email\"": \""solo@example.com\"", \""confirmed_attendee\"": false } ], \""end_datetime\"": \""2025-01-01T10:00:00Z\"", \""duration_ms\"": 1800000, \""thumbnail_url\"": \""https://media.grain.com/public_thumbnails/recordings/pppp6666\"", \""meeting_type\"": { \""id\"": \""ffff6666-gg77-hh88-ii99-jjjj00000000\"", \""name\"": \""Project & Team Coordination\"", \""scope\"": \""internal\"" } } ] }"", ""supports_claim"": ""yes""}]",low,needs_verification,"[""missing_field_evidence"", ""negative_without_explicit_evidence"", ""quote_not_found""]",2026-09-16T17:26:34.019505+00:00,stage02-full-fallback-20260916
