schema_version,id,app_name,category,website,description,auth_methods,access_model,api_available,api_types,api_breadth,mcp_available,mcp_notes,buildability,primary_blocker,buildability_rationale,evidence,research_confidence,verification_status,verification_notes,researched_at,run_id
1.0,1,Salesforce,1. CRM and Sales,http://salesforce.com/,unknown,"[""unknown""]",unknown,yes,"[""rest""]",unknown,unknown,unknown,unknown,unknown,unknown,"[{""evidence_id"": ""human-report-001:api_available-1"", ""field"": ""api_available"", ""claim"": ""yes"", ""url"": ""https://developer.salesforce.com/docs/platform/api-rest/guide/quickstart.html"", ""final_url"": ""https://developer.salesforce.com/docs/platform/api-rest/guide/quickstart.html"", ""source_kind"": ""official"", ""retrieved_at"": """", ""content_sha256"": """", ""quote"": """", ""supports_claim"": ""yes""}, {""evidence_id"": ""human-report-001:api_available-2"", ""field"": ""api_available"", ""claim"": ""yes"", ""url"": ""https://developer.salesforce.com/docs/atlas.en-us.api_rest.meta/api_rest/intro_rest.htm"", ""final_url"": ""https://developer.salesforce.com/docs/atlas.en-us.api_rest.meta/api_rest/intro_rest.htm"", ""source_kind"": ""official"", ""retrieved_at"": """", ""content_sha256"": """", ""quote"": """", ""supports_claim"": ""yes""}, {""evidence_id"": ""human-report-001:api_types-1"", ""field"": ""api_types"", ""claim"": ""[\""rest\""]"", ""url"": ""https://developer.salesforce.com/docs/atlas.en-us.api_rest.meta/api_rest/intro_rest.htm"", ""final_url"": ""https://developer.salesforce.com/docs/atlas.en-us.api_rest.meta/api_rest/intro_rest.htm"", ""source_kind"": ""official"", ""retrieved_at"": """", ""content_sha256"": """", ""quote"": """", ""supports_claim"": ""yes""}, {""evidence_id"": ""human-report-001:api_types-2"", ""field"": ""api_types"", ""claim"": ""[\""rest\""]"", ""url"": ""https://developer.salesforce.com/docs/platform/api-rest/guide/quickstart.html"", ""final_url"": ""https://developer.salesforce.com/docs/platform/api-rest/guide/quickstart.html"", ""source_kind"": ""official"", ""retrieved_at"": """", ""content_sha256"": """", ""quote"": """", ""supports_claim"": ""yes""}]",medium,needs_verification,"[""low_confidence"", ""no_usable_official_source"", ""Stage03 correction: The official Salesforce REST API documentation explicitly states that REST API provides programmatic access to Salesforce data and can be used to integrate Salesforce into applications. It also states that API resources are accessed through HTTP requests to URIs. This directly establishes that Salesforce exposes an inbound developer API."", ""Stage03 correction: The inspected official sources explicitly document Salesforce REST API and state that it follows RESTful principles, uses resources exposed by URIs, and is accessed through HTTP requests. These sources support \""rest\"". They do not by themselves establish additional API types such as SOAP or GraphQL, so no other protocol types should be added from this review."", ""Stage03 verified-only view: unchecked claims explicitly unknown; see claim-verification.json and frozen first pass.""]",2026-09-16T17:15:50.083531+00:00,stage03-verification-pattern-analysis
1.0,2,HubSpot,1. CRM and Sales,http://hubspot.com/,unknown,"[""oauth2""]",admin_approval,unknown,"[""unknown""]",unknown,official,unknown,unknown,unknown,unknown,"[{""evidence_id"": ""human-report-002:auth_methods-1"", ""field"": ""auth_methods"", ""claim"": ""[\""oauth2\""]"", ""url"": ""https://developers.hubspot.com/docs/apps/developer-platform/build-apps/authentication/oauth/working-with-oauth"", ""final_url"": ""https://developers.hubspot.com/docs/apps/developer-platform/build-apps/authentication/oauth/working-with-oauth"", ""source_kind"": ""official"", ""retrieved_at"": """", ""content_sha256"": """", ""quote"": """", ""supports_claim"": ""yes""}, {""evidence_id"": ""human-report-002:access_model-1"", ""field"": ""access_model"", ""claim"": ""admin_approval"", ""url"": ""https://developers.hubspot.com/docs/apps/developer-platform/build-apps/authentication/oauth/working-with-oauth"", ""final_url"": ""https://developers.hubspot.com/docs/apps/developer-platform/build-apps/authentication/oauth/working-with-oauth"", ""source_kind"": ""official"", ""retrieved_at"": """", ""content_sha256"": """", ""quote"": """", ""supports_claim"": ""yes""}, {""evidence_id"": ""stage03-targeted-2-mcp_available"", ""field"": ""mcp_available"", ""claim"": ""official"", ""url"": ""https://developers.hubspot.com/ai-tools/mcp"", ""final_url"": ""https://developers.hubspot.com/ai-tools/mcp"", ""source_kind"": ""official"", ""retrieved_at"": ""2026-09-16T21:11:51+00:00"", ""content_sha256"": ""4e4d63c44733fe3748acbf4d4141fa08f2693c61a89a162d9040b43bb1467a5d"", ""quote"": ""HubSpot offers two distinct MCP servers"", ""supports_claim"": ""yes""}]",medium,needs_verification,"[""missing_field_evidence"", ""quote_not_found"", ""Stage03 correction: This page does not establish that API access is paid. Instead, it explicitly states that users installing apps in a HubSpot account must either be a Super Admin or have HubSpot Marketplace Access permissions. Therefore the first-pass value self_serve_paid is not supported by this source. The documented restriction is an account permission/admin requirement. This finding concerns permission to install/authorize the integration; the page does not by itself establish HubSpot's broader pricing or developer-plan requirements."", ""Stage03 correction: Unchecked first-pass claim withheld from verified view. No independent Stage03 source judgment exists for this field; retain original as a research lead, not verified truth."", ""Stage03 correction: Unchecked first-pass claim withheld from verified view. No independent Stage03 source judgment exists for this field; retain original as a research lead, not verified truth."", ""Stage03 correction: Unchecked first-pass claim withheld from verified view. No independent Stage03 source judgment exists for this field; retain original as a research lead, not verified truth."", ""Stage03 verified-only view: unchecked claims explicitly unknown; see claim-verification.json and frozen first pass.""]",2026-09-16T17:16:11.883280+00:00,stage03-verification-pattern-analysis
1.0,3,Pipedrive,1. CRM and Sales,http://pipedrive.com/,unknown,"[""unknown""]",unknown,unknown,"[""unknown""]",unknown,unknown,unknown,unknown,unknown,unknown,[],unknown,needs_verification,"[""missing_field_evidence"", ""quote_not_found"", ""Stage03 verified-only view: unchecked claims explicitly unknown; see claim-verification.json and frozen first pass.""]",2026-09-16T17:15:53.063690+00:00,stage03-verification-pattern-analysis
1.0,4,Attio,1. CRM and Sales,http://attio.com/,unknown,"[""unknown""]",unknown,unknown,"[""unknown""]",unknown,unknown,unknown,unknown,unknown,unknown,[],unknown,needs_verification,"[""missing_field_evidence"", ""quote_not_found"", ""Stage03 correction: Unchecked first-pass claim withheld from verified view. No independent Stage03 source judgment exists for this field; retain original as a research lead, not verified truth."", ""Stage03 correction: Unchecked first-pass claim withheld from verified view. No independent Stage03 source judgment exists for this field; retain original as a research lead, not verified truth."", ""Stage03 correction: Unchecked first-pass claim withheld from verified view. No independent Stage03 source judgment exists for this field; retain original as a research lead, not verified truth."", ""Stage03 correction: Unchecked first-pass claim withheld from verified view. No independent Stage03 source judgment exists for this field; retain original as a research lead, not verified truth."", ""Stage03 correction: Unchecked first-pass claim withheld from verified view. No independent Stage03 source judgment exists for this field; retain original as a research lead, not verified truth."", ""Stage03 verified-only view: unchecked claims explicitly unknown; see claim-verification.json and frozen first pass.""]",2026-09-16T17:16:08.654747+00:00,stage03-verification-pattern-analysis
1.0,5,Twenty,1. CRM and Sales,http://twenty.com/,unknown,"[""unknown""]",unknown,unknown,"[""unknown""]",unknown,unknown,unknown,unknown,unknown,unknown,[],unknown,needs_verification,"[""missing_field_evidence"", ""quote_not_found"", ""Stage03 verified-only view: unchecked claims explicitly unknown; see claim-verification.json and frozen first pass.""]",2026-09-16T17:16:04.047708+00:00,stage03-verification-pattern-analysis
1.0,6,Podio,1. CRM and Sales,http://podio.com/,unknown,"[""unknown""]",unknown,unknown,"[""unknown""]",unknown,unknown,unknown,unknown,unknown,unknown,[],unknown,needs_verification,"[""missing_field_evidence"", ""quote_not_found"", ""Stage03 correction: Unchecked first-pass claim withheld from verified view. No independent Stage03 source judgment exists for this field; retain original as a research lead, not verified truth."", ""Stage03 correction: Unchecked first-pass claim withheld from verified view. No independent Stage03 source judgment exists for this field; retain original as a research lead, not verified truth."", ""Stage03 correction: Unchecked first-pass claim withheld from verified view. No independent Stage03 source judgment exists for this field; retain original as a research lead, not verified truth."", ""Stage03 correction: Unchecked first-pass claim withheld from verified view. No independent Stage03 source judgment exists for this field; retain original as a research lead, not verified truth."", ""Stage03 verified-only view: unchecked claims explicitly unknown; see claim-verification.json and frozen first pass.""]",2026-09-16T17:16:17.905424+00:00,stage03-verification-pattern-analysis
1.0,7,Zoho CRM,1. CRM and Sales,http://zoho.com/crm,unknown,"[""unknown""]",unknown,unknown,"[""unknown""]",unknown,unknown,unknown,unknown,unknown,unknown,[],unknown,needs_verification,"[""missing_field_evidence"", ""Stage03 correction: Unchecked first-pass claim withheld from verified view. No independent Stage03 source judgment exists for this field; retain original as a research lead, not verified truth."", ""Stage03 correction: Unchecked first-pass claim withheld from verified view. No independent Stage03 source judgment exists for this field; retain original as a research lead, not verified truth."", ""Stage03 correction: Unchecked first-pass claim withheld from verified view. No independent Stage03 source judgment exists for this field; retain original as a research lead, not verified truth."", ""Stage03 verified-only view: unchecked claims explicitly unknown; see claim-verification.json and frozen first pass.""]",2026-09-16T17:16:15.725256+00:00,stage03-verification-pattern-analysis
1.0,8,Close,1. CRM and Sales,http://close.com/,unknown,"[""unknown""]",unknown,unknown,"[""unknown""]",unknown,unknown,unknown,unknown,unknown,unknown,[],unknown,needs_verification,"[""missing_field_evidence"", ""quote_not_found"", ""Stage03 correction: Unchecked first-pass claim withheld from verified view. No independent Stage03 source judgment exists for this field; retain original as a research lead, not verified truth."", ""Stage03 correction: Unchecked first-pass claim withheld from verified view. No independent Stage03 source judgment exists for this field; retain original as a research lead, not verified truth."", ""Stage03 correction: Unchecked first-pass claim withheld from verified view. No independent Stage03 source judgment exists for this field; retain original as a research lead, not verified truth."", ""Stage03 correction: Unchecked first-pass claim withheld from verified view. No independent Stage03 source judgment exists for this field; retain original as a research lead, not verified truth."", ""Stage03 correction: Unchecked first-pass claim withheld from verified view. No independent Stage03 source judgment exists for this field; retain original as a research lead, not verified truth."", ""Stage03 verified-only view: unchecked claims explicitly unknown; see claim-verification.json and frozen first pass.""]",2026-09-16T17:16:31.794664+00:00,stage03-verification-pattern-analysis
1.0,9,Copper,1. CRM and Sales,http://copper.com/,unknown,"[""unknown""]",unknown,unknown,"[""unknown""]",unknown,unknown,unknown,unknown,unknown,unknown,[],unknown,needs_verification,"[""missing_field_evidence"", ""quote_not_found"", ""Stage03 correction: Unchecked first-pass claim withheld from verified view. No independent Stage03 source judgment exists for this field; retain original as a research lead, not verified truth."", ""Stage03 correction: Unchecked first-pass claim withheld from verified view. No independent Stage03 source judgment exists for this field; retain original as a research lead, not verified truth."", ""Stage03 correction: Unchecked first-pass claim withheld from verified view. No independent Stage03 source judgment exists for this field; retain original as a research lead, not verified truth."", ""Stage03 correction: Unchecked first-pass claim withheld from verified view. No independent Stage03 source judgment exists for this field; retain original as a research lead, not verified truth."", ""Stage03 correction: Unchecked first-pass claim withheld from verified view. No independent Stage03 source judgment exists for this field; retain original as a research lead, not verified truth."", ""Stage03 verified-only view: unchecked claims explicitly unknown; see claim-verification.json and frozen first pass.""]",2026-09-16T17:16:31.466394+00:00,stage03-verification-pattern-analysis
1.0,10,DealCloud,1. CRM and Sales,http://api.docs.dealcloud.com/,unknown,"[""unknown""]",unknown,unknown,"[""unknown""]",unknown,unknown,unknown,unknown,unknown,unknown,[],unknown,needs_verification,"[""missing_field_evidence"", ""quote_not_found"", ""raw_identity_mismatch"", ""Stage03 correction: Unchecked first-pass claim withheld from verified view. No independent Stage03 source judgment exists for this field; retain original as a research lead, not verified truth."", ""Stage03 correction: Unchecked first-pass claim withheld from verified view. No independent Stage03 source judgment exists for this field; retain original as a research lead, not verified truth."", ""Stage03 correction: Unchecked first-pass claim withheld from verified view. No independent Stage03 source judgment exists for this field; retain original as a research lead, not verified truth."", ""Stage03 correction: Unchecked first-pass claim withheld from verified view. No independent Stage03 source judgment exists for this field; retain original as a research lead, not verified truth."", ""Stage03 correction: Unchecked first-pass claim withheld from verified view. No independent Stage03 source judgment exists for this field; retain original as a research lead, not verified truth."", ""Stage03 correction: Unchecked first-pass claim withheld from verified view. No independent Stage03 source judgment exists for this field; retain original as a research lead, not verified truth."", ""Stage03 verified-only view: unchecked claims explicitly unknown; see claim-verification.json and frozen first pass.""]",2026-09-16T17:16:31.877844+00:00,stage03-verification-pattern-analysis
1.0,11,Zendesk,2. Support and Helpdesk,http://zendesk.com/,unknown,"[""unknown""]",unknown,unknown,"[""unknown""]",unknown,unknown,unknown,unknown,unknown,unknown,[],unknown,needs_verification,"[""missing_field_evidence"", ""quote_not_found"", ""Stage03 correction: Unchecked first-pass claim withheld from verified view. No independent Stage03 source judgment exists for this field; retain original as a research lead, not verified truth."", ""Stage03 correction: Unchecked first-pass claim withheld from verified view. No independent Stage03 source judgment exists for this field; retain original as a research lead, not verified truth."", ""Stage03 correction: Unchecked first-pass claim withheld from verified view. No independent Stage03 source judgment exists for this field; retain original as a research lead, not verified truth."", ""Stage03 verified-only view: unchecked claims explicitly unknown; see claim-verification.json and frozen first pass.""]",2026-09-16T17:16:48.085280+00:00,stage03-verification-pattern-analysis
1.0,12,Intercom,2. Support and Helpdesk,http://intercom.com/,unknown,"[""unknown""]",unknown,unknown,"[""unknown""]",unknown,unknown,unknown,unknown,unknown,unknown,[],unknown,needs_verification,"[""missing_field_evidence"", ""Stage03 correction: Unchecked first-pass claim withheld from verified view. No independent Stage03 source judgment exists for this field; retain original as a research lead, not verified truth."", ""Stage03 correction: Unchecked first-pass claim withheld from verified view. No independent Stage03 source judgment exists for this field; retain original as a research lead, not verified truth."", ""Stage03 correction: Unchecked first-pass claim withheld from verified view. No independent Stage03 source judgment exists for this field; retain original as a research lead, not verified truth."", ""Stage03 correction: Unchecked first-pass claim withheld from verified view. No independent Stage03 source judgment exists for this field; retain original as a research lead, not verified truth."", ""Stage03 correction: Unchecked first-pass claim withheld from verified view. No independent Stage03 source judgment exists for this field; retain original as a research lead, not verified truth."", ""Stage03 correction: Unchecked first-pass claim withheld from verified view. No independent Stage03 source judgment exists for this field; retain original as a research lead, not verified truth."", ""Stage03 verified-only view: unchecked claims explicitly unknown; see claim-verification.json and frozen first pass.""]",2026-09-16T17:16:46.720384+00:00,stage03-verification-pattern-analysis
1.0,13,Freshdesk,2. Support and Helpdesk,http://freshdesk.com/,unknown,"[""unknown""]",unknown,unknown,"[""rest""]",unknown,unknown,unknown,unknown,unknown,unknown,"[{""evidence_id"": ""human-report-013:api_types-1"", ""field"": ""api_types"", ""claim"": ""[\""rest\""]"", ""url"": ""https://developers.freshdesk.com/api/"", ""final_url"": ""https://developers.freshdesk.com/api/"", ""source_kind"": ""official"", ""retrieved_at"": """", ""content_sha256"": """", ""quote"": """", ""supports_claim"": ""yes""}]",medium,needs_verification,"[""missing_field_evidence"", ""negative_without_explicit_evidence"", ""quote_not_found"", ""Stage03 correction: Unchecked first-pass claim withheld from verified view. No independent Stage03 source judgment exists for this field; retain original as a research lead, not verified truth."", ""Stage03 correction: Unchecked first-pass claim withheld from verified view. No independent Stage03 source judgment exists for this field; retain original as a research lead, not verified truth."", ""Stage03 correction: Unchecked first-pass claim withheld from verified view. No independent Stage03 source judgment exists for this field; retain original as a research lead, not verified truth."", ""Stage03 correction: Unchecked first-pass claim withheld from verified view. No independent Stage03 source judgment exists for this field; retain original as a research lead, not verified truth."", ""Stage03 correction: Unchecked first-pass claim withheld from verified view. No independent Stage03 source judgment exists for this field; retain original as a research lead, not verified truth."", ""Stage03 verified-only view: unchecked claims explicitly unknown; see claim-verification.json and frozen first pass.""]",2026-09-16T17:16:47.438808+00:00,stage03-verification-pattern-analysis
1.0,14,Front,2. Support and Helpdesk,http://front.com/,unknown,"[""unknown""]",admin_approval,yes,"[""unknown""]",unknown,unknown,unknown,unknown,unknown,unknown,"[{""evidence_id"": ""human-report-014:access_model-1"", ""field"": ""access_model"", ""claim"": ""admin_approval"", ""url"": ""https://dev.frontapp.com/docs/authentication"", ""final_url"": ""https://dev.frontapp.com/docs/authentication"", ""source_kind"": ""official"", ""retrieved_at"": """", ""content_sha256"": """", ""quote"": """", ""supports_claim"": ""yes""}, {""evidence_id"": ""human-report-014:access_model-2"", ""field"": ""access_model"", ""claim"": ""admin_approval"", ""url"": ""https://dev.frontapp.com/docs/create-and-revoke-api-tokens"", ""final_url"": ""https://dev.frontapp.com/docs/create-and-revoke-api-tokens"", ""source_kind"": ""official"", ""retrieved_at"": """", ""content_sha256"": """", ""quote"": """", ""supports_claim"": ""yes""}, {""evidence_id"": ""human-report-014:access_model-3"", ""field"": ""access_model"", ""claim"": ""admin_approval"", ""url"": ""https://dev.frontapp.com/docs/oauth"", ""final_url"": ""https://dev.frontapp.com/docs/oauth"", ""source_kind"": ""official"", ""retrieved_at"": """", ""content_sha256"": """", ""quote"": """", ""supports_claim"": ""yes""}, {""evidence_id"": ""human-report-014:api_available-1"", ""field"": ""api_available"", ""claim"": ""yes"", ""url"": ""https://dev.frontapp.com/docs/authentication"", ""final_url"": ""https://dev.frontapp.com/docs/authentication"", ""source_kind"": ""official"", ""retrieved_at"": """", ""content_sha256"": """", ""quote"": """", ""supports_claim"": ""yes""}, {""evidence_id"": ""human-report-014:api_available-2"", ""field"": ""api_available"", ""claim"": ""yes"", ""url"": ""https://dev.frontapp.com/docs/core-api-getting-started"", ""final_url"": ""https://dev.frontapp.com/docs/core-api-getting-started"", ""source_kind"": ""official"", ""retrieved_at"": """", ""content_sha256"": """", ""quote"": """", ""supports_claim"": ""yes""}]",medium,needs_verification,"[""missing_field_evidence"", ""quote_not_found"", ""Stage03 correction: Front provides a self-service developer path, but using account-level API credentials is permission-gated. The official API-token documentation states that a user must be an admin to create or manage API tokens. The OAuth documentation also states that end users authorizing OAuth apps must be admins, except for Front's MCP server, which uses user-scoped tokens and can be authorized by any teammate. Public integrations must use OAuth unless Front grants an exception. The inspected sources do not establish a paid-plan or sales gate for ordinary Core API access, so the access model is best classified as admin_approval rather than self_serve_paid or sales_gated."", ""Stage03 correction: Front explicitly exposes a Core API for external integrations. The official documentation shows authenticated requests to https://api2.frontapp.com/, including creating and updating Front resources, and states that API tokens can be used for integrations or scripts that make programmatic updates through the API. This directly establishes an inbound developer API."", ""Stage03 correction: Unchecked first-pass claim withheld from verified view. No independent Stage03 source judgment exists for this field; retain original as a research lead, not verified truth."", ""Stage03 verified-only view: unchecked claims explicitly unknown; see claim-verification.json and frozen first pass.""]",2026-09-16T17:17:03.303209+00:00,stage03-verification-pattern-analysis
1.0,15,Pylon,2. Support and Helpdesk,http://usepylon.com/,unknown,"[""unknown""]",unknown,unknown,"[""unknown""]",unknown,unknown,unknown,unknown,unknown,unknown,[],unknown,needs_verification,"[""missing_field_evidence"", ""quote_not_found"", ""Stage03 correction: Unchecked first-pass claim withheld from verified view. No independent Stage03 source judgment exists for this field; retain original as a research lead, not verified truth."", ""Stage03 correction: Unchecked first-pass claim withheld from verified view. No independent Stage03 source judgment exists for this field; retain original as a research lead, not verified truth."", ""Stage03 correction: Unchecked first-pass claim withheld from verified view. No independent Stage03 source judgment exists for this field; retain original as a research lead, not verified truth."", ""Stage03 correction: Unchecked first-pass claim withheld from verified view. No independent Stage03 source judgment exists for this field; retain original as a research lead, not verified truth."", ""Stage03 verified-only view: unchecked claims explicitly unknown; see claim-verification.json and frozen first pass.""]",2026-09-16T17:16:59.656327+00:00,stage03-verification-pattern-analysis
1.0,16,LiveAgent,2. Support and Helpdesk,http://liveagent.com/,unknown,"[""unknown""]",unknown,unknown,"[""unknown""]",unknown,unknown,unknown,unknown,unknown,unknown,[],unknown,needs_verification,"[""missing_field_evidence"", ""quote_not_found"", ""Stage03 correction: Unchecked first-pass claim withheld from verified view. No independent Stage03 source judgment exists for this field; retain original as a research lead, not verified truth."", ""Stage03 correction: Unchecked first-pass claim withheld from verified view. No independent Stage03 source judgment exists for this field; retain original as a research lead, not verified truth."", ""Stage03 verified-only view: unchecked claims explicitly unknown; see claim-verification.json and frozen first pass.""]",2026-09-16T17:17:02.410426+00:00,stage03-verification-pattern-analysis
1.0,17,Plain,2. Support and Helpdesk,http://plain.com/,unknown,"[""unknown""]",unknown,unknown,"[""unknown""]",unknown,unknown,unknown,unknown,unknown,unknown,[],unknown,needs_verification,"[""missing_field_evidence"", ""quote_not_found"", ""Stage03 correction: Unchecked first-pass claim withheld from verified view. No independent Stage03 source judgment exists for this field; retain original as a research lead, not verified truth."", ""Stage03 correction: Unchecked first-pass claim withheld from verified view. No independent Stage03 source judgment exists for this field; retain original as a research lead, not verified truth."", ""Stage03 verified-only view: unchecked claims explicitly unknown; see claim-verification.json and frozen first pass.""]",2026-09-16T17:17:18.213745+00:00,stage03-verification-pattern-analysis
1.0,18,Help Scout,2. Support and Helpdesk,http://helpscout.com/,unknown,"[""unknown""]",unknown,unknown,"[""unknown""]",unknown,unknown,unknown,unknown,unknown,unknown,[],unknown,needs_verification,"[""low_confidence"", ""missing_field_evidence"", ""quote_not_found"", ""Stage03 verified-only view: unchecked claims explicitly unknown; see claim-verification.json and frozen first pass.""]",2026-09-16T17:17:07.998012+00:00,stage03-verification-pattern-analysis
1.0,19,Gorgias,2. Support and Helpdesk,http://gorgias.com/,unknown,"[""unknown""]",unknown,unknown,"[""unknown""]",unknown,unknown,unknown,unknown,unknown,unknown,[],unknown,needs_verification,"[""missing_field_evidence"", ""quote_not_found"", ""Stage03 correction: Unchecked first-pass claim withheld from verified view. No independent Stage03 source judgment exists for this field; retain original as a research lead, not verified truth."", ""Stage03 correction: Unchecked first-pass claim withheld from verified view. No independent Stage03 source judgment exists for this field; retain original as a research lead, not verified truth."", ""Stage03 correction: Unchecked first-pass claim withheld from verified view. No independent Stage03 source judgment exists for this field; retain original as a research lead, not verified truth."", ""Stage03 correction: Unchecked first-pass claim withheld from verified view. No independent Stage03 source judgment exists for this field; retain original as a research lead, not verified truth."", ""Stage03 correction: Unchecked first-pass claim withheld from verified view. No independent Stage03 source judgment exists for this field; retain original as a research lead, not verified truth."", ""Stage03 correction: Unchecked first-pass claim withheld from verified view. No independent Stage03 source judgment exists for this field; retain original as a research lead, not verified truth."", ""Stage03 correction: Unchecked first-pass claim withheld from verified view. No independent Stage03 source judgment exists for this field; retain original as a research lead, not verified truth."", ""Stage03 correction: Unchecked first-pass claim withheld from verified view. No independent Stage03 source judgment exists for this field; retain original as a research lead, not verified truth."", ""Stage03 verified-only view: unchecked claims explicitly unknown; see claim-verification.json and frozen first pass.""]",2026-09-16T17:17:28.581635+00:00,stage03-verification-pattern-analysis
1.0,20,Gladly,2. Support and Helpdesk,http://gladly.com/,unknown,"[""unknown""]",unknown,unknown,"[""unknown""]",unknown,unknown,unknown,unknown,unknown,unknown,[],unknown,needs_verification,"[""missing_field_evidence"", ""quote_not_found"", ""Stage03 correction: Unchecked first-pass claim withheld from verified view. No independent Stage03 source judgment exists for this field; retain original as a research lead, not verified truth."", ""Stage03 correction: Unchecked first-pass claim withheld from verified view. No independent Stage03 source judgment exists for this field; retain original as a research lead, not verified truth."", ""Stage03 correction: Unchecked first-pass claim withheld from verified view. No independent Stage03 source judgment exists for this field; retain original as a research lead, not verified truth."", ""Stage03 correction: Unchecked first-pass claim withheld from verified view. No independent Stage03 source judgment exists for this field; retain original as a research lead, not verified truth."", ""Stage03 correction: Unchecked first-pass claim withheld from verified view. No independent Stage03 source judgment exists for this field; retain original as a research lead, not verified truth."", ""Stage03 verified-only view: unchecked claims explicitly unknown; see claim-verification.json and frozen first pass.""]",2026-09-16T17:17:44.222054+00:00,stage03-verification-pattern-analysis
1.0,21,Slack,3. Communications and Messaging,http://slack.com/,unknown,"[""unknown""]",unknown,unknown,"[""unknown""]",unknown,unknown,unknown,unknown,unknown,unknown,[],unknown,needs_verification,"[""missing_field_evidence"", ""quote_not_found"", ""Stage03 correction: Unchecked first-pass claim withheld from verified view. No independent Stage03 source judgment exists for this field; retain original as a research lead, not verified truth."", ""Stage03 correction: Unchecked first-pass claim withheld from verified view. No independent Stage03 source judgment exists for this field; retain original as a research lead, not verified truth."", ""Stage03 correction: Unchecked first-pass claim withheld from verified view. No independent Stage03 source judgment exists for this field; retain original as a research lead, not verified truth."", ""Stage03 correction: Unchecked first-pass claim withheld from verified view. No independent Stage03 source judgment exists for this field; retain original as a research lead, not verified truth."", ""Stage03 verified-only view: unchecked claims explicitly unknown; see claim-verification.json and frozen first pass.""]",2026-09-16T17:17:30.227166+00:00,stage03-verification-pattern-analysis
1.0,22,Twilio,3. Communications and Messaging,http://twilio.com/,unknown,"[""unknown""]",unknown,unknown,"[""unknown""]",unknown,unknown,unknown,buildable,trial_and_paid_account_restrictions,"Twilio is directly buildable. The official documentation provides public REST APIs, SDKs, CLI support, API-key and Account SID/Auth Token authentication, and a self-service Twilio Console. New users receive a 30-day trial with real API requests and responses, allowing proof-of-concept development before upgrading. No partner, sales, or manual approval gate is required for ordinary API access. Product-specific restrictions still apply, especially during trial and for regulated communications use cases.","[{""evidence_id"": ""human-report-022:buildability-1"", ""field"": ""buildability"", ""claim"": ""buildable"", ""url"": ""https://www.twilio.com/docs/usage/requests-to-twilio"", ""final_url"": ""https://www.twilio.com/docs/usage/requests-to-twilio"", ""source_kind"": ""official"", ""retrieved_at"": """", ""content_sha256"": """", ""quote"": """", ""supports_claim"": ""yes""}, {""evidence_id"": ""human-report-022:buildability-2"", ""field"": ""buildability"", ""claim"": ""buildable"", ""url"": ""https://www.twilio.com/docs/usage/trials"", ""final_url"": ""https://www.twilio.com/docs/usage/trials"", ""source_kind"": ""official"", ""retrieved_at"": """", ""content_sha256"": """", ""quote"": """", ""supports_claim"": ""yes""}, {""evidence_id"": ""human-report-022:buildability-3"", ""field"": ""buildability"", ""claim"": ""buildable"", ""url"": ""https://www.twilio.com/docs/iam/api/account"", ""final_url"": ""https://www.twilio.com/docs/iam/api/account"", ""source_kind"": ""official"", ""retrieved_at"": """", ""content_sha256"": """", ""quote"": """", ""supports_claim"": ""yes""}, {""evidence_id"": ""human-report-022:primary_blocker-1"", ""field"": ""primary_blocker"", ""claim"": ""trial_and_paid_account_restrictions"", ""url"": ""https://www.twilio.com/docs/usage/trials"", ""final_url"": ""https://www.twilio.com/docs/usage/trials"", ""source_kind"": ""official"", ""retrieved_at"": """", ""content_sha256"": """", ""quote"": """", ""supports_claim"": ""yes""}, {""evidence_id"": ""human-report-022:primary_blocker-2"", ""field"": ""primary_blocker"", ""claim"": ""trial_and_paid_account_restrictions"", ""url"": ""https://www.twilio.com/docs/usage/trials/try-out-sms"", ""final_url"": ""https://www.twilio.com/docs/usage/trials/try-out-sms"", ""source_kind"": ""official"", ""retrieved_at"": """", ""content_sha256"": """", ""quote"": """", ""supports_claim"": ""yes""}, {""evidence_id"": ""human-report-022:primary_blocker-3"", ""field"": ""primary_blocker"", ""claim"": ""trial_and_paid_account_restrictions"", ""url"": ""https://www.twilio.com/docs/usage/trials/try-out-voice"", ""final_url"": ""https://www.twilio.com/docs/usage/trials/try-out-voice"", ""source_kind"": ""official"", ""retrieved_at"": """", ""content_sha256"": """", ""quote"": """", ""supports_claim"": ""yes""}, {""evidence_id"": ""stage03-human-022-buildability_rationale-1"", ""field"": ""buildability_rationale"", ""claim"": ""Twilio is directly buildable. The official documentation provides public REST APIs, SDKs, CLI support, API-key and Account SID/Auth Token authentication, and a self-service Twilio Console. New users receive a 30-day trial with real API requests and responses, allowing proof-of-concept development before upgrading. No partner, sales, or manual approval gate is required for ordinary API access. Product-specific restrictions still apply, especially during trial and for regulated communications use cases."", ""url"": ""https://www.twilio.com/docs/usage/requests-to-twilio"", ""final_url"": ""https://www.twilio.com/docs/usage/requests-to-twilio"", ""source_kind"": ""official"", ""retrieved_at"": """", ""content_sha256"": """", ""quote"": """", ""supports_claim"": ""yes""}, {""evidence_id"": ""stage03-human-022-buildability_rationale-2"", ""field"": ""buildability_rationale"", ""claim"": ""Twilio is directly buildable. The official documentation provides public REST APIs, SDKs, CLI support, API-key and Account SID/Auth Token authentication, and a self-service Twilio Console. New users receive a 30-day trial with real API requests and responses, allowing proof-of-concept development before upgrading. No partner, sales, or manual approval gate is required for ordinary API access. Product-specific restrictions still apply, especially during trial and for regulated communications use cases."", ""url"": ""https://www.twilio.com/docs/usage/trials"", ""final_url"": ""https://www.twilio.com/docs/usage/trials"", ""source_kind"": ""official"", ""retrieved_at"": """", ""content_sha256"": """", ""quote"": """", ""supports_claim"": ""yes""}, {""evidence_id"": ""stage03-human-022-buildability_rationale-3"", ""field"": ""buildability_rationale"", ""claim"": ""Twilio is directly buildable. The official documentation provides public REST APIs, SDKs, CLI support, API-key and Account SID/Auth Token authentication, and a self-service Twilio Console. New users receive a 30-day trial with real API requests and responses, allowing proof-of-concept development before upgrading. No partner, sales, or manual approval gate is required for ordinary API access. Product-specific restrictions still apply, especially during trial and for regulated communications use cases."", ""url"": ""https://www.twilio.com/docs/iam/api/account"", ""final_url"": ""https://www.twilio.com/docs/iam/api/account"", ""source_kind"": ""official"", ""retrieved_at"": """", ""content_sha256"": """", ""quote"": """", ""supports_claim"": ""yes""}]",medium,needs_verification,"[""missing_field_evidence"", ""quote_not_found"", ""Stage03 correction: Twilio is directly buildable. The official documentation provides public REST APIs, SDKs, CLI support, API-key and Account SID/Auth Token authentication, and a self-service Twilio Console. New users receive a 30-day trial with real API requests and responses, allowing proof-of-concept development before upgrading. No partner, sales, or manual approval gate is required for ordinary API access. Product-specific restrictions still apply, especially during trial and for regulated communications use cases."", ""Stage03 correction: Twilio is directly buildable. The official documentation provides public REST APIs, SDKs, CLI support, API-key and Account SID/Auth Token authentication, and a self-service Twilio Console. New users receive a 30-day trial with real API requests and responses, allowing proof-of-concept development before upgrading. No partner, sales, or manual approval gate is required for ordinary API access. Product-specific restrictions still apply, especially during trial and for regulated communications use cases."", ""Stage03 correction: Twilio does not have a universal integration blocker, but trial accounts have significant operational restrictions. Trials expire after 30 days, are limited to verified recipients, restrict messaging and calls geographically, limit content and product functionality, and use trial phone numbers. Full functionality requires upgrading the account. Product-specific compliance and regulatory requirements can add further constraints, but the broad documented blocker across Twilio is the transition from a restricted trial environment to an upgraded paid account for unrestricted production use."", ""Stage03 verified-only view: unchecked claims explicitly unknown; see claim-verification.json and frozen first pass.""]",2026-09-16T17:17:45.899032+00:00,stage03-verification-pattern-analysis
1.0,23,Zoho Cliq,3. Communications and Messaging,http://zoho.com/cliq,unknown,"[""unknown""]",unknown,unknown,"[""unknown""]",unknown,unknown,unknown,unknown,unknown,unknown,[],unknown,needs_verification,"[""missing_field_evidence"", ""quote_not_found"", ""Stage03 correction: Unchecked first-pass claim withheld from verified view. No independent Stage03 source judgment exists for this field; retain original as a research lead, not verified truth."", ""Stage03 correction: Unchecked first-pass claim withheld from verified view. No independent Stage03 source judgment exists for this field; retain original as a research lead, not verified truth."", ""Stage03 correction: Unchecked first-pass claim withheld from verified view. No independent Stage03 source judgment exists for this field; retain original as a research lead, not verified truth."", ""Stage03 correction: Unchecked first-pass claim withheld from verified view. No independent Stage03 source judgment exists for this field; retain original as a research lead, not verified truth."", ""Stage03 correction: Unchecked first-pass claim withheld from verified view. No independent Stage03 source judgment exists for this field; retain original as a research lead, not verified truth."", ""Stage03 correction: Unchecked first-pass claim withheld from verified view. No independent Stage03 source judgment exists for this field; retain original as a research lead, not verified truth."", ""Stage03 verified-only view: unchecked claims explicitly unknown; see claim-verification.json and frozen first pass.""]",2026-09-16T17:17:52.342764+00:00,stage03-verification-pattern-analysis
1.0,24,Lark (Larksuite),3. Communications and Messaging,http://open.larksuite.com/,unknown,"[""unknown""]",unknown,unknown,"[""unknown""]",unknown,unknown,unknown,unknown,unknown,unknown,[],unknown,needs_verification,"[""low_confidence"", ""no_usable_official_source"", ""Stage03 verified-only view: unchecked claims explicitly unknown; see claim-verification.json and frozen first pass.""]",2026-09-16T17:17:46.790835+00:00,stage03-verification-pattern-analysis
1.0,25,Pumble,3. Communications and Messaging,http://pumble.com/,unknown,"[""unknown""]",unknown,unknown,"[""unknown""]",unknown,unknown,unknown,unknown,unknown,unknown,[],unknown,needs_verification,"[""missing_field_evidence"", ""negative_without_explicit_evidence"", ""quote_not_found"", ""Stage03 correction: Unchecked first-pass claim withheld from verified view. No independent Stage03 source judgment exists for this field; retain original as a research lead, not verified truth."", ""Stage03 verified-only view: unchecked claims explicitly unknown; see claim-verification.json and frozen first pass.""]",2026-09-16T17:18:06.558307+00:00,stage03-verification-pattern-analysis
1.0,26,Discord,3. Communications and Messaging,http://discord.com/,unknown,"[""unknown""]",unknown,unknown,"[""unknown""]",unknown,unknown,unknown,unknown,unknown,unknown,[],unknown,needs_verification,"[""missing_field_evidence"", ""quote_not_found"", ""Stage03 correction: Unchecked first-pass claim withheld from verified view. No independent Stage03 source judgment exists for this field; retain original as a research lead, not verified truth."", ""Stage03 correction: Unchecked first-pass claim withheld from verified view. No independent Stage03 source judgment exists for this field; retain original as a research lead, not verified truth."", ""Stage03 correction: Unchecked first-pass claim withheld from verified view. No independent Stage03 source judgment exists for this field; retain original as a research lead, not verified truth."", ""Stage03 correction: Unchecked first-pass claim withheld from verified view. No independent Stage03 source judgment exists for this field; retain original as a research lead, not verified truth."", ""Stage03 correction: Unchecked first-pass claim withheld from verified view. No independent Stage03 source judgment exists for this field; retain original as a research lead, not verified truth."", ""Stage03 correction: Unchecked first-pass claim withheld from verified view. No independent Stage03 source judgment exists for this field; retain original as a research lead, not verified truth."", ""Stage03 verified-only view: unchecked claims explicitly unknown; see claim-verification.json and frozen first pass.""]",2026-09-16T17:18:05.068526+00:00,stage03-verification-pattern-analysis
1.0,27,Telegram,3. Communications and Messaging,http://core.telegram.org/,unknown,"[""unknown""]",unknown,unknown,"[""unknown""]",unknown,unknown,unknown,unknown,unknown,unknown,[],unknown,needs_verification,"[""missing_field_evidence"", ""negative_without_explicit_evidence"", ""quote_not_found"", ""raw_identity_mismatch"", ""unclear_claim_support"", ""Stage03 correction: Unchecked first-pass claim withheld from verified view. No independent Stage03 source judgment exists for this field; retain original as a research lead, not verified truth."", ""Stage03 correction: Unchecked first-pass claim withheld from verified view. No independent Stage03 source judgment exists for this field; retain original as a research lead, not verified truth."", ""Stage03 verified-only view: unchecked claims explicitly unknown; see claim-verification.json and frozen first pass.""]",2026-09-16T17:18:10.893469+00:00,stage03-verification-pattern-analysis
1.0,28,WhatsApp Business,3. Communications and Messaging,http://developers.facebook.com/docs/whatsapp,unknown,"[""unknown""]",unknown,unknown,"[""unknown""]",unknown,unknown,unknown,unknown,unknown,unknown,[],unknown,needs_verification,"[""missing_field_evidence"", ""quote_not_found"", ""Stage03 correction: Unchecked first-pass claim withheld from verified view. No independent Stage03 source judgment exists for this field; retain original as a research lead, not verified truth."", ""Stage03 correction: Unchecked first-pass claim withheld from verified view. No independent Stage03 source judgment exists for this field; retain original as a research lead, not verified truth."", ""Stage03 correction: Unchecked first-pass claim withheld from verified view. No independent Stage03 source judgment exists for this field; retain original as a research lead, not verified truth."", ""Stage03 verified-only view: unchecked claims explicitly unknown; see claim-verification.json and frozen first pass.""]",2026-09-16T17:18:25.740078+00:00,stage03-verification-pattern-analysis
1.0,29,Aircall,3. Communications and Messaging,http://aircall.io/,unknown,"[""oauth2"", ""basic""]",admin_approval,unknown,"[""unknown""]",unknown,unknown,unknown,unknown,unknown,unknown,"[{""evidence_id"": ""human-report-029:auth_methods-1"", ""field"": ""auth_methods"", ""claim"": ""[\""oauth2\"", \""basic\""]"", ""url"": ""https://developers.aircall.io/api-references"", ""final_url"": ""https://developers.aircall.io/api-references"", ""source_kind"": ""official"", ""retrieved_at"": """", ""content_sha256"": """", ""quote"": """", ""supports_claim"": ""yes""}, {""evidence_id"": ""human-report-029:access_model-1"", ""field"": ""access_model"", ""claim"": ""admin_approval"", ""url"": ""https://developers.aircall.io/api-references"", ""final_url"": ""https://developers.aircall.io/api-references"", ""source_kind"": ""official"", ""retrieved_at"": """", ""content_sha256"": """", ""quote"": """", ""supports_claim"": ""yes""}]",medium,needs_verification,"[""missing_field_evidence"", ""quote_not_found"", ""Stage03 correction: Aircall API access is permission-gated at the company level. Integrations can only be enabled or installed by an Aircall Admin. Existing Aircall customers can create Basic Auth credentials for their own company from Company Settings > API Keys. For public or multi-company integrations, Aircall requires OAuth, and developers must obtain client_id and client_secret from Aircall after submitting the partner/OAuth setup form. Marketplace listing also requires OAuth. The inspected source does not establish a universal paid-plan gate for ordinary API access, so admin_approval is the best overall access-model classification, with additional partner approval/provisioning for public integrations."", ""Stage03 correction: Unchecked first-pass claim withheld from verified view. No independent Stage03 source judgment exists for this field; retain original as a research lead, not verified truth."", ""Stage03 correction: Unchecked first-pass claim withheld from verified view. No independent Stage03 source judgment exists for this field; retain original as a research lead, not verified truth."", ""Stage03 correction: Unchecked first-pass claim withheld from verified view. No independent Stage03 source judgment exists for this field; retain original as a research lead, not verified truth."", ""Stage03 verified-only view: unchecked claims explicitly unknown; see claim-verification.json and frozen first pass.""]",2026-09-16T17:18:25.405208+00:00,stage03-verification-pattern-analysis
1.0,30,Vonage,3. Communications and Messaging,http://developer.vonage.com/,unknown,"[""unknown""]",unknown,unknown,"[""unknown""]",unknown,unknown,unknown,unknown,unknown,unknown,[],unknown,needs_verification,"[""missing_field_evidence"", ""mixed_unknown_enum"", ""quote_not_found"", ""Stage03 correction: Unchecked first-pass claim withheld from verified view. No independent Stage03 source judgment exists for this field; retain original as a research lead, not verified truth."", ""Stage03 verified-only view: unchecked claims explicitly unknown; see claim-verification.json and frozen first pass.""]",2026-09-16T17:18:24.341537+00:00,stage03-verification-pattern-analysis
1.0,31,Google Ads,"4. Marketing, Ads, Email and Social",http://developers.google.com/google-ads,unknown,"[""unknown""]",unknown,unknown,"[""unknown""]",unknown,unknown,unknown,unknown,unknown,unknown,[],unknown,needs_verification,"[""missing_field_evidence"", ""quote_not_found"", ""Stage03 correction: Unchecked first-pass claim withheld from verified view. No independent Stage03 source judgment exists for this field; retain original as a research lead, not verified truth."", ""Stage03 correction: Unchecked first-pass claim withheld from verified view. No independent Stage03 source judgment exists for this field; retain original as a research lead, not verified truth."", ""Stage03 correction: Unchecked first-pass claim withheld from verified view. No independent Stage03 source judgment exists for this field; retain original as a research lead, not verified truth."", ""Stage03 correction: Unchecked first-pass claim withheld from verified view. No independent Stage03 source judgment exists for this field; retain original as a research lead, not verified truth."", ""Stage03 correction: Unchecked first-pass claim withheld from verified view. No independent Stage03 source judgment exists for this field; retain original as a research lead, not verified truth."", ""Stage03 correction: Unchecked first-pass claim withheld from verified view. No independent Stage03 source judgment exists for this field; retain original as a research lead, not verified truth."", ""Stage03 verified-only view: unchecked claims explicitly unknown; see claim-verification.json and frozen first pass.""]",2026-09-16T17:18:55.853301+00:00,stage03-verification-pattern-analysis
1.0,32,Meta Ads,"4. Marketing, Ads, Email and Social",http://developers.facebook.com/docs/marketing-apis,unknown,"[""unknown""]",unknown,yes,"[""rest""]",unknown,unknown,unknown,unknown,unknown,unknown,"[{""evidence_id"": ""human-report-032:api_available-1"", ""field"": ""api_available"", ""claim"": ""yes"", ""url"": ""https://developers.facebook.com/documentation/ads-commerce/marketing-api"", ""final_url"": ""https://developers.facebook.com/documentation/ads-commerce/marketing-api"", ""source_kind"": ""official"", ""retrieved_at"": """", ""content_sha256"": """", ""quote"": """", ""supports_claim"": ""yes""}, {""evidence_id"": ""human-report-032:api_available-2"", ""field"": ""api_available"", ""claim"": ""yes"", ""url"": ""https://developers.facebook.com/documentation/ads-commerce/marketing-api/overview"", ""final_url"": ""https://developers.facebook.com/documentation/ads-commerce/marketing-api/overview"", ""source_kind"": ""official"", ""retrieved_at"": """", ""content_sha256"": """", ""quote"": """", ""supports_claim"": ""yes""}, {""evidence_id"": ""human-report-032:api_types-1"", ""field"": ""api_types"", ""claim"": ""[\""rest\""]"", ""url"": ""https://developers.facebook.com/documentation/ads-commerce/marketing-api"", ""final_url"": ""https://developers.facebook.com/documentation/ads-commerce/marketing-api"", ""source_kind"": ""official"", ""retrieved_at"": """", ""content_sha256"": """", ""quote"": """", ""supports_claim"": ""yes""}, {""evidence_id"": ""human-report-032:api_types-2"", ""field"": ""api_types"", ""claim"": ""[\""rest\""]"", ""url"": ""https://developers.facebook.com/documentation/ads-commerce/marketing-api/overview/rate-limiting"", ""final_url"": ""https://developers.facebook.com/documentation/ads-commerce/marketing-api/overview/rate-limiting"", ""source_kind"": ""official"", ""retrieved_at"": """", ""content_sha256"": """", ""quote"": """", ""supports_claim"": ""yes""}]",medium,needs_verification,"[""missing_field_evidence"", ""quote_not_found"", ""raw_identity_mismatch"", ""Stage03 correction: Meta explicitly documents the Marketing API as a developer API for automating advertising across Meta technologies. It supports programmatic creation and management of campaigns, ad sets, ads and creatives, as well as performance analysis and insights. This directly establishes that Meta exposes an inbound developer API for advertising integrations."", ""Stage03 correction: The Marketing API is implemented through Meta Graph API endpoints, but \""Graph API\"" is a product/API family name and does not mean GraphQL. The official documentation shows HTTP resource endpoints using methods such as GET and POST, including endpoints like POST /{ad-account-id}/ads, POST /{ad-account-id}/adsets, and POST /{ad-account-id}/campaigns. Under the assessment's protocol classification, this supports REST-style HTTP API access. The inspected sources do not establish GraphQL, so graphql should not be added."", ""Stage03 verified-only view: unchecked claims explicitly unknown; see claim-verification.json and frozen first pass.""]",2026-09-16T17:19:01.488186+00:00,stage03-verification-pattern-analysis
1.0,33,LinkedIn Ads,"4. Marketing, Ads, Email and Social",http://learn.microsoft.com/linkedin/marketing,unknown,"[""unknown""]",unknown,unknown,"[""unknown""]",unknown,unknown,unknown,unknown,unknown,unknown,[],unknown,needs_verification,"[""missing_field_evidence"", ""quote_not_found"", ""Stage03 correction: Unchecked first-pass claim withheld from verified view. No independent Stage03 source judgment exists for this field; retain original as a research lead, not verified truth."", ""Stage03 verified-only view: unchecked claims explicitly unknown; see claim-verification.json and frozen first pass.""]",2026-09-16T17:18:50.712498+00:00,stage03-verification-pattern-analysis
1.0,34,GoHighLevel,"4. Marketing, Ads, Email and Social",http://highlevel.stoplight.io/,unknown,"[""unknown""]",unknown,unknown,"[""unknown""]",unknown,unknown,unknown,unknown,unknown,unknown,[],unknown,needs_verification,"[""missing_field_evidence"", ""quote_not_found"", ""Stage03 correction: Unchecked first-pass claim withheld from verified view. No independent Stage03 source judgment exists for this field; retain original as a research lead, not verified truth."", ""Stage03 correction: Unchecked first-pass claim withheld from verified view. No independent Stage03 source judgment exists for this field; retain original as a research lead, not verified truth."", ""Stage03 verified-only view: unchecked claims explicitly unknown; see claim-verification.json and frozen first pass.""]",2026-09-16T17:19:11.454448+00:00,stage03-verification-pattern-analysis
1.0,35,Mailchimp,"4. Marketing, Ads, Email and Social",http://mailchimp.com/developer,unknown,"[""unknown""]",unknown,unknown,"[""unknown""]",unknown,unknown,unknown,unknown,unknown,unknown,[],unknown,needs_verification,"[""missing_field_evidence"", ""quote_not_found"", ""Stage03 correction: Unchecked first-pass claim withheld from verified view. No independent Stage03 source judgment exists for this field; retain original as a research lead, not verified truth."", ""Stage03 correction: Unchecked first-pass claim withheld from verified view. No independent Stage03 source judgment exists for this field; retain original as a research lead, not verified truth."", ""Stage03 correction: Unchecked first-pass claim withheld from verified view. No independent Stage03 source judgment exists for this field; retain original as a research lead, not verified truth."", ""Stage03 verified-only view: unchecked claims explicitly unknown; see claim-verification.json and frozen first pass.""]",2026-09-16T17:19:10.547751+00:00,stage03-verification-pattern-analysis
1.0,36,Klaviyo,"4. Marketing, Ads, Email and Social",http://developers.klaviyo.com/,unknown,"[""unknown""]",unknown,unknown,"[""unknown""]",unknown,unknown,unknown,unknown,unknown,unknown,[],unknown,needs_verification,"[""missing_field_evidence"", ""quote_not_found"", ""Stage03 correction: Unchecked first-pass claim withheld from verified view. No independent Stage03 source judgment exists for this field; retain original as a research lead, not verified truth."", ""Stage03 correction: Unchecked first-pass claim withheld from verified view. No independent Stage03 source judgment exists for this field; retain original as a research lead, not verified truth."", ""Stage03 verified-only view: unchecked claims explicitly unknown; see claim-verification.json and frozen first pass.""]",2026-09-16T17:19:19.729858+00:00,stage03-verification-pattern-analysis
1.0,37,systeme.io,"4. Marketing, Ads, Email and Social",http://systeme.io/,unknown,"[""unknown""]",unknown,unknown,"[""unknown""]",unknown,official,unknown,buildable,unknown,"Systeme.io provides a self-service Public API with documented RESTful endpoints and examples. Developers can generate a Public API key directly from the Systeme.io dashboard and authenticate requests using the X-API-Key header. The API supports programmatic operations such as contact and tag management, cursor-based pagination, PATCH updates, and documented POST/GET examples. No partner, sales, or manual approval gate is established in the inspected documentation for ordinary API access. This supports the existing buildable classification.","[{""evidence_id"": ""human-report-037:mcp_available-1"", ""field"": ""mcp_available"", ""claim"": ""official"", ""url"": ""https://developer.systeme.io/reference/api"", ""final_url"": ""https://developer.systeme.io/reference/api"", ""source_kind"": ""official"", ""retrieved_at"": """", ""content_sha256"": """", ""quote"": """", ""supports_claim"": ""yes""}, {""evidence_id"": ""human-report-037:mcp_available-2"", ""field"": ""mcp_available"", ""claim"": ""official"", ""url"": ""https://developer.systeme.io/llms.txt"", ""final_url"": ""https://developer.systeme.io/llms.txt"", ""source_kind"": ""official"", ""retrieved_at"": """", ""content_sha256"": """", ""quote"": """", ""supports_claim"": ""yes""}, {""evidence_id"": ""human-report-037:buildability-1"", ""field"": ""buildability"", ""claim"": ""buildable"", ""url"": ""https://developer.systeme.io/reference/api"", ""final_url"": ""https://developer.systeme.io/reference/api"", ""source_kind"": ""official"", ""retrieved_at"": """", ""content_sha256"": """", ""quote"": """", ""supports_claim"": ""yes""}, {""evidence_id"": ""human-report-037:buildability-2"", ""field"": ""buildability"", ""claim"": ""buildable"", ""url"": ""https://developer.systeme.io/docs/api-recipes-and-how-to-use-them"", ""final_url"": ""https://developer.systeme.io/docs/api-recipes-and-how-to-use-them"", ""source_kind"": ""official"", ""retrieved_at"": """", ""content_sha256"": """", ""quote"": """", ""supports_claim"": ""yes""}, {""evidence_id"": ""stage03-human-037-buildability_rationale-1"", ""field"": ""buildability_rationale"", ""claim"": ""Systeme.io provides a self-service Public API with documented RESTful endpoints and examples. Developers can generate a Public API key directly from the Systeme.io dashboard and authenticate requests using the X-API-Key header. The API supports programmatic operations such as contact and tag management, cursor-based pagination, PATCH updates, and documented POST/GET examples. No partner, sales, or manual approval gate is established in the inspected documentation for ordinary API access. This supports the existing buildable classification."", ""url"": ""https://developer.systeme.io/reference/api"", ""final_url"": ""https://developer.systeme.io/reference/api"", ""source_kind"": ""official"", ""retrieved_at"": """", ""content_sha256"": """", ""quote"": """", ""supports_claim"": ""yes""}, {""evidence_id"": ""stage03-human-037-buildability_rationale-2"", ""field"": ""buildability_rationale"", ""claim"": ""Systeme.io provides a self-service Public API with documented RESTful endpoints and examples. Developers can generate a Public API key directly from the Systeme.io dashboard and authenticate requests using the X-API-Key header. The API supports programmatic operations such as contact and tag management, cursor-based pagination, PATCH updates, and documented POST/GET examples. No partner, sales, or manual approval gate is established in the inspected documentation for ordinary API access. This supports the existing buildable classification."", ""url"": ""https://developer.systeme.io/docs/api-recipes-and-how-to-use-them"", ""final_url"": ""https://developer.systeme.io/docs/api-recipes-and-how-to-use-them"", ""source_kind"": ""official"", ""retrieved_at"": """", ""content_sha256"": """", ""quote"": """", ""supports_claim"": ""yes""}]",medium,needs_verification,"[""missing_field_evidence"", ""quote_not_found"", ""Stage03 correction: Systeme.io officially documents and operates its own MCP server. The documentation explicitly describes “our MCP server,” requires an MCP key generated from the Systeme.io dashboard, documents authentication through X-MCP-Key or mcpKey, and lists supported contact, tag, contact-field, and newsletter operations. The MCP server is therefore official rather than community-published."", ""Stage03 correction: Systeme.io provides a self-service Public API with documented RESTful endpoints and examples. Developers can generate a Public API key directly from the Systeme.io dashboard and authenticate requests using the X-API-Key header. The API supports programmatic operations such as contact and tag management, cursor-based pagination, PATCH updates, and documented POST/GET examples. No partner, sales, or manual approval gate is established in the inspected documentation for ordinary API access. This supports the existing buildable classification."", ""Stage03 correction: Unchecked first-pass claim withheld from verified view. No independent Stage03 source judgment exists for this field; retain original as a research lead, not verified truth."", ""Stage03 correction: Unchecked first-pass claim withheld from verified view. No independent Stage03 source judgment exists for this field; retain original as a research lead, not verified truth."", ""Stage03 correction: Unchecked first-pass claim withheld from verified view. No independent Stage03 source judgment exists for this field; retain original as a research lead, not verified truth."", ""Stage03 correction: Unchecked first-pass claim withheld from verified view. No independent Stage03 source judgment exists for this field; retain original as a research lead, not verified truth."", ""Stage03 verified-only view: unchecked claims explicitly unknown; see claim-verification.json and frozen first pass.""]",2026-09-16T17:19:25.883164+00:00,stage03-verification-pattern-analysis
1.0,38,Pinterest,"4. Marketing, Ads, Email and Social",http://developers.pinterest.com/,unknown,"[""unknown""]",unknown,unknown,"[""unknown""]",unknown,unknown,unknown,unknown,unknown,unknown,[],unknown,needs_verification,"[""missing_field_evidence"", ""Stage03 correction: Unchecked first-pass claim withheld from verified view. No independent Stage03 source judgment exists for this field; retain original as a research lead, not verified truth."", ""Stage03 correction: Unchecked first-pass claim withheld from verified view. No independent Stage03 source judgment exists for this field; retain original as a research lead, not verified truth."", ""Stage03 correction: Unchecked first-pass claim withheld from verified view. No independent Stage03 source judgment exists for this field; retain original as a research lead, not verified truth."", ""Stage03 correction: Unchecked first-pass claim withheld from verified view. No independent Stage03 source judgment exists for this field; retain original as a research lead, not verified truth."", ""Stage03 correction: Unchecked first-pass claim withheld from verified view. No independent Stage03 source judgment exists for this field; retain original as a research lead, not verified truth."", ""Stage03 correction: Unchecked first-pass claim withheld from verified view. No independent Stage03 source judgment exists for this field; retain original as a research lead, not verified truth."", ""Stage03 correction: Unchecked first-pass claim withheld from verified view. No independent Stage03 source judgment exists for this field; retain original as a research lead, not verified truth."", ""Stage03 verified-only view: unchecked claims explicitly unknown; see claim-verification.json and frozen first pass.""]",2026-09-16T17:19:35.523987+00:00,stage03-verification-pattern-analysis
1.0,39,Threads (Meta),"4. Marketing, Ads, Email and Social",http://developers.facebook.com/docs/threads,unknown,"[""unknown""]",unknown,unknown,"[""unknown""]",unknown,unknown,unknown,unknown,unknown,unknown,[],unknown,needs_verification,"[""missing_field_evidence"", ""quote_not_found"", ""Stage03 correction: Unchecked first-pass claim withheld from verified view. No independent Stage03 source judgment exists for this field; retain original as a research lead, not verified truth."", ""Stage03 correction: Unchecked first-pass claim withheld from verified view. No independent Stage03 source judgment exists for this field; retain original as a research lead, not verified truth."", ""Stage03 verified-only view: unchecked claims explicitly unknown; see claim-verification.json and frozen first pass.""]",2026-09-16T17:19:37.482269+00:00,stage03-verification-pattern-analysis
1.0,40,SendGrid,"4. Marketing, Ads, Email and Social",http://sendgrid.com/,unknown,"[""api_key""]",unknown,yes,"[""rest""]",unknown,unknown,unknown,unknown,unknown,unknown,"[{""evidence_id"": ""stage03-targeted-40-auth_methods"", ""field"": ""auth_methods"", ""claim"": ""[\""api_key\""]"", ""url"": ""https://www.twilio.com/docs/sendgrid/api-reference/how-to-use-the-sendgrid-v3-api/authentication"", ""final_url"": ""https://www.twilio.com/docs/sendgrid/api-reference/how-to-use-the-sendgrid-v3-api/authentication"", ""source_kind"": ""official"", ""retrieved_at"": ""2026-09-16T21:11:51+00:00"", ""content_sha256"": ""1edbbb1e0f0a77607ad83011384b10b05069dd086a3d006c993d2138381b925a"", ""quote"": ""supports API keys"", ""supports_claim"": ""yes""}, {""evidence_id"": ""stage03-targeted-40-api_available"", ""field"": ""api_available"", ""claim"": ""yes"", ""url"": ""https://www.twilio.com/docs/sendgrid/api-reference/how-to-use-the-sendgrid-v3-api/authentication"", ""final_url"": ""https://www.twilio.com/docs/sendgrid/api-reference/how-to-use-the-sendgrid-v3-api/authentication"", ""source_kind"": ""official"", ""retrieved_at"": ""2026-09-16T21:11:51+00:00"", ""content_sha256"": ""1edbbb1e0f0a77607ad83011384b10b05069dd086a3d006c993d2138381b925a"", ""quote"": ""Twilio SendGrid Web REST API v3"", ""supports_claim"": ""yes""}, {""evidence_id"": ""stage03-targeted-40-api_types"", ""field"": ""api_types"", ""claim"": ""[\""rest\""]"", ""url"": ""https://www.twilio.com/docs/sendgrid/api-reference/how-to-use-the-sendgrid-v3-api/authentication"", ""final_url"": ""https://www.twilio.com/docs/sendgrid/api-reference/how-to-use-the-sendgrid-v3-api/authentication"", ""source_kind"": ""official"", ""retrieved_at"": ""2026-09-16T21:11:51+00:00"", ""content_sha256"": ""1edbbb1e0f0a77607ad83011384b10b05069dd086a3d006c993d2138381b925a"", ""quote"": ""REST API v3"", ""supports_claim"": ""yes""}]",medium,needs_verification,"[""Extraction failure: ValueError"", ""Stage03 correction: Official SendGrid v3 API authentication page identifies REST and API-key authentication through an Authorization Bearer header."", ""Stage03 correction: Official SendGrid v3 API authentication page identifies REST and API-key authentication through an Authorization Bearer header."", ""Stage03 correction: Official SendGrid v3 API authentication page identifies REST and API-key authentication through an Authorization Bearer header."", ""Stage03 correction: Unchecked first-pass claim withheld from verified view. No independent Stage03 source judgment exists for this field; retain original as a research lead, not verified truth."", ""Stage03 verified-only view: unchecked claims explicitly unknown; see claim-verification.json and frozen first pass.""]",2026-09-16T17:21:13.890627+00:00,stage03-verification-pattern-analysis
1.0,41,Shopify,5. Ecommerce,shopify.dev,unknown,"[""oauth2"", ""bearer_token""]",unknown,unknown,"[""unknown""]",unknown,unknown,unknown,unknown,review_and_permission_requirements,unknown,"[{""evidence_id"": ""human-report-041:auth_methods-1"", ""field"": ""auth_methods"", ""claim"": ""[\""oauth2\"", \""bearer_token\""]"", ""url"": ""https://shopify.dev/docs/api/usage/authentication"", ""final_url"": ""https://shopify.dev/docs/api/usage/authentication"", ""source_kind"": ""official"", ""retrieved_at"": """", ""content_sha256"": """", ""quote"": """", ""supports_claim"": ""yes""}, {""evidence_id"": ""human-report-041:auth_methods-2"", ""field"": ""auth_methods"", ""claim"": ""[\""oauth2\"", \""bearer_token\""]"", ""url"": ""https://shopify.dev/docs/api/admin-graphql"", ""final_url"": ""https://shopify.dev/docs/api/admin-graphql"", ""source_kind"": ""official"", ""retrieved_at"": """", ""content_sha256"": """", ""quote"": """", ""supports_claim"": ""yes""}, {""evidence_id"": ""human-report-041:primary_blocker-1"", ""field"": ""primary_blocker"", ""claim"": ""review_and_permission_requirements"", ""url"": ""https://shopify.dev/docs/apps/launch/distribution"", ""final_url"": ""https://shopify.dev/docs/apps/launch/distribution"", ""source_kind"": ""official"", ""retrieved_at"": """", ""content_sha256"": """", ""quote"": """", ""supports_claim"": ""yes""}, {""evidence_id"": ""human-report-041:primary_blocker-2"", ""field"": ""primary_blocker"", ""claim"": ""review_and_permission_requirements"", ""url"": ""https://shopify.dev/docs/apps/launch/distribution/select-distribution-method"", ""final_url"": ""https://shopify.dev/docs/apps/launch/distribution/select-distribution-method"", ""source_kind"": ""official"", ""retrieved_at"": """", ""content_sha256"": """", ""quote"": """", ""supports_claim"": ""yes""}, {""evidence_id"": ""human-report-041:primary_blocker-3"", ""field"": ""primary_blocker"", ""claim"": ""review_and_permission_requirements"", ""url"": ""https://shopify.dev/docs/api/usage/access-scopes"", ""final_url"": ""https://shopify.dev/docs/api/usage/access-scopes"", ""source_kind"": ""official"", ""retrieved_at"": """", ""content_sha256"": """", ""quote"": """", ""supports_claim"": ""yes""}, {""evidence_id"": ""human-report-041:primary_blocker-4"", ""field"": ""primary_blocker"", ""claim"": ""review_and_permission_requirements"", ""url"": ""https://shopify.dev/docs/apps/launch/protected-customer-data"", ""final_url"": ""https://shopify.dev/docs/apps/launch/protected-customer-data"", ""source_kind"": ""official"", ""retrieved_at"": """", ""content_sha256"": """", ""quote"": """", ""supports_claim"": ""yes""}]",medium,needs_verification,"[""missing_field_evidence"", ""quote_not_found"", ""raw_identity_mismatch"", ""Stage03 correction: Shopify integration access depends on the app's distribution model and requested data. Custom-distribution apps can be installed on a specific store, or multiple stores within the same Shopify Plus organization, without Shopify app approval. Public-distribution apps intended for multiple merchants require Shopify approval through App Review before App Store distribution. Access is also scope-based, and certain sensitive capabilities require additional permission or Shopify approval, including protected customer data and restricted scopes. Therefore Shopify is buildable, but broad/public integrations are conditioned by review and permission requirements rather than a universal access block."", ""Stage03 correction: Shopify's GraphQL Admin API authenticates requests with an access token sent in the X-Shopify-Access-Token header. Shopify documents OAuth, usually token exchange or the authorization code grant depending on app type, as the standard flow for obtaining that token when an app acts on behalf of a merchant. Therefore OAuth2 is the authorization/token-acquisition mechanism, while the issued bearer-style access token authenticates individual API requests."", ""Stage03 correction: Unchecked first-pass claim withheld from verified view. No independent Stage03 source judgment exists for this field; retain original as a research lead, not verified truth."", ""Stage03 verified-only view: unchecked claims explicitly unknown; see claim-verification.json and frozen first pass.""]",2026-09-16T17:20:21.827181+00:00,stage03-verification-pattern-analysis
1.0,42,WooCommerce,5. Ecommerce,http://woocommerce.com/document/woocommerce-rest-api,unknown,"[""unknown""]",unknown,unknown,"[""unknown""]",unknown,unknown,unknown,unknown,unknown,unknown,[],unknown,needs_verification,"[""missing_field_evidence"", ""quote_not_found"", ""raw_identity_mismatch"", ""Stage03 correction: Unchecked first-pass claim withheld from verified view. No independent Stage03 source judgment exists for this field; retain original as a research lead, not verified truth."", ""Stage03 correction: Unchecked first-pass claim withheld from verified view. No independent Stage03 source judgment exists for this field; retain original as a research lead, not verified truth."", ""Stage03 correction: Unchecked first-pass claim withheld from verified view. No independent Stage03 source judgment exists for this field; retain original as a research lead, not verified truth."", ""Stage03 correction: Unchecked first-pass claim withheld from verified view. No independent Stage03 source judgment exists for this field; retain original as a research lead, not verified truth."", ""Stage03 correction: Unchecked first-pass claim withheld from verified view. No independent Stage03 source judgment exists for this field; retain original as a research lead, not verified truth."", ""Stage03 verified-only view: unchecked claims explicitly unknown; see claim-verification.json and frozen first pass.""]",2026-09-16T17:20:08.305300+00:00,stage03-verification-pattern-analysis
1.0,43,BigCommerce,5. Ecommerce,http://developer.bigcommerce.com/,unknown,"[""unknown""]",unknown,unknown,"[""unknown""]",unknown,unknown,unknown,unknown,unknown,unknown,[],unknown,needs_verification,"[""missing_field_evidence"", ""no_usable_official_source"", ""nonofficial_critical_evidence"", ""Stage03 correction: Unchecked first-pass claim withheld from verified view. No independent Stage03 source judgment exists for this field; retain original as a research lead, not verified truth."", ""Stage03 correction: Unchecked first-pass claim withheld from verified view. No independent Stage03 source judgment exists for this field; retain original as a research lead, not verified truth."", ""Stage03 correction: Unchecked first-pass claim withheld from verified view. No independent Stage03 source judgment exists for this field; retain original as a research lead, not verified truth."", ""Stage03 correction: Unchecked first-pass claim withheld from verified view. No independent Stage03 source judgment exists for this field; retain original as a research lead, not verified truth."", ""Stage03 correction: Unchecked first-pass claim withheld from verified view. No independent Stage03 source judgment exists for this field; retain original as a research lead, not verified truth."", ""Stage03 correction: Unchecked first-pass claim withheld from verified view. No independent Stage03 source judgment exists for this field; retain original as a research lead, not verified truth."", ""Stage03 correction: Unchecked first-pass claim withheld from verified view. No independent Stage03 source judgment exists for this field; retain original as a research lead, not verified truth."", ""Stage03 correction: Unchecked first-pass claim withheld from verified view. No independent Stage03 source judgment exists for this field; retain original as a research lead, not verified truth."", ""Stage03 verified-only view: unchecked claims explicitly unknown; see claim-verification.json and frozen first pass.""]",2026-09-16T17:20:31.054627+00:00,stage03-verification-pattern-analysis
1.0,44,Salesforce Commerce Cloud,5. Ecommerce,http://developer.salesforce.com/docs/commerce,unknown,"[""unknown""]",unknown,unknown,"[""unknown""]",unknown,unknown,unknown,unknown,unknown,unknown,[],unknown,needs_verification,"[""low_confidence"", ""no_usable_official_source"", ""Stage03 verified-only view: unchecked claims explicitly unknown; see claim-verification.json and frozen first pass.""]",2026-09-16T17:20:24.025324+00:00,stage03-verification-pattern-analysis
1.0,45,Magento (Adobe Commerce),5. Ecommerce,http://developer.adobe.com/commerce,unknown,"[""unknown""]",unknown,unknown,"[""unknown""]",unknown,unknown,unknown,unknown,unknown,unknown,[],unknown,needs_verification,"[""missing_field_evidence"", ""quote_not_found"", ""Stage03 correction: Unchecked first-pass claim withheld from verified view. No independent Stage03 source judgment exists for this field; retain original as a research lead, not verified truth."", ""Stage03 correction: Unchecked first-pass claim withheld from verified view. No independent Stage03 source judgment exists for this field; retain original as a research lead, not verified truth."", ""Stage03 correction: Unchecked first-pass claim withheld from verified view. No independent Stage03 source judgment exists for this field; retain original as a research lead, not verified truth."", ""Stage03 correction: Unchecked first-pass claim withheld from verified view. No independent Stage03 source judgment exists for this field; retain original as a research lead, not verified truth."", ""Stage03 verified-only view: unchecked claims explicitly unknown; see claim-verification.json and frozen first pass.""]",2026-09-16T17:20:39.089970+00:00,stage03-verification-pattern-analysis
1.0,46,Squarespace,5. Ecommerce,http://developers.squarespace.com/,unknown,"[""unknown""]",unknown,unknown,"[""unknown""]",unknown,unknown,unknown,unknown,unknown,unknown,[],unknown,needs_verification,"[""missing_field_evidence"", ""quote_not_found"", ""Stage03 correction: Unchecked first-pass claim withheld from verified view. No independent Stage03 source judgment exists for this field; retain original as a research lead, not verified truth."", ""Stage03 correction: Unchecked first-pass claim withheld from verified view. No independent Stage03 source judgment exists for this field; retain original as a research lead, not verified truth."", ""Stage03 verified-only view: unchecked claims explicitly unknown; see claim-verification.json and frozen first pass.""]",2026-09-16T17:20:50.617396+00:00,stage03-verification-pattern-analysis
1.0,47,Ecwid,5. Ecommerce,http://api-docs.ecwid.com/,unknown,"[""unknown""]",unknown,unknown,"[""unknown""]",unknown,unknown,unknown,unknown,unknown,unknown,[],unknown,needs_verification,"[""missing_field_evidence"", ""quote_not_found"", ""raw_identity_mismatch"", ""Stage03 verified-only view: unchecked claims explicitly unknown; see claim-verification.json and frozen first pass.""]",2026-09-16T17:20:48.042969+00:00,stage03-verification-pattern-analysis
1.0,48,Gumroad,5. Ecommerce,http://gumroad.com/api,unknown,"[""unknown""]",unknown,unknown,"[""unknown""]",unknown,unknown,unknown,unknown,unknown,unknown,[],unknown,needs_verification,"[""low_confidence"", ""no_usable_official_source"", ""Stage03 verified-only view: unchecked claims explicitly unknown; see claim-verification.json and frozen first pass.""]",2026-09-16T17:20:51.364001+00:00,stage03-verification-pattern-analysis
1.0,49,Amazon Selling Partner,5. Ecommerce,http://developer-docs.amazon.com/sp-api,unknown,"[""unknown""]",unknown,unknown,"[""unknown""]",unknown,unknown,unknown,unknown,unknown,unknown,[],unknown,needs_verification,"[""missing_field_evidence"", ""no_usable_official_source"", ""nonofficial_critical_evidence"", ""quote_not_found"", ""Stage03 correction: Unchecked first-pass claim withheld from verified view. No independent Stage03 source judgment exists for this field; retain original as a research lead, not verified truth."", ""Stage03 verified-only view: unchecked claims explicitly unknown; see claim-verification.json and frozen first pass.""]",2026-09-16T17:21:38.257603+00:00,stage03-verification-pattern-analysis
1.0,50,fanbasis,5. Ecommerce,http://fanbasis.com/,unknown,"[""unknown""]",unknown,yes,"[""unknown""]",unknown,unclear,unknown,unknown,unknown,unknown,"[{""evidence_id"": ""human-report-050:api_available-1"", ""field"": ""api_available"", ""claim"": ""yes"", ""url"": ""https://apidocs.fan/api/basics"", ""final_url"": ""https://apidocs.fan/api/basics"", ""source_kind"": ""official"", ""retrieved_at"": """", ""content_sha256"": """", ""quote"": """", ""supports_claim"": ""yes""}, {""evidence_id"": ""human-report-050:api_available-2"", ""field"": ""api_available"", ""claim"": ""yes"", ""url"": ""https://www.fanbasis.com/public-api/"", ""final_url"": ""https://www.fanbasis.com/public-api/"", ""source_kind"": ""official"", ""retrieved_at"": """", ""content_sha256"": """", ""quote"": """", ""supports_claim"": ""yes""}]",medium,needs_verification,"[""missing_field_evidence"", ""no_usable_official_source"", ""nonofficial_critical_evidence"", ""quote_not_found"", ""Stage03 verified-only view: unchecked claims explicitly unknown; see claim-verification.json and frozen first pass.""]",2026-09-16T17:21:07.908285+00:00,stage03-verification-pattern-analysis
1.0,51,DataForSEO,"6. Data, SEO and Scraping",http://docs.dataforseo.com/,unknown,"[""unknown""]",unknown,unknown,"[""unknown""]",unknown,unknown,unknown,unknown,unknown,unknown,[],unknown,needs_verification,"[""missing_field_evidence"", ""negative_without_explicit_evidence"", ""quote_not_found"", ""Stage03 correction: Unchecked first-pass claim withheld from verified view. No independent Stage03 source judgment exists for this field; retain original as a research lead, not verified truth."", ""Stage03 correction: Unchecked first-pass claim withheld from verified view. No independent Stage03 source judgment exists for this field; retain original as a research lead, not verified truth."", ""Stage03 correction: Unchecked first-pass claim withheld from verified view. No independent Stage03 source judgment exists for this field; retain original as a research lead, not verified truth."", ""Stage03 correction: Unchecked first-pass claim withheld from verified view. No independent Stage03 source judgment exists for this field; retain original as a research lead, not verified truth."", ""Stage03 verified-only view: unchecked claims explicitly unknown; see claim-verification.json and frozen first pass.""]",2026-09-16T17:21:23.770612+00:00,stage03-verification-pattern-analysis
1.0,52,SE Ranking,"6. Data, SEO and Scraping",http://seranking.com/api,unknown,"[""unknown""]",unknown,unknown,"[""rest""]",unknown,official,unknown,unknown,unknown,unknown,"[{""evidence_id"": ""human-report-052:api_types-1"", ""field"": ""api_types"", ""claim"": ""[\""rest\""]"", ""url"": ""https://seranking.com/api.html"", ""final_url"": ""https://seranking.com/api.html"", ""source_kind"": ""official"", ""retrieved_at"": """", ""content_sha256"": """", ""quote"": """", ""supports_claim"": ""yes""}, {""evidence_id"": ""human-report-052:api_types-2"", ""field"": ""api_types"", ""claim"": ""[\""rest\""]"", ""url"": ""https://seranking.com/api/api-credits-system/"", ""final_url"": ""https://seranking.com/api/api-credits-system/"", ""source_kind"": ""official"", ""retrieved_at"": """", ""content_sha256"": """", ""quote"": """", ""supports_claim"": ""yes""}, {""evidence_id"": ""human-report-052:mcp_available-1"", ""field"": ""mcp_available"", ""claim"": ""official"", ""url"": ""https://seranking.com/api.html"", ""final_url"": ""https://seranking.com/api.html"", ""source_kind"": ""official"", ""retrieved_at"": """", ""content_sha256"": """", ""quote"": """", ""supports_claim"": ""yes""}, {""evidence_id"": ""human-report-052:mcp_available-2"", ""field"": ""mcp_available"", ""claim"": ""official"", ""url"": ""https://api.seranking.com/mcp"", ""final_url"": ""https://api.seranking.com/mcp"", ""source_kind"": ""official"", ""retrieved_at"": """", ""content_sha256"": """", ""quote"": """", ""supports_claim"": ""yes""}]",medium,needs_verification,"[""missing_field_evidence"", ""quote_not_found"", ""Stage03 correction: SE Ranking officially documents and hosts its own remote MCP server at https://api.seranking.com/mcp. The documentation states that it is centrally hosted and managed by SE Ranking, supports Streamable HTTP transport, uses OAuth 2.1 with dynamic client registration, and exposes 160+ tools across keyword research, backlinks, domain analysis, audits, AI Search visibility, SERP analysis, and project management. This is an official MCP implementation, not a community connector."", ""Stage03 correction: Unchecked first-pass claim withheld from verified view. No independent Stage03 source judgment exists for this field; retain original as a research lead, not verified truth."", ""Stage03 verified-only view: unchecked claims explicitly unknown; see claim-verification.json and frozen first pass.""]",2026-09-16T17:21:31.387974+00:00,stage03-verification-pattern-analysis
1.0,53,Ahrefs,"6. Data, SEO and Scraping",http://ahrefs.com/api,unknown,"[""unknown""]",unknown,unknown,"[""unknown""]",unknown,unknown,unknown,unknown,unknown,unknown,[],unknown,needs_verification,"[""missing_field_evidence"", ""quote_not_found"", ""Stage03 correction: Unchecked first-pass claim withheld from verified view. No independent Stage03 source judgment exists for this field; retain original as a research lead, not verified truth."", ""Stage03 correction: Unchecked first-pass claim withheld from verified view. No independent Stage03 source judgment exists for this field; retain original as a research lead, not verified truth."", ""Stage03 correction: Unchecked first-pass claim withheld from verified view. No independent Stage03 source judgment exists for this field; retain original as a research lead, not verified truth."", ""Stage03 correction: Unchecked first-pass claim withheld from verified view. No independent Stage03 source judgment exists for this field; retain original as a research lead, not verified truth."", ""Stage03 correction: Unchecked first-pass claim withheld from verified view. No independent Stage03 source judgment exists for this field; retain original as a research lead, not verified truth."", ""Stage03 verified-only view: unchecked claims explicitly unknown; see claim-verification.json and frozen first pass.""]",2026-09-16T17:21:43.800215+00:00,stage03-verification-pattern-analysis
1.0,54,MrScraper,"6. Data, SEO and Scraping",http://docs.mrscraper.com/,unknown,"[""unknown""]",unknown,unknown,"[""unknown""]",unknown,unknown,unknown,buildable,usage_quota_and_target_site_constraints,"MrScraper is directly buildable. Users can create API tokens for authentication, access documented scraping and results APIs, and use an official hosted MCP server or the published open-source MCP package. The platform has a free plan with no credit card required, while paid plans increase quotas and capabilities. Integration does not require partner or sales approval for ordinary use. Practical integrations can programmatically fetch pages, run AI or manual scrapers, rerun saved configurations, retrieve results, inspect account status, and perform SERP queries.","[{""evidence_id"": ""human-report-054:buildability-1"", ""field"": ""buildability"", ""claim"": ""buildable"", ""url"": ""https://docs.mrscraper.com/docs/getting-started/api-token"", ""final_url"": ""https://docs.mrscraper.com/docs/getting-started/api-token"", ""source_kind"": ""official"", ""retrieved_at"": """", ""content_sha256"": """", ""quote"": """", ""supports_claim"": ""yes""}, {""evidence_id"": ""human-report-054:buildability-2"", ""field"": ""buildability"", ""claim"": ""buildable"", ""url"": ""https://docs.mrscraper.com/docs/getting-started/billing"", ""final_url"": ""https://docs.mrscraper.com/docs/getting-started/billing"", ""source_kind"": ""official"", ""retrieved_at"": """", ""content_sha256"": """", ""quote"": """", ""supports_claim"": ""yes""}, {""evidence_id"": ""human-report-054:buildability-3"", ""field"": ""buildability"", ""claim"": ""buildable"", ""url"": ""https://docs.mrscraper.com/docs/getting-started/mcp-server"", ""final_url"": ""https://docs.mrscraper.com/docs/getting-started/mcp-server"", ""source_kind"": ""official"", ""retrieved_at"": """", ""content_sha256"": """", ""quote"": """", ""supports_claim"": ""yes""}, {""evidence_id"": ""human-report-054:primary_blocker-1"", ""field"": ""primary_blocker"", ""claim"": ""usage_quota_and_target_site_constraints"", ""url"": ""https://docs.mrscraper.com/docs/getting-started/api-token"", ""final_url"": ""https://docs.mrscraper.com/docs/getting-started/api-token"", ""source_kind"": ""official"", ""retrieved_at"": """", ""content_sha256"": """", ""quote"": """", ""supports_claim"": ""yes""}, {""evidence_id"": ""human-report-054:primary_blocker-2"", ""field"": ""primary_blocker"", ""claim"": ""usage_quota_and_target_site_constraints"", ""url"": ""https://docs.mrscraper.com/docs/getting-started/billing"", ""final_url"": ""https://docs.mrscraper.com/docs/getting-started/billing"", ""source_kind"": ""official"", ""retrieved_at"": """", ""content_sha256"": """", ""quote"": """", ""supports_claim"": ""yes""}, {""evidence_id"": ""human-report-054:primary_blocker-3"", ""field"": ""primary_blocker"", ""claim"": ""usage_quota_and_target_site_constraints"", ""url"": ""https://docs.mrscraper.com/docs/getting-started/mcp-server"", ""final_url"": ""https://docs.mrscraper.com/docs/getting-started/mcp-server"", ""source_kind"": ""official"", ""retrieved_at"": """", ""content_sha256"": """", ""quote"": """", ""supports_claim"": ""yes""}, {""evidence_id"": ""stage03-human-054-buildability_rationale-1"", ""field"": ""buildability_rationale"", ""claim"": ""MrScraper is directly buildable. Users can create API tokens for authentication, access documented scraping and results APIs, and use an official hosted MCP server or the published open-source MCP package. The platform has a free plan with no credit card required, while paid plans increase quotas and capabilities. Integration does not require partner or sales approval for ordinary use. Practical integrations can programmatically fetch pages, run AI or manual scrapers, rerun saved configurations, retrieve results, inspect account status, and perform SERP queries."", ""url"": ""https://docs.mrscraper.com/docs/getting-started/api-token"", ""final_url"": ""https://docs.mrscraper.com/docs/getting-started/api-token"", ""source_kind"": ""official"", ""retrieved_at"": """", ""content_sha256"": """", ""quote"": """", ""supports_claim"": ""yes""}, {""evidence_id"": ""stage03-human-054-buildability_rationale-2"", ""field"": ""buildability_rationale"", ""claim"": ""MrScraper is directly buildable. Users can create API tokens for authentication, access documented scraping and results APIs, and use an official hosted MCP server or the published open-source MCP package. The platform has a free plan with no credit card required, while paid plans increase quotas and capabilities. Integration does not require partner or sales approval for ordinary use. Practical integrations can programmatically fetch pages, run AI or manual scrapers, rerun saved configurations, retrieve results, inspect account status, and perform SERP queries."", ""url"": ""https://docs.mrscraper.com/docs/getting-started/billing"", ""final_url"": ""https://docs.mrscraper.com/docs/getting-started/billing"", ""source_kind"": ""official"", ""retrieved_at"": """", ""content_sha256"": """", ""quote"": """", ""supports_claim"": ""yes""}, {""evidence_id"": ""stage03-human-054-buildability_rationale-3"", ""field"": ""buildability_rationale"", ""claim"": ""MrScraper is directly buildable. Users can create API tokens for authentication, access documented scraping and results APIs, and use an official hosted MCP server or the published open-source MCP package. The platform has a free plan with no credit card required, while paid plans increase quotas and capabilities. Integration does not require partner or sales approval for ordinary use. Practical integrations can programmatically fetch pages, run AI or manual scrapers, rerun saved configurations, retrieve results, inspect account status, and perform SERP queries."", ""url"": ""https://docs.mrscraper.com/docs/getting-started/mcp-server"", ""final_url"": ""https://docs.mrscraper.com/docs/getting-started/mcp-server"", ""source_kind"": ""official"", ""retrieved_at"": """", ""content_sha256"": """", ""quote"": """", ""supports_claim"": ""yes""}]",medium,needs_verification,"[""missing_field_evidence"", ""quote_not_found"", ""Stage03 correction: MrScraper is directly buildable. Users can create API tokens for authentication, access documented scraping and results APIs, and use an official hosted MCP server or the published open-source MCP package. The platform has a free plan with no credit card required, while paid plans increase quotas and capabilities. Integration does not require partner or sales approval for ordinary use. Practical integrations can programmatically fetch pages, run AI or manual scrapers, rerun saved configurations, retrieve results, inspect account status, and perform SERP queries."", ""Stage03 correction: MrScraper is directly buildable. Users can create API tokens for authentication, access documented scraping and results APIs, and use an official hosted MCP server or the published open-source MCP package. The platform has a free plan with no credit card required, while paid plans increase quotas and capabilities. Integration does not require partner or sales approval for ordinary use. Practical integrations can programmatically fetch pages, run AI or manual scrapers, rerun saved configurations, retrieve results, inspect account status, and perform SERP queries."", ""Stage03 correction: There is no documented approval or access gate preventing ordinary integration. The main documented constraints are usage quotas/tokens and target-site complexity. Every plan has finite token allowances, and further usage can require upgrading. Scraping cost and reliability also vary with JavaScript complexity, page size, bandwidth, data volume, proxy requirements, retries, and AI-processing load. These constraints condition scale and individual scraping jobs rather than blocking API integration itself."", ""Stage03 correction: Unchecked first-pass claim withheld from verified view. No independent Stage03 source judgment exists for this field; retain original as a research lead, not verified truth."", ""Stage03 correction: Unchecked first-pass claim withheld from verified view. No independent Stage03 source judgment exists for this field; retain original as a research lead, not verified truth."", ""Stage03 verified-only view: unchecked claims explicitly unknown; see claim-verification.json and frozen first pass.""]",2026-09-16T17:21:48.926720+00:00,stage03-verification-pattern-analysis
1.0,55,Apify,"6. Data, SEO and Scraping",http://docs.apify.com/,unknown,"[""unknown""]",unknown,unknown,"[""unknown""]",unknown,unknown,unknown,unknown,unknown,unknown,[],unknown,needs_verification,"[""missing_field_evidence"", ""quote_not_found"", ""raw_identity_mismatch"", ""Stage03 correction: Unchecked first-pass claim withheld from verified view. No independent Stage03 source judgment exists for this field; retain original as a research lead, not verified truth."", ""Stage03 correction: Unchecked first-pass claim withheld from verified view. No independent Stage03 source judgment exists for this field; retain original as a research lead, not verified truth."", ""Stage03 correction: Unchecked first-pass claim withheld from verified view. No independent Stage03 source judgment exists for this field; retain original as a research lead, not verified truth."", ""Stage03 correction: Unchecked first-pass claim withheld from verified view. No independent Stage03 source judgment exists for this field; retain original as a research lead, not verified truth."", ""Stage03 verified-only view: unchecked claims explicitly unknown; see claim-verification.json and frozen first pass.""]",2026-09-16T17:21:58.878745+00:00,stage03-verification-pattern-analysis
1.0,56,Firecrawl,"6. Data, SEO and Scraping",firecrawl.dev,unknown,"[""unknown""]",unknown,unknown,"[""unknown""]",unknown,unknown,unknown,unknown,unknown,unknown,[],unknown,needs_verification,"[""missing_field_evidence"", ""mixed_none_auth"", ""quote_not_found"", ""Stage03 correction: Unchecked first-pass claim withheld from verified view. No independent Stage03 source judgment exists for this field; retain original as a research lead, not verified truth."", ""Stage03 verified-only view: unchecked claims explicitly unknown; see claim-verification.json and frozen first pass.""]",2026-09-16T17:22:01.966552+00:00,stage03-verification-pattern-analysis
1.0,57,Bright Data,"6. Data, SEO and Scraping",http://brightdata.com/,unknown,"[""unknown""]",unknown,unknown,"[""unknown""]",unknown,unknown,unknown,unknown,unknown,unknown,[],unknown,needs_verification,"[""missing_field_evidence"", ""quote_not_found"", ""Stage03 correction: Unchecked first-pass claim withheld from verified view. No independent Stage03 source judgment exists for this field; retain original as a research lead, not verified truth."", ""Stage03 correction: Unchecked first-pass claim withheld from verified view. No independent Stage03 source judgment exists for this field; retain original as a research lead, not verified truth."", ""Stage03 correction: Unchecked first-pass claim withheld from verified view. No independent Stage03 source judgment exists for this field; retain original as a research lead, not verified truth."", ""Stage03 correction: Unchecked first-pass claim withheld from verified view. No independent Stage03 source judgment exists for this field; retain original as a research lead, not verified truth."", ""Stage03 correction: Unchecked first-pass claim withheld from verified view. No independent Stage03 source judgment exists for this field; retain original as a research lead, not verified truth."", ""Stage03 correction: Unchecked first-pass claim withheld from verified view. No independent Stage03 source judgment exists for this field; retain original as a research lead, not verified truth."", ""Stage03 correction: Unchecked first-pass claim withheld from verified view. No independent Stage03 source judgment exists for this field; retain original as a research lead, not verified truth."", ""Stage03 correction: Unchecked first-pass claim withheld from verified view. No independent Stage03 source judgment exists for this field; retain original as a research lead, not verified truth."", ""Stage03 verified-only view: unchecked claims explicitly unknown; see claim-verification.json and frozen first pass.""]",2026-09-16T17:22:07.955372+00:00,stage03-verification-pattern-analysis
1.0,58,Sherlock,"6. Data, SEO and Scraping",http://github.com/sherlock-project/sherlock,unknown,"[""unknown""]",unknown,unknown,"[""unknown""]",unknown,unknown,unknown,unknown,unknown,unknown,[],unknown,needs_verification,"[""missing_field_evidence"", ""negative_without_explicit_evidence"", ""raw_identity_mismatch"", ""unclear_claim_support"", ""Stage03 correction: Unchecked first-pass claim withheld from verified view. No independent Stage03 source judgment exists for this field; retain original as a research lead, not verified truth."", ""Stage03 correction: Unchecked first-pass claim withheld from verified view. No independent Stage03 source judgment exists for this field; retain original as a research lead, not verified truth."", ""Stage03 correction: Unchecked first-pass claim withheld from verified view. No independent Stage03 source judgment exists for this field; retain original as a research lead, not verified truth."", ""Stage03 correction: Unchecked first-pass claim withheld from verified view. No independent Stage03 source judgment exists for this field; retain original as a research lead, not verified truth."", ""Stage03 verified-only view: unchecked claims explicitly unknown; see claim-verification.json and frozen first pass.""]",2026-09-16T17:22:07.344797+00:00,stage03-verification-pattern-analysis
1.0,59,Waterfall.io,"6. Data, SEO and Scraping",http://waterfall.io/,unknown,"[""unknown""]",unknown,unknown,"[""unknown""]",unknown,unknown,unknown,unknown,unknown,unknown,[],unknown,needs_verification,"[""missing_field_evidence"", ""quote_not_found"", ""raw_identity_mismatch"", ""Stage03 correction: Unchecked first-pass claim withheld from verified view. No independent Stage03 source judgment exists for this field; retain original as a research lead, not verified truth."", ""Stage03 verified-only view: unchecked claims explicitly unknown; see claim-verification.json and frozen first pass.""]",2026-09-16T17:22:26.113959+00:00,stage03-verification-pattern-analysis
1.0,60,Clay,"6. Data, SEO and Scraping",http://clay.com/,unknown,"[""unknown""]",unknown,unknown,"[""unknown""]",unknown,unknown,unknown,unknown,unknown,unknown,[],unknown,needs_verification,"[""missing_field_evidence"", ""mixed_unknown_enum"", ""quote_not_found"", ""Stage03 correction: Unchecked first-pass claim withheld from verified view. No independent Stage03 source judgment exists for this field; retain original as a research lead, not verified truth."", ""Stage03 verified-only view: unchecked claims explicitly unknown; see claim-verification.json and frozen first pass.""]",2026-09-16T17:22:24.232136+00:00,stage03-verification-pattern-analysis
1.0,61,GitHub,"7. Developer, Infra and Data platforms",http://docs.github.com/rest,unknown,"[""unknown""]",unknown,unknown,"[""unknown""]",unknown,unknown,unknown,unknown,unknown,unknown,[],unknown,needs_verification,"[""missing_field_evidence"", ""quote_not_found"", ""Stage03 correction: Unchecked first-pass claim withheld from verified view. No independent Stage03 source judgment exists for this field; retain original as a research lead, not verified truth."", ""Stage03 correction: Unchecked first-pass claim withheld from verified view. No independent Stage03 source judgment exists for this field; retain original as a research lead, not verified truth."", ""Stage03 verified-only view: unchecked claims explicitly unknown; see claim-verification.json and frozen first pass.""]",2026-09-16T17:22:22.061082+00:00,stage03-verification-pattern-analysis
1.0,62,Vercel,"7. Developer, Infra and Data platforms",http://vercel.com/docs/rest-api,unknown,"[""bearer_token""]",unknown,yes,"[""rest""]",unknown,unknown,unknown,unknown,unknown,unknown,"[{""evidence_id"": ""stage03-targeted-62-auth_methods"", ""field"": ""auth_methods"", ""claim"": ""[\""bearer_token\""]"", ""url"": ""https://vercel.com/docs/rest-api/reference/welcome"", ""final_url"": ""https://vercel.com/docs/rest-api"", ""source_kind"": ""official"", ""retrieved_at"": ""2026-09-16T21:11:51+00:00"", ""content_sha256"": ""b597c0eb5e28bdfee4b8dab008e9435dc7d9877ac7176caa120c5b44663844a9"", ""quote"": ""Authorization: Bearer <TOKEN>"", ""supports_claim"": ""yes""}, {""evidence_id"": ""stage03-targeted-62-api_available"", ""field"": ""api_available"", ""claim"": ""yes"", ""url"": ""https://vercel.com/docs/rest-api/reference/welcome"", ""final_url"": ""https://vercel.com/docs/rest-api"", ""source_kind"": ""official"", ""retrieved_at"": ""2026-09-16T21:11:51+00:00"", ""content_sha256"": ""b597c0eb5e28bdfee4b8dab008e9435dc7d9877ac7176caa120c5b44663844a9"", ""quote"": ""follow the REST architecture."", ""supports_claim"": ""yes""}, {""evidence_id"": ""stage03-targeted-62-api_types"", ""field"": ""api_types"", ""claim"": ""[\""rest\""]"", ""url"": ""https://vercel.com/docs/rest-api/reference/welcome"", ""final_url"": ""https://vercel.com/docs/rest-api"", ""source_kind"": ""official"", ""retrieved_at"": ""2026-09-16T21:11:51+00:00"", ""content_sha256"": ""b597c0eb5e28bdfee4b8dab008e9435dc7d9877ac7176caa120c5b44663844a9"", ""quote"": ""follow the REST architecture."", ""supports_claim"": ""yes""}]",medium,needs_verification,"[""missing_field_evidence"", ""provenance_mismatch"", ""quote_not_found"", ""raw_identity_mismatch"", ""Stage03 correction: Official REST API overview describes account/deployment resource HTTP endpoints and Vercel access tokens in Authorization Bearer. Pricing page sign-in providers are not developer API authentication evidence."", ""Stage03 correction: Official REST API overview describes account/deployment resource HTTP endpoints and Vercel access tokens in Authorization Bearer. Pricing page sign-in providers are not developer API authentication evidence."", ""Stage03 correction: Official REST API overview describes account/deployment resource HTTP endpoints and Vercel access tokens in Authorization Bearer. Pricing page sign-in providers are not developer API authentication evidence."", ""Stage03 verified-only view: unchecked claims explicitly unknown; see claim-verification.json and frozen first pass.""]",2026-09-16T17:22:39.262628+00:00,stage03-verification-pattern-analysis
1.0,63,Netlify,"7. Developer, Infra and Data platforms",http://docs.netlify.com/api,unknown,"[""unknown""]",unknown,unknown,"[""unknown""]",unknown,unknown,unknown,unknown,unknown,unknown,[],unknown,needs_verification,"[""missing_field_evidence"", ""quote_not_found"", ""Stage03 correction: Unchecked first-pass claim withheld from verified view. No independent Stage03 source judgment exists for this field; retain original as a research lead, not verified truth."", ""Stage03 verified-only view: unchecked claims explicitly unknown; see claim-verification.json and frozen first pass.""]",2026-09-16T17:22:44.202425+00:00,stage03-verification-pattern-analysis
1.0,64,Cloudflare,"7. Developer, Infra and Data platforms",http://developers.cloudflare.com/api,unknown,"[""oauth2"", ""bearer_token"", ""api_key""]",self_serve_free,unknown,"[""unknown""]",unknown,unknown,unknown,unknown,unknown,unknown,"[{""evidence_id"": ""human-report-064:auth_methods-1"", ""field"": ""auth_methods"", ""claim"": ""[\""oauth2\"", \""bearer_token\"", \""api_key\""]"", ""url"": ""https://developers.cloudflare.com/fundamentals/api/get-started/create-token/"", ""final_url"": ""https://developers.cloudflare.com/fundamentals/api/get-started/create-token/"", ""source_kind"": ""official"", ""retrieved_at"": """", ""content_sha256"": """", ""quote"": """", ""supports_claim"": ""yes""}, {""evidence_id"": ""human-report-064:auth_methods-2"", ""field"": ""auth_methods"", ""claim"": ""[\""oauth2\"", \""bearer_token\"", \""api_key\""]"", ""url"": ""https://developers.cloudflare.com/fundamentals/api/get-started/keys/"", ""final_url"": ""https://developers.cloudflare.com/fundamentals/api/get-started/keys/"", ""source_kind"": ""official"", ""retrieved_at"": """", ""content_sha256"": """", ""quote"": """", ""supports_claim"": ""yes""}, {""evidence_id"": ""human-report-064:auth_methods-3"", ""field"": ""auth_methods"", ""claim"": ""[\""oauth2\"", \""bearer_token\"", \""api_key\""]"", ""url"": ""https://developers.cloudflare.com/fundamentals/oauth/"", ""final_url"": ""https://developers.cloudflare.com/fundamentals/oauth/"", ""source_kind"": ""official"", ""retrieved_at"": """", ""content_sha256"": """", ""quote"": """", ""supports_claim"": ""yes""}, {""evidence_id"": ""human-report-064:access_model-1"", ""field"": ""access_model"", ""claim"": ""self_serve_free"", ""url"": ""https://developers.cloudflare.com/fundamentals/api/get-started/create-token/"", ""final_url"": ""https://developers.cloudflare.com/fundamentals/api/get-started/create-token/"", ""source_kind"": ""official"", ""retrieved_at"": """", ""content_sha256"": """", ""quote"": """", ""supports_claim"": ""yes""}, {""evidence_id"": ""human-report-064:access_model-2"", ""field"": ""access_model"", ""claim"": ""self_serve_free"", ""url"": ""https://developers.cloudflare.com/fundamentals/oauth/"", ""final_url"": ""https://developers.cloudflare.com/fundamentals/oauth/"", ""source_kind"": ""official"", ""retrieved_at"": """", ""content_sha256"": """", ""quote"": """", ""supports_claim"": ""yes""}]",medium,needs_verification,"[""missing_field_evidence"", ""quote_not_found"", ""Stage03 correction: Cloudflare documents three relevant authentication mechanisms. API Tokens are sent in the Authorization header using the Bearer scheme and are the recommended method for API access. Cloudflare also still supports the legacy Global API Key, though it is explicitly discouraged for new integrations. For third-party applications, Cloudflare supports OAuth 2.0 Authorization Code flows, including PKCE for public clients. Therefore the first-pass bearer-token-only classification was incomplete."", ""Stage03 correction: Cloudflare credentials are self-service. Users can create API Tokens directly from the Cloudflare dashboard, while authorized account roles can also create OAuth clients. Cloudflare's OAuth documentation explicitly lists availability on Free, Pro, Business, and Enterprise plans, establishing that developer authorization capabilities are available on the Free tier. Ordinary API-token creation does not require partner or sales approval. Account-level OAuth client creation does require an authorized account role, and administrators can restrict public OAuth application access, but this is a permissions constraint rather than a paid or partner gate."", ""Stage03 correction: Unchecked first-pass claim withheld from verified view. No independent Stage03 source judgment exists for this field; retain original as a research lead, not verified truth."", ""Stage03 verified-only view: unchecked claims explicitly unknown; see claim-verification.json and frozen first pass.""]",2026-09-16T17:22:41.914599+00:00,stage03-verification-pattern-analysis
1.0,65,Supabase,"7. Developer, Infra and Data platforms",http://supabase.com/docs,unknown,"[""unknown""]",unknown,unknown,"[""unknown""]",unknown,unknown,unknown,unknown,unknown,unknown,[],unknown,needs_verification,"[""missing_field_evidence"", ""quote_not_found"", ""raw_identity_mismatch"", ""Stage03 correction: Unchecked first-pass claim withheld from verified view. No independent Stage03 source judgment exists for this field; retain original as a research lead, not verified truth."", ""Stage03 verified-only view: unchecked claims explicitly unknown; see claim-verification.json and frozen first pass.""]",2026-09-16T17:23:06.401789+00:00,stage03-verification-pattern-analysis
1.0,66,Neo4j,"7. Developer, Infra and Data platforms",http://neo4j.com/docs/api,unknown,"[""unknown""]",unknown,unknown,"[""unknown""]",unknown,unknown,unknown,unknown,unknown,unknown,[],unknown,needs_verification,"[""missing_field_evidence"", ""quote_not_found"", ""Stage03 correction: Unchecked first-pass claim withheld from verified view. No independent Stage03 source judgment exists for this field; retain original as a research lead, not verified truth."", ""Stage03 correction: Unchecked first-pass claim withheld from verified view. No independent Stage03 source judgment exists for this field; retain original as a research lead, not verified truth."", ""Stage03 correction: Unchecked first-pass claim withheld from verified view. No independent Stage03 source judgment exists for this field; retain original as a research lead, not verified truth."", ""Stage03 correction: Unchecked first-pass claim withheld from verified view. No independent Stage03 source judgment exists for this field; retain original as a research lead, not verified truth."", ""Stage03 correction: Unchecked first-pass claim withheld from verified view. No independent Stage03 source judgment exists for this field; retain original as a research lead, not verified truth."", ""Stage03 verified-only view: unchecked claims explicitly unknown; see claim-verification.json and frozen first pass.""]",2026-09-16T17:22:58.104044+00:00,stage03-verification-pattern-analysis
1.0,67,Snowflake,"7. Developer, Infra and Data platforms",http://docs.snowflake.com/,unknown,"[""unknown""]",unknown,unknown,"[""unknown""]",unknown,unknown,unknown,unknown,unknown,unknown,[],unknown,needs_verification,"[""missing_field_evidence"", ""quote_not_found"", ""Stage03 correction: Unchecked first-pass claim withheld from verified view. No independent Stage03 source judgment exists for this field; retain original as a research lead, not verified truth."", ""Stage03 correction: Unchecked first-pass claim withheld from verified view. No independent Stage03 source judgment exists for this field; retain original as a research lead, not verified truth."", ""Stage03 correction: Unchecked first-pass claim withheld from verified view. No independent Stage03 source judgment exists for this field; retain original as a research lead, not verified truth."", ""Stage03 correction: Unchecked first-pass claim withheld from verified view. No independent Stage03 source judgment exists for this field; retain original as a research lead, not verified truth."", ""Stage03 correction: Unchecked first-pass claim withheld from verified view. No independent Stage03 source judgment exists for this field; retain original as a research lead, not verified truth."", ""Stage03 correction: Unchecked first-pass claim withheld from verified view. No independent Stage03 source judgment exists for this field; retain original as a research lead, not verified truth."", ""Stage03 verified-only view: unchecked claims explicitly unknown; see claim-verification.json and frozen first pass.""]",2026-09-16T17:23:01.586263+00:00,stage03-verification-pattern-analysis
1.0,68,MongoDB Atlas,"7. Developer, Infra and Data platforms",http://mongodb.com/docs/atlas/api,unknown,"[""unknown""]",unknown,unknown,"[""unknown""]",unknown,unknown,unknown,unknown,unknown,unknown,[],unknown,needs_verification,"[""missing_field_evidence"", ""quote_not_found"", ""Stage03 correction: Unchecked first-pass claim withheld from verified view. No independent Stage03 source judgment exists for this field; retain original as a research lead, not verified truth."", ""Stage03 correction: Unchecked first-pass claim withheld from verified view. No independent Stage03 source judgment exists for this field; retain original as a research lead, not verified truth."", ""Stage03 correction: Unchecked first-pass claim withheld from verified view. No independent Stage03 source judgment exists for this field; retain original as a research lead, not verified truth."", ""Stage03 correction: Unchecked first-pass claim withheld from verified view. No independent Stage03 source judgment exists for this field; retain original as a research lead, not verified truth."", ""Stage03 correction: Unchecked first-pass claim withheld from verified view. No independent Stage03 source judgment exists for this field; retain original as a research lead, not verified truth."", ""Stage03 verified-only view: unchecked claims explicitly unknown; see claim-verification.json and frozen first pass.""]",2026-09-16T17:23:13.584184+00:00,stage03-verification-pattern-analysis
1.0,69,Datadog,"7. Developer, Infra and Data platforms",http://docs.datadoghq.com/api,unknown,"[""unknown""]",unknown,yes,"[""rest""]",unknown,unknown,unknown,unknown,unknown,unknown,"[{""evidence_id"": ""human-report-069:api_available-1"", ""field"": ""api_available"", ""claim"": ""yes"", ""url"": ""https://docs.datadoghq.com/api/latest/authentication/"", ""final_url"": ""https://docs.datadoghq.com/api/latest/authentication/"", ""source_kind"": ""official"", ""retrieved_at"": """", ""content_sha256"": """", ""quote"": """", ""supports_claim"": ""yes""}, {""evidence_id"": ""human-report-069:api_available-2"", ""field"": ""api_available"", ""claim"": ""yes"", ""url"": ""https://docs.datadoghq.com/api/latest/authn-mappings/"", ""final_url"": ""https://docs.datadoghq.com/api/latest/authn-mappings/"", ""source_kind"": ""official"", ""retrieved_at"": """", ""content_sha256"": """", ""quote"": """", ""supports_claim"": ""yes""}, {""evidence_id"": ""human-report-069:api_types-1"", ""field"": ""api_types"", ""claim"": ""[\""rest\""]"", ""url"": ""https://docs.datadoghq.com/api/latest/authentication/"", ""final_url"": ""https://docs.datadoghq.com/api/latest/authentication/"", ""source_kind"": ""official"", ""retrieved_at"": """", ""content_sha256"": """", ""quote"": """", ""supports_claim"": ""yes""}, {""evidence_id"": ""human-report-069:api_types-2"", ""field"": ""api_types"", ""claim"": ""[\""rest\""]"", ""url"": ""https://docs.datadoghq.com/api/latest/authn-mappings/"", ""final_url"": ""https://docs.datadoghq.com/api/latest/authn-mappings/"", ""source_kind"": ""official"", ""retrieved_at"": """", ""content_sha256"": """", ""quote"": """", ""supports_claim"": ""yes""}]",medium,needs_verification,"[""missing_field_evidence"", ""quote_not_found"", ""raw_identity_mismatch"", ""Stage03 correction: Datadog explicitly exposes an inbound developer API. The authentication documentation states that all Datadog API requests must be authenticated and distinguishes API keys for write access from application keys for read access. The API reference documents concrete programmatic endpoints, including GET, POST, PATCH, and DELETE operations under /api/v1 and /api/v2. This clearly establishes a developer-facing API for programmatic integration."", ""Stage03 correction: Datadog documents resource-oriented HTTP endpoints using standard HTTP verbs such as GET, POST, PATCH, and DELETE, with versioned paths including /api/v1 and /api/v2. The AuthN Mappings reference shows CRUD-style operations on resource URLs across Datadog regions. This supports classifying the API as REST. No additional protocol is established by the inspected sources."", ""Stage03 verified-only view: unchecked claims explicitly unknown; see claim-verification.json and frozen first pass.""]",2026-09-16T17:23:12.458160+00:00,stage03-verification-pattern-analysis
1.0,70,Sentry,"7. Developer, Infra and Data platforms",http://docs.sentry.io/api,unknown,"[""unknown""]",unknown,unknown,"[""unknown""]",unknown,unknown,unknown,unknown,unknown,unknown,[],unknown,needs_verification,"[""missing_field_evidence"", ""negative_without_explicit_evidence"", ""quote_not_found"", ""Stage03 correction: Unchecked first-pass claim withheld from verified view. No independent Stage03 source judgment exists for this field; retain original as a research lead, not verified truth."", ""Stage03 correction: Unchecked first-pass claim withheld from verified view. No independent Stage03 source judgment exists for this field; retain original as a research lead, not verified truth."", ""Stage03 verified-only view: unchecked claims explicitly unknown; see claim-verification.json and frozen first pass.""]",2026-09-16T17:23:19.979472+00:00,stage03-verification-pattern-analysis
1.0,71,Notion,8. Productivity and Project Management,http://developers.notion.com/,unknown,"[""oauth2"", ""bearer_token""]",unknown,unknown,"[""unknown""]",unknown,unknown,unknown,unknown,workspace_content_sharing_and_permission_requirements,unknown,"[{""evidence_id"": ""human-report-071:auth_methods-1"", ""field"": ""auth_methods"", ""claim"": ""[\""oauth2\"", \""bearer_token\""]"", ""url"": ""https://developers.notion.com/guides/get-started/authorization"", ""final_url"": ""https://developers.notion.com/guides/get-started/authorization"", ""source_kind"": ""official"", ""retrieved_at"": """", ""content_sha256"": """", ""quote"": """", ""supports_claim"": ""yes""}, {""evidence_id"": ""human-report-071:auth_methods-2"", ""field"": ""auth_methods"", ""claim"": ""[\""oauth2\"", \""bearer_token\""]"", ""url"": ""https://developers.notion.com/guides/mcp/overview"", ""final_url"": ""https://developers.notion.com/guides/mcp/overview"", ""source_kind"": ""official"", ""retrieved_at"": """", ""content_sha256"": """", ""quote"": """", ""supports_claim"": ""yes""}, {""evidence_id"": ""human-report-071:primary_blocker-1"", ""field"": ""primary_blocker"", ""claim"": ""workspace_content_sharing_and_permission_requirements"", ""url"": ""https://developers.notion.com/guides/get-started/authorization"", ""final_url"": ""https://developers.notion.com/guides/get-started/authorization"", ""source_kind"": ""official"", ""retrieved_at"": """", ""content_sha256"": """", ""quote"": """", ""supports_claim"": ""yes""}, {""evidence_id"": ""human-report-071:primary_blocker-2"", ""field"": ""primary_blocker"", ""claim"": ""workspace_content_sharing_and_permission_requirements"", ""url"": ""https://developers.notion.com/guides/mcp/overview"", ""final_url"": ""https://developers.notion.com/guides/mcp/overview"", ""source_kind"": ""official"", ""retrieved_at"": """", ""content_sha256"": """", ""quote"": """", ""supports_claim"": ""yes""}]",medium,needs_verification,"[""missing_field_evidence"", ""quote_not_found"", ""Stage03 correction: Notion integration access is conditioned by workspace permissions and explicit content authorization. Internal connections must be created by a workspace owner, and pages must be manually shared with the connection before API calls can access them; otherwise requests fail. Public connections use OAuth and users select the pages/databases they want to share, but the page picker only exposes resources for which the user has full access. MCP access is likewise user-authorized through OAuth and can be controlled by workspace or organization administrators. The practical blocker is therefore permission and content-sharing scope, not a universal pricing or sales gate."", ""Stage03 correction: Unchecked first-pass claim withheld from verified view. No independent Stage03 source judgment exists for this field; retain original as a research lead, not verified truth."", ""Stage03 verified-only view: unchecked claims explicitly unknown; see claim-verification.json and frozen first pass.""]",2026-09-16T17:23:34.670512+00:00,stage03-verification-pattern-analysis
1.0,72,Airtable,8. Productivity and Project Management,http://airtable.com/developers,unknown,"[""unknown""]",unknown,unknown,"[""unknown""]",unknown,unknown,unknown,unknown,unknown,unknown,[],unknown,needs_verification,"[""missing_field_evidence"", ""quote_not_found"", ""Stage03 correction: Unchecked first-pass claim withheld from verified view. No independent Stage03 source judgment exists for this field; retain original as a research lead, not verified truth."", ""Stage03 correction: Unchecked first-pass claim withheld from verified view. No independent Stage03 source judgment exists for this field; retain original as a research lead, not verified truth."", ""Stage03 correction: Unchecked first-pass claim withheld from verified view. No independent Stage03 source judgment exists for this field; retain original as a research lead, not verified truth."", ""Stage03 correction: Unchecked first-pass claim withheld from verified view. No independent Stage03 source judgment exists for this field; retain original as a research lead, not verified truth."", ""Stage03 correction: Unchecked first-pass claim withheld from verified view. No independent Stage03 source judgment exists for this field; retain original as a research lead, not verified truth."", ""Stage03 verified-only view: unchecked claims explicitly unknown; see claim-verification.json and frozen first pass.""]",2026-09-16T17:23:33.788968+00:00,stage03-verification-pattern-analysis
1.0,73,Linear,8. Productivity and Project Management,developers.linear.app,unknown,"[""unknown""]",unknown,unknown,"[""unknown""]",unknown,unknown,unknown,unknown,unknown,unknown,[],unknown,needs_verification,"[""missing_field_evidence"", ""quote_not_found"", ""raw_identity_mismatch"", ""Stage03 correction: Unchecked first-pass claim withheld from verified view. No independent Stage03 source judgment exists for this field; retain original as a research lead, not verified truth."", ""Stage03 verified-only view: unchecked claims explicitly unknown; see claim-verification.json and frozen first pass.""]",2026-09-16T17:23:42.810880+00:00,stage03-verification-pattern-analysis
1.0,74,Jira,8. Productivity and Project Management,http://developer.atlassian.com/,unknown,"[""unknown""]",unknown,unknown,"[""unknown""]",unknown,unknown,unknown,unknown,unknown,unknown,[],unknown,needs_verification,"[""missing_field_evidence"", ""mixed_unknown_enum"", ""quote_not_found"", ""Stage03 correction: Unchecked first-pass claim withheld from verified view. No independent Stage03 source judgment exists for this field; retain original as a research lead, not verified truth."", ""Stage03 correction: Unchecked first-pass claim withheld from verified view. No independent Stage03 source judgment exists for this field; retain original as a research lead, not verified truth."", ""Stage03 correction: Unchecked first-pass claim withheld from verified view. No independent Stage03 source judgment exists for this field; retain original as a research lead, not verified truth."", ""Stage03 correction: Unchecked first-pass claim withheld from verified view. No independent Stage03 source judgment exists for this field; retain original as a research lead, not verified truth."", ""Stage03 correction: Unchecked first-pass claim withheld from verified view. No independent Stage03 source judgment exists for this field; retain original as a research lead, not verified truth."", ""Stage03 correction: Unchecked first-pass claim withheld from verified view. No independent Stage03 source judgment exists for this field; retain original as a research lead, not verified truth."", ""Stage03 verified-only view: unchecked claims explicitly unknown; see claim-verification.json and frozen first pass.""]",2026-09-16T17:23:56.456305+00:00,stage03-verification-pattern-analysis
1.0,75,Asana,8. Productivity and Project Management,http://developers.asana.com/,unknown,"[""unknown""]",unknown,unknown,"[""unknown""]",unknown,unknown,unknown,unknown,unknown,unknown,[],unknown,needs_verification,"[""missing_field_evidence"", ""mixed_unknown_enum"", ""quote_not_found"", ""Stage03 correction: Unchecked first-pass claim withheld from verified view. No independent Stage03 source judgment exists for this field; retain original as a research lead, not verified truth."", ""Stage03 correction: Unchecked first-pass claim withheld from verified view. No independent Stage03 source judgment exists for this field; retain original as a research lead, not verified truth."", ""Stage03 correction: Unchecked first-pass claim withheld from verified view. No independent Stage03 source judgment exists for this field; retain original as a research lead, not verified truth."", ""Stage03 correction: Unchecked first-pass claim withheld from verified view. No independent Stage03 source judgment exists for this field; retain original as a research lead, not verified truth."", ""Stage03 verified-only view: unchecked claims explicitly unknown; see claim-verification.json and frozen first pass.""]",2026-09-16T17:23:53.104808+00:00,stage03-verification-pattern-analysis
1.0,76,Monday.com,8. Productivity and Project Management,http://developer.monday.com/,unknown,"[""unknown""]",unknown,unknown,"[""unknown""]",unknown,unknown,unknown,unknown,unknown,unknown,[],unknown,needs_verification,"[""missing_field_evidence"", ""quote_not_found"", ""Stage03 correction: Unchecked first-pass claim withheld from verified view. No independent Stage03 source judgment exists for this field; retain original as a research lead, not verified truth."", ""Stage03 correction: Unchecked first-pass claim withheld from verified view. No independent Stage03 source judgment exists for this field; retain original as a research lead, not verified truth."", ""Stage03 correction: Unchecked first-pass claim withheld from verified view. No independent Stage03 source judgment exists for this field; retain original as a research lead, not verified truth."", ""Stage03 correction: Unchecked first-pass claim withheld from verified view. No independent Stage03 source judgment exists for this field; retain original as a research lead, not verified truth."", ""Stage03 correction: Unchecked first-pass claim withheld from verified view. No independent Stage03 source judgment exists for this field; retain original as a research lead, not verified truth."", ""Stage03 correction: Unchecked first-pass claim withheld from verified view. No independent Stage03 source judgment exists for this field; retain original as a research lead, not verified truth."", ""Stage03 correction: Unchecked first-pass claim withheld from verified view. No independent Stage03 source judgment exists for this field; retain original as a research lead, not verified truth."", ""Stage03 verified-only view: unchecked claims explicitly unknown; see claim-verification.json and frozen first pass.""]",2026-09-16T17:24:06.736714+00:00,stage03-verification-pattern-analysis
1.0,77,ClickUp,8. Productivity and Project Management,http://clickup.com/api,unknown,"[""unknown""]",unknown,unknown,"[""unknown""]",unknown,unknown,unknown,unknown,unknown,unknown,[],unknown,needs_verification,"[""missing_field_evidence"", ""mixed_unknown_enum"", ""quote_not_found"", ""Stage03 correction: Unchecked first-pass claim withheld from verified view. No independent Stage03 source judgment exists for this field; retain original as a research lead, not verified truth."", ""Stage03 correction: Unchecked first-pass claim withheld from verified view. No independent Stage03 source judgment exists for this field; retain original as a research lead, not verified truth."", ""Stage03 correction: Unchecked first-pass claim withheld from verified view. No independent Stage03 source judgment exists for this field; retain original as a research lead, not verified truth."", ""Stage03 correction: Unchecked first-pass claim withheld from verified view. No independent Stage03 source judgment exists for this field; retain original as a research lead, not verified truth."", ""Stage03 correction: Unchecked first-pass claim withheld from verified view. No independent Stage03 source judgment exists for this field; retain original as a research lead, not verified truth."", ""Stage03 verified-only view: unchecked claims explicitly unknown; see claim-verification.json and frozen first pass.""]",2026-09-16T17:24:12.322894+00:00,stage03-verification-pattern-analysis
1.0,78,Coda,8. Productivity and Project Management,http://coda.io/developers,unknown,"[""unknown""]",unknown,unknown,"[""unknown""]",unknown,unknown,unknown,unknown,unknown,unknown,[],unknown,needs_verification,"[""missing_field_evidence"", ""no_usable_official_source"", ""nonofficial_critical_evidence"", ""quote_not_found"", ""Stage03 correction: Unchecked first-pass claim withheld from verified view. No independent Stage03 source judgment exists for this field; retain original as a research lead, not verified truth."", ""Stage03 correction: Unchecked first-pass claim withheld from verified view. No independent Stage03 source judgment exists for this field; retain original as a research lead, not verified truth."", ""Stage03 correction: Unchecked first-pass claim withheld from verified view. No independent Stage03 source judgment exists for this field; retain original as a research lead, not verified truth."", ""Stage03 verified-only view: unchecked claims explicitly unknown; see claim-verification.json and frozen first pass.""]",2026-09-16T17:24:19.822791+00:00,stage03-verification-pattern-analysis
1.0,79,Smartsheet,8. Productivity and Project Management,http://smartsheet.com/developers,unknown,"[""unknown""]",unknown,unknown,"[""unknown""]",unknown,unknown,unknown,unknown,unknown,unknown,[],unknown,needs_verification,"[""missing_field_evidence"", ""quote_not_found"", ""Stage03 correction: Unchecked first-pass claim withheld from verified view. No independent Stage03 source judgment exists for this field; retain original as a research lead, not verified truth."", ""Stage03 correction: Unchecked first-pass claim withheld from verified view. No independent Stage03 source judgment exists for this field; retain original as a research lead, not verified truth."", ""Stage03 correction: Unchecked first-pass claim withheld from verified view. No independent Stage03 source judgment exists for this field; retain original as a research lead, not verified truth."", ""Stage03 verified-only view: unchecked claims explicitly unknown; see claim-verification.json and frozen first pass.""]",2026-09-16T17:24:24.606805+00:00,stage03-verification-pattern-analysis
1.0,80,Harvest,8. Productivity and Project Management,http://harvestapp.com/,unknown,"[""unknown""]",unknown,unknown,"[""unknown""]",unknown,unknown,unknown,buildable,unknown,"Harvest is directly buildable as an integration. Developers can create Personal Access Tokens self-service from the Harvest ID Developers section for scripts and internal integrations, or register OAuth2 applications for integrations used by other Harvest users. Harvest documents Authorization Code OAuth2 for server-side applications, bearer access tokens, account scopes, and a broad V2 API covering users, projects, time entries, invoices, expenses, clients, estimates, reports, tasks, roles, and other resources. No partner or sales approval requirement is established for ordinary API integration.","[{""evidence_id"": ""human-report-080:buildability-1"", ""field"": ""buildability"", ""claim"": ""buildable"", ""url"": ""https://help.getharvest.com/api-v2/authentication-api/authentication/authentication/"", ""final_url"": ""https://help.getharvest.com/api-v2/authentication-api/authentication/authentication/"", ""source_kind"": ""official"", ""retrieved_at"": """", ""content_sha256"": """", ""quote"": """", ""supports_claim"": ""yes""}, {""evidence_id"": ""human-report-080:buildability-2"", ""field"": ""buildability"", ""claim"": ""buildable"", ""url"": ""https://help.getharvest.com/api-v2/"", ""final_url"": ""https://help.getharvest.com/api-v2/"", ""source_kind"": ""official"", ""retrieved_at"": """", ""content_sha256"": """", ""quote"": """", ""supports_claim"": ""yes""}, {""evidence_id"": ""stage03-human-080-buildability_rationale-1"", ""field"": ""buildability_rationale"", ""claim"": ""Harvest is directly buildable as an integration. Developers can create Personal Access Tokens self-service from the Harvest ID Developers section for scripts and internal integrations, or register OAuth2 applications for integrations used by other Harvest users. Harvest documents Authorization Code OAuth2 for server-side applications, bearer access tokens, account scopes, and a broad V2 API covering users, projects, time entries, invoices, expenses, clients, estimates, reports, tasks, roles, and other resources. No partner or sales approval requirement is established for ordinary API integration."", ""url"": ""https://help.getharvest.com/api-v2/authentication-api/authentication/authentication/"", ""final_url"": ""https://help.getharvest.com/api-v2/authentication-api/authentication/authentication/"", ""source_kind"": ""official"", ""retrieved_at"": """", ""content_sha256"": """", ""quote"": """", ""supports_claim"": ""yes""}, {""evidence_id"": ""stage03-human-080-buildability_rationale-2"", ""field"": ""buildability_rationale"", ""claim"": ""Harvest is directly buildable as an integration. Developers can create Personal Access Tokens self-service from the Harvest ID Developers section for scripts and internal integrations, or register OAuth2 applications for integrations used by other Harvest users. Harvest documents Authorization Code OAuth2 for server-side applications, bearer access tokens, account scopes, and a broad V2 API covering users, projects, time entries, invoices, expenses, clients, estimates, reports, tasks, roles, and other resources. No partner or sales approval requirement is established for ordinary API integration."", ""url"": ""https://help.getharvest.com/api-v2/"", ""final_url"": ""https://help.getharvest.com/api-v2/"", ""source_kind"": ""official"", ""retrieved_at"": """", ""content_sha256"": """", ""quote"": """", ""supports_claim"": ""yes""}]",medium,needs_verification,"[""missing_field_evidence"", ""quote_not_found"", ""Stage03 correction: Harvest is directly buildable as an integration. Developers can create Personal Access Tokens self-service from the Harvest ID Developers section for scripts and internal integrations, or register OAuth2 applications for integrations used by other Harvest users. Harvest documents Authorization Code OAuth2 for server-side applications, bearer access tokens, account scopes, and a broad V2 API covering users, projects, time entries, invoices, expenses, clients, estimates, reports, tasks, roles, and other resources. No partner or sales approval requirement is established for ordinary API integration."", ""Stage03 correction: Harvest is directly buildable as an integration. Developers can create Personal Access Tokens self-service from the Harvest ID Developers section for scripts and internal integrations, or register OAuth2 applications for integrations used by other Harvest users. Harvest documents Authorization Code OAuth2 for server-side applications, bearer access tokens, account scopes, and a broad V2 API covering users, projects, time entries, invoices, expenses, clients, estimates, reports, tasks, roles, and other resources. No partner or sales approval requirement is established for ordinary API integration."", ""Stage03 correction: Unchecked first-pass claim withheld from verified view. No independent Stage03 source judgment exists for this field; retain original as a research lead, not verified truth."", ""Stage03 verified-only view: unchecked claims explicitly unknown; see claim-verification.json and frozen first pass.""]",2026-09-16T17:24:25.646919+00:00,stage03-verification-pattern-analysis
1.0,81,Stripe,9. Finance and Fintech,http://stripe.com/docs/api,unknown,"[""unknown""]",unknown,unknown,"[""unknown""]",unknown,unknown,unknown,unknown,unknown,unknown,[],unknown,needs_verification,"[""missing_field_evidence"", ""quote_not_found"", ""Stage03 correction: Unchecked first-pass claim withheld from verified view. No independent Stage03 source judgment exists for this field; retain original as a research lead, not verified truth."", ""Stage03 correction: Unchecked first-pass claim withheld from verified view. No independent Stage03 source judgment exists for this field; retain original as a research lead, not verified truth."", ""Stage03 correction: Unchecked first-pass claim withheld from verified view. No independent Stage03 source judgment exists for this field; retain original as a research lead, not verified truth."", ""Stage03 verified-only view: unchecked claims explicitly unknown; see claim-verification.json and frozen first pass.""]",2026-09-16T17:24:45.895932+00:00,stage03-verification-pattern-analysis
1.0,82,Plaid,9. Finance and Fintech,http://plaid.com/docs,unknown,"[""unknown""]",unknown,unknown,"[""unknown""]",unknown,unknown,unknown,unknown,unknown,unknown,[],unknown,needs_verification,"[""missing_field_evidence"", ""quote_not_found"", ""raw_identity_mismatch"", ""Stage03 correction: Unchecked first-pass claim withheld from verified view. No independent Stage03 source judgment exists for this field; retain original as a research lead, not verified truth."", ""Stage03 correction: Unchecked first-pass claim withheld from verified view. No independent Stage03 source judgment exists for this field; retain original as a research lead, not verified truth."", ""Stage03 correction: Unchecked first-pass claim withheld from verified view. No independent Stage03 source judgment exists for this field; retain original as a research lead, not verified truth."", ""Stage03 verified-only view: unchecked claims explicitly unknown; see claim-verification.json and frozen first pass.""]",2026-09-16T17:24:44.142477+00:00,stage03-verification-pattern-analysis
1.0,83,Binance,9. Finance and Fintech,http://binance-docs.github.io/,unknown,"[""unknown""]",unknown,unknown,"[""unknown""]",unknown,unknown,unknown,unknown,unknown,unknown,[],unknown,needs_verification,"[""missing_field_evidence"", ""negative_without_explicit_evidence"", ""quote_not_found"", ""Stage03 verified-only view: unchecked claims explicitly unknown; see claim-verification.json and frozen first pass.""]",2026-09-16T17:24:42.633016+00:00,stage03-verification-pattern-analysis
1.0,84,Paygent Connect,9. Finance and Fintech,paygent (NMI-powered),unknown,"[""unknown""]",unknown,unknown,"[""unknown""]",unknown,unknown,unknown,unknown,unknown,unknown,[],unknown,needs_verification,"[""low_confidence"", ""no_usable_official_source"", ""Stage03 verified-only view: unchecked claims explicitly unknown; see claim-verification.json and frozen first pass.""]",2026-09-16T17:24:45.250348+00:00,stage03-verification-pattern-analysis
1.0,85,iPayX,9. Finance and Fintech,http://ipayx.ai/docs,unknown,"[""unknown""]",unknown,unknown,"[""unknown""]",unknown,unknown,unknown,unknown,unknown,unknown,[],unknown,needs_verification,"[""low_confidence"", ""no_usable_official_source"", ""Stage03 verified-only view: unchecked claims explicitly unknown; see claim-verification.json and frozen first pass.""]",2026-09-16T17:24:49.175545+00:00,stage03-verification-pattern-analysis
1.0,86,QuickBooks,9. Finance and Fintech,http://developer.intuit.com/,unknown,"[""unknown""]",unknown,unknown,"[""unknown""]",unknown,unknown,unknown,unknown,unknown,unknown,[],unknown,needs_verification,"[""missing_field_evidence"", ""quote_not_found"", ""Stage03 correction: Unchecked first-pass claim withheld from verified view. No independent Stage03 source judgment exists for this field; retain original as a research lead, not verified truth."", ""Stage03 correction: Unchecked first-pass claim withheld from verified view. No independent Stage03 source judgment exists for this field; retain original as a research lead, not verified truth."", ""Stage03 correction: Unchecked first-pass claim withheld from verified view. No independent Stage03 source judgment exists for this field; retain original as a research lead, not verified truth."", ""Stage03 correction: Unchecked first-pass claim withheld from verified view. No independent Stage03 source judgment exists for this field; retain original as a research lead, not verified truth."", ""Stage03 correction: Unchecked first-pass claim withheld from verified view. No independent Stage03 source judgment exists for this field; retain original as a research lead, not verified truth."", ""Stage03 correction: Unchecked first-pass claim withheld from verified view. No independent Stage03 source judgment exists for this field; retain original as a research lead, not verified truth."", ""Stage03 verified-only view: unchecked claims explicitly unknown; see claim-verification.json and frozen first pass.""]",2026-09-16T17:25:06.812422+00:00,stage03-verification-pattern-analysis
1.0,87,Xero,9. Finance and Fintech,http://developer.xero.com/,unknown,"[""oauth2""]",unknown,unknown,"[""unknown""]",unknown,official,unknown,unknown,unknown,unknown,"[{""evidence_id"": ""stage03-targeted-87-auth_methods"", ""field"": ""auth_methods"", ""claim"": ""[\""oauth2\""]"", ""url"": ""https://developer.xero.com/faq"", ""final_url"": ""https://developer.xero.com/faq"", ""source_kind"": ""official"", ""retrieved_at"": ""2026-09-16T21:11:51+00:00"", ""content_sha256"": ""e44813687ff8f60cf21689c1129ded5256205f7664b8554537e0a0569ddff0c5"", ""quote"": ""Our API uses OAuth 2.0"", ""supports_claim"": ""yes""}, {""evidence_id"": ""stage03-targeted-87-mcp_available"", ""field"": ""mcp_available"", ""claim"": ""official"", ""url"": ""https://developer.xero.com/ai"", ""final_url"": ""https://developer.xero.com/ai"", ""source_kind"": ""official"", ""retrieved_at"": ""2026-09-16T21:11:51+00:00"", ""content_sha256"": ""306df28e28e3594af2735312c1546fd77bf6a2ffda73b29d68b301626e1223ef"", ""quote"": ""our open source MCP server"", ""supports_claim"": ""yes""}]",medium,needs_verification,"[""low_confidence"", ""no_usable_official_source"", ""Stage03 correction: Official Xero AI toolkit page identifies its own open-source MCP server and links to the XeroAPI repository."", ""Stage03 correction: Official FAQ says the API uses OAuth2 and rejects basic API-key authentication; no access-plan inference made."", ""Stage03 verified-only view: unchecked claims explicitly unknown; see claim-verification.json and frozen first pass.""]",2026-09-16T17:24:49.957679+00:00,stage03-verification-pattern-analysis
1.0,88,Brex,9. Finance and Fintech,http://developer.brex.com/,unknown,"[""unknown""]",unknown,unknown,"[""unknown""]",unknown,unknown,unknown,unknown,unknown,unknown,[],unknown,needs_verification,"[""missing_field_evidence"", ""quote_not_found"", ""raw_identity_mismatch"", ""Stage03 correction: Unchecked first-pass claim withheld from verified view. No independent Stage03 source judgment exists for this field; retain original as a research lead, not verified truth."", ""Stage03 correction: Unchecked first-pass claim withheld from verified view. No independent Stage03 source judgment exists for this field; retain original as a research lead, not verified truth."", ""Stage03 correction: Unchecked first-pass claim withheld from verified view. No independent Stage03 source judgment exists for this field; retain original as a research lead, not verified truth."", ""Stage03 correction: Unchecked first-pass claim withheld from verified view. No independent Stage03 source judgment exists for this field; retain original as a research lead, not verified truth."", ""Stage03 verified-only view: unchecked claims explicitly unknown; see claim-verification.json and frozen first pass.""]",2026-09-16T17:25:17.874515+00:00,stage03-verification-pattern-analysis
1.0,89,Ramp,9. Finance and Fintech,http://docs.ramp.com/,unknown,"[""unknown""]",admin_approval,yes,"[""unknown""]",unknown,unknown,unknown,unknown,unknown,unknown,"[{""evidence_id"": ""human-report-089:access_model-1"", ""field"": ""access_model"", ""claim"": ""admin_approval"", ""url"": ""https://docs.ramp.com/developer-api/v1/introduction"", ""final_url"": ""https://docs.ramp.com/developer-api/v1/introduction"", ""source_kind"": ""official"", ""retrieved_at"": """", ""content_sha256"": """", ""quote"": """", ""supports_claim"": ""yes""}, {""evidence_id"": ""human-report-089:access_model-2"", ""field"": ""access_model"", ""claim"": ""admin_approval"", ""url"": ""https://docs.ramp.com/developer-api/v1/authorization/scopes"", ""final_url"": ""https://docs.ramp.com/developer-api/v1/authorization/scopes"", ""source_kind"": ""official"", ""retrieved_at"": """", ""content_sha256"": """", ""quote"": """", ""supports_claim"": ""yes""}, {""evidence_id"": ""human-report-089:access_model-3"", ""field"": ""access_model"", ""claim"": ""admin_approval"", ""url"": ""https://docs.ramp.com/developer-api/v1/build-with-ramp"", ""final_url"": ""https://docs.ramp.com/developer-api/v1/build-with-ramp"", ""source_kind"": ""official"", ""retrieved_at"": """", ""content_sha256"": """", ""quote"": """", ""supports_claim"": ""yes""}, {""evidence_id"": ""human-report-089:access_model-4"", ""field"": ""access_model"", ""claim"": ""admin_approval"", ""url"": ""https://docs.ramp.com/developer-api/v1/sandbox-access"", ""final_url"": ""https://docs.ramp.com/developer-api/v1/sandbox-access"", ""source_kind"": ""official"", ""retrieved_at"": """", ""content_sha256"": """", ""quote"": """", ""supports_claim"": ""yes""}, {""evidence_id"": ""human-report-089:api_available-1"", ""field"": ""api_available"", ""claim"": ""yes"", ""url"": ""https://docs.ramp.com/developer-api/v1/"", ""final_url"": ""https://docs.ramp.com/developer-api/v1/"", ""source_kind"": ""official"", ""retrieved_at"": """", ""content_sha256"": """", ""quote"": """", ""supports_claim"": ""yes""}, {""evidence_id"": ""human-report-089:api_available-2"", ""field"": ""api_available"", ""claim"": ""yes"", ""url"": ""https://docs.ramp.com/developer-api/v1/api"", ""final_url"": ""https://docs.ramp.com/developer-api/v1/api"", ""source_kind"": ""official"", ""retrieved_at"": """", ""content_sha256"": """", ""quote"": """", ""supports_claim"": ""yes""}]",medium,needs_verification,"[""low_confidence"", ""Stage03 correction: Ramp supports different access paths depending on the integration model. Existing Ramp customers can create credentials for internal integrations, while server-to-server integrations use the OAuth 2.0 Client Credentials flow. Third-party or public integrations must use the Authorization Code flow, and the Ramp user granting access must have Developer API authorization permissions, typically an Admin or Business Owner. Partner integrations intended for other businesses follow Ramp's partner process: developers build and test in Sandbox, apply for production access, and Ramp reviews the integration before production approval. Sandbox access itself is also requested through a form. Therefore ordinary production integration access is conditioned by account/admin permissions, with additional Ramp approval for public partner integrations, rather than being universally self-service."", ""Stage03 correction: Ramp explicitly exposes an inbound Developer API for programmatic integrations. Its official documentation contains a broad REST API surface covering resources such as cards, transactions, bills, users, vendors, reimbursements, accounting, spend controls, audit logs, webhooks, and more. Ramp documents concrete authenticated endpoints under /developer/v1/, including GET, POST, PATCH, and DELETE operations. This clearly establishes a developer-facing API."", ""Stage03 verified-only view: unchecked claims explicitly unknown; see claim-verification.json and frozen first pass.""]",2026-09-16T17:24:56.071121+00:00,stage03-verification-pattern-analysis
1.0,90,PitchBook,9. Finance and Fintech,http://pitchbook.com/,unknown,"[""unknown""]",unknown,unknown,"[""unknown""]",unknown,unknown,unknown,unknown,unknown,unknown,[],unknown,needs_verification,"[""low_confidence"", ""no_usable_official_source"", ""Stage03 verified-only view: unchecked claims explicitly unknown; see claim-verification.json and frozen first pass.""]",2026-09-16T17:24:58.461497+00:00,stage03-verification-pattern-analysis
1.0,91,NotebookLM,"10. AI, Research and Media-native",https://cloud.google.com/gemini/enterprise/notebooklm-enterprise/docs/api-notebooks,unknown,"[""unknown""]",unknown,unknown,"[""unknown""]",unknown,unknown,unknown,unknown,unknown,unknown,[],unknown,needs_verification,"[""missing_field_evidence"", ""quote_not_found"", ""Stage03 correction: Unchecked first-pass claim withheld from verified view. No independent Stage03 source judgment exists for this field; retain original as a research lead, not verified truth."", ""Stage03 correction: Unchecked first-pass claim withheld from verified view. No independent Stage03 source judgment exists for this field; retain original as a research lead, not verified truth."", ""Stage03 correction: Unchecked first-pass claim withheld from verified view. No independent Stage03 source judgment exists for this field; retain original as a research lead, not verified truth."", ""Stage03 correction: Unchecked first-pass claim withheld from verified view. No independent Stage03 source judgment exists for this field; retain original as a research lead, not verified truth."", ""Stage03 correction: Unchecked first-pass claim withheld from verified view. No independent Stage03 source judgment exists for this field; retain original as a research lead, not verified truth."", ""Stage03 correction: Unchecked first-pass claim withheld from verified view. No independent Stage03 source judgment exists for this field; retain original as a research lead, not verified truth."", ""Stage03 correction: Unchecked first-pass claim withheld from verified view. No independent Stage03 source judgment exists for this field; retain original as a research lead, not verified truth."", ""Stage03 verified-only view: unchecked claims explicitly unknown; see claim-verification.json and frozen first pass.""]",2026-09-16T17:25:20.648788+00:00,stage03-verification-pattern-analysis
1.0,92,Otter AI,"10. AI, Research and Media-native",https://help.otter.ai/hc/en-us/articles/40888232155031-Otter-MCP,unknown,"[""unknown""]",unknown,unknown,"[""unknown""]",unknown,unknown,unknown,unknown,unknown,unknown,[],unknown,needs_verification,"[""missing_field_evidence"", ""quote_not_found"", ""Stage03 correction: Unchecked first-pass claim withheld from verified view. No independent Stage03 source judgment exists for this field; retain original as a research lead, not verified truth."", ""Stage03 correction: Unchecked first-pass claim withheld from verified view. No independent Stage03 source judgment exists for this field; retain original as a research lead, not verified truth."", ""Stage03 correction: Unchecked first-pass claim withheld from verified view. No independent Stage03 source judgment exists for this field; retain original as a research lead, not verified truth."", ""Stage03 correction: Unchecked first-pass claim withheld from verified view. No independent Stage03 source judgment exists for this field; retain original as a research lead, not verified truth."", ""Stage03 verified-only view: unchecked claims explicitly unknown; see claim-verification.json and frozen first pass.""]",2026-09-16T17:25:32.916197+00:00,stage03-verification-pattern-analysis
1.0,93,Fathom,"10. AI, Research and Media-native",https://developers.fathom.ai/,unknown,"[""unknown""]",unknown,unknown,"[""unknown""]",unknown,unknown,unknown,unknown,unknown,unknown,[],unknown,needs_verification,"[""missing_field_evidence"", ""quote_not_found"", ""Stage03 correction: Unchecked first-pass claim withheld from verified view. No independent Stage03 source judgment exists for this field; retain original as a research lead, not verified truth."", ""Stage03 correction: Unchecked first-pass claim withheld from verified view. No independent Stage03 source judgment exists for this field; retain original as a research lead, not verified truth."", ""Stage03 verified-only view: unchecked claims explicitly unknown; see claim-verification.json and frozen first pass.""]",2026-09-16T17:25:37.747973+00:00,stage03-verification-pattern-analysis
1.0,94,Consensus,"10. AI, Research and Media-native",https://consensus.app/home/blog/consensus-api/,unknown,"[""api_key"", ""oauth2""]",unknown,unknown,"[""unknown""]",unknown,unknown,unknown,unknown,paid_or_enterprise_access_requirements,unknown,"[{""evidence_id"": ""human-report-094:auth_methods-1"", ""field"": ""auth_methods"", ""claim"": ""[\""api_key\"", \""oauth2\""]"", ""url"": ""https://docs.consensus.app/enterprise/connection-reference"", ""final_url"": ""https://docs.consensus.app/enterprise/connection-reference"", ""source_kind"": ""official"", ""retrieved_at"": """", ""content_sha256"": """", ""quote"": """", ""supports_claim"": ""yes""}, {""evidence_id"": ""human-report-094:auth_methods-2"", ""field"": ""auth_methods"", ""claim"": ""[\""api_key\"", \""oauth2\""]"", ""url"": ""https://docs.consensus.app/enterprise/security"", ""final_url"": ""https://docs.consensus.app/enterprise/security"", ""source_kind"": ""official"", ""retrieved_at"": """", ""content_sha256"": """", ""quote"": """", ""supports_claim"": ""yes""}, {""evidence_id"": ""human-report-094:primary_blocker-1"", ""field"": ""primary_blocker"", ""claim"": ""paid_or_enterprise_access_requirements"", ""url"": ""https://docs.consensus.app/enterprise/connection-reference"", ""final_url"": ""https://docs.consensus.app/enterprise/connection-reference"", ""source_kind"": ""official"", ""retrieved_at"": """", ""content_sha256"": """", ""quote"": """", ""supports_claim"": ""yes""}, {""evidence_id"": ""human-report-094:primary_blocker-2"", ""field"": ""primary_blocker"", ""claim"": ""paid_or_enterprise_access_requirements"", ""url"": ""https://docs.consensus.app/enterprise"", ""final_url"": ""https://docs.consensus.app/enterprise"", ""source_kind"": ""official"", ""retrieved_at"": """", ""content_sha256"": """", ""quote"": """", ""supports_claim"": ""yes""}]",medium,needs_verification,"[""low_confidence"", ""no_usable_official_source"", ""Stage03 correction: Consensus does expose both an MCP server and an API, so integration is not technically blocked. However, access is commercially conditioned. The documentation states that API-key gateway credentials map to the Enterprise tier, while paid plans provide defined request limits and paper limits. Some enterprise-specific setups, such as confidential OAuth clients for gateways that cannot use Dynamic Client Registration, require contacting sales for manual provisioning. Therefore the practical blocker is not lack of API/MCP capability, but paid/Enterprise access requirements and, for some gateway configurations, sales-assisted credential provisioning."", ""Stage03 correction: The official Consensus documentation explicitly documents two authentication methods for MCP/API access. Shared server-side integrations can use an API key sent as a Bearer token, while per-user integrations use OAuth 2.0 authorization-code flow with PKCE. The docs also explicitly distinguish these methods from ordinary website login and state that there is no OAuth client-credentials grant."", ""Stage03 verified-only view: unchecked claims explicitly unknown; see claim-verification.json and frozen first pass.""]",2026-09-16T17:25:23.683973+00:00,stage03-verification-pattern-analysis
1.0,95,Reducto,"10. AI, Research and Media-native",https://docs.reducto.ai/,unknown,"[""unknown""]",unknown,unknown,"[""unknown""]",unknown,official,unknown,buildable,unknown,"The official documentation shows a straightforward developer onboarding path: developers can create a free Reducto account, generate an API key in Studio, authenticate with `REDUCTO_API_KEY`, and call documented REST endpoints or use official Python, Node.js, and Go SDKs. The docs also provide an official MCP server, CLI, quickstart examples, and multiple API endpoints such as parse, extract, split, and edit. No partner, sales, or admin approval gate is established in the inspected sources. Based on the documented self-service credentials, available API surface, SDKs, MCP server, and usable documentation, integration is buildable.","[{""evidence_id"": ""human-report-095:mcp_available-1"", ""field"": ""mcp_available"", ""claim"": ""official"", ""url"": ""https://docs.reducto.ai/"", ""final_url"": ""https://docs.reducto.ai/"", ""source_kind"": ""official"", ""retrieved_at"": """", ""content_sha256"": """", ""quote"": """", ""supports_claim"": ""yes""}, {""evidence_id"": ""human-report-095:mcp_available-2"", ""field"": ""mcp_available"", ""claim"": ""official"", ""url"": ""https://docs.reducto.ai/quickstart"", ""final_url"": ""https://docs.reducto.ai/quickstart"", ""source_kind"": ""official"", ""retrieved_at"": """", ""content_sha256"": """", ""quote"": """", ""supports_claim"": ""yes""}, {""evidence_id"": ""human-report-095:buildability-1"", ""field"": ""buildability"", ""claim"": ""buildable"", ""url"": ""https://docs.reducto.ai/"", ""final_url"": ""https://docs.reducto.ai/"", ""source_kind"": ""official"", ""retrieved_at"": """", ""content_sha256"": """", ""quote"": """", ""supports_claim"": ""yes""}, {""evidence_id"": ""human-report-095:buildability-2"", ""field"": ""buildability"", ""claim"": ""buildable"", ""url"": ""https://docs.reducto.ai/quickstart"", ""final_url"": ""https://docs.reducto.ai/quickstart"", ""source_kind"": ""official"", ""retrieved_at"": """", ""content_sha256"": """", ""quote"": """", ""supports_claim"": ""yes""}, {""evidence_id"": ""stage03-human-095-buildability_rationale-1"", ""field"": ""buildability_rationale"", ""claim"": ""The official documentation shows a straightforward developer onboarding path: developers can create a free Reducto account, generate an API key in Studio, authenticate with `REDUCTO_API_KEY`, and call documented REST endpoints or use official Python, Node.js, and Go SDKs. The docs also provide an official MCP server, CLI, quickstart examples, and multiple API endpoints such as parse, extract, split, and edit. No partner, sales, or admin approval gate is established in the inspected sources. Based on the documented self-service credentials, available API surface, SDKs, MCP server, and usable documentation, integration is buildable."", ""url"": ""https://docs.reducto.ai/"", ""final_url"": ""https://docs.reducto.ai/"", ""source_kind"": ""official"", ""retrieved_at"": """", ""content_sha256"": """", ""quote"": """", ""supports_claim"": ""yes""}, {""evidence_id"": ""stage03-human-095-buildability_rationale-2"", ""field"": ""buildability_rationale"", ""claim"": ""The official documentation shows a straightforward developer onboarding path: developers can create a free Reducto account, generate an API key in Studio, authenticate with `REDUCTO_API_KEY`, and call documented REST endpoints or use official Python, Node.js, and Go SDKs. The docs also provide an official MCP server, CLI, quickstart examples, and multiple API endpoints such as parse, extract, split, and edit. No partner, sales, or admin approval gate is established in the inspected sources. Based on the documented self-service credentials, available API surface, SDKs, MCP server, and usable documentation, integration is buildable."", ""url"": ""https://docs.reducto.ai/quickstart"", ""final_url"": ""https://docs.reducto.ai/quickstart"", ""source_kind"": ""official"", ""retrieved_at"": """", ""content_sha256"": """", ""quote"": """", ""supports_claim"": ""yes""}]",medium,needs_verification,"[""missing_field_evidence"", ""quote_not_found"", ""Stage03 correction: The official Reducto documentation explicitly states that Reducto integrates into AI agent workflows via its MCP server, and links to an MCP Server page. The Quickstart also instructs developers to install `mcp-server-reducto` and lists the tools exposed by that server. Because this is documented directly in Reducto's own documentation, the MCP availability is official rather than merely community-provided."", ""Stage03 correction: The official documentation shows a straightforward developer onboarding path: developers can create a free Reducto account, generate an API key in Studio, authenticate with `REDUCTO_API_KEY`, and call documented REST endpoints or use official Python, Node.js, and Go SDKs. The docs also provide an official MCP server, CLI, quickstart examples, and multiple API endpoints such as parse, extract, split, and edit. No partner, sales, or admin approval gate is established in the inspected sources. Based on the documented self-service credentials, available API surface, SDKs, MCP server, and usable documentation, integration is buildable."", ""Stage03 correction: The official documentation shows a straightforward developer onboarding path: developers can create a free Reducto account, generate an API key in Studio, authenticate with `REDUCTO_API_KEY`, and call documented REST endpoints or use official Python, Node.js, and Go SDKs. The docs also provide an official MCP server, CLI, quickstart examples, and multiple API endpoints such as parse, extract, split, and edit. No partner, sales, or admin approval gate is established in the inspected sources. Based on the documented self-service credentials, available API surface, SDKs, MCP server, and usable documentation, integration is buildable."", ""Stage03 correction: Unchecked first-pass claim withheld from verified view. No independent Stage03 source judgment exists for this field; retain original as a research lead, not verified truth."", ""Stage03 correction: Unchecked first-pass claim withheld from verified view. No independent Stage03 source judgment exists for this field; retain original as a research lead, not verified truth."", ""Stage03 verified-only view: unchecked claims explicitly unknown; see claim-verification.json and frozen first pass.""]",2026-09-16T17:25:46.430471+00:00,stage03-verification-pattern-analysis
1.0,96,Devin,"10. AI, Research and Media-native",https://docs.devin.ai/api-reference/overview,unknown,"[""unknown""]",unknown,unknown,"[""unknown""]",unknown,unknown,unknown,unknown,unknown,unknown,[],unknown,needs_verification,"[""missing_field_evidence"", ""quote_not_found"", ""Stage03 correction: Unchecked first-pass claim withheld from verified view. No independent Stage03 source judgment exists for this field; retain original as a research lead, not verified truth."", ""Stage03 correction: Unchecked first-pass claim withheld from verified view. No independent Stage03 source judgment exists for this field; retain original as a research lead, not verified truth."", ""Stage03 correction: Unchecked first-pass claim withheld from verified view. No independent Stage03 source judgment exists for this field; retain original as a research lead, not verified truth."", ""Stage03 correction: Unchecked first-pass claim withheld from verified view. No independent Stage03 source judgment exists for this field; retain original as a research lead, not verified truth."", ""Stage03 correction: Unchecked first-pass claim withheld from verified view. No independent Stage03 source judgment exists for this field; retain original as a research lead, not verified truth."", ""Stage03 correction: Unchecked first-pass claim withheld from verified view. No independent Stage03 source judgment exists for this field; retain original as a research lead, not verified truth."", ""Stage03 verified-only view: unchecked claims explicitly unknown; see claim-verification.json and frozen first pass.""]",2026-09-16T17:25:54.079864+00:00,stage03-verification-pattern-analysis
1.0,97,higgsfield,"10. AI, Research and Media-native",https://higgsfield.ai/cli,unknown,"[""unknown""]",unknown,unknown,"[""unknown""]",unknown,unknown,unknown,unknown,unknown,unknown,[],unknown,needs_verification,"[""missing_field_evidence"", ""quote_not_found"", ""Stage03 correction: Unchecked first-pass claim withheld from verified view. No independent Stage03 source judgment exists for this field; retain original as a research lead, not verified truth."", ""Stage03 correction: Unchecked first-pass claim withheld from verified view. No independent Stage03 source judgment exists for this field; retain original as a research lead, not verified truth."", ""Stage03 correction: Unchecked first-pass claim withheld from verified view. No independent Stage03 source judgment exists for this field; retain original as a research lead, not verified truth."", ""Stage03 correction: Unchecked first-pass claim withheld from verified view. No independent Stage03 source judgment exists for this field; retain original as a research lead, not verified truth."", ""Stage03 correction: Unchecked first-pass claim withheld from verified view. No independent Stage03 source judgment exists for this field; retain original as a research lead, not verified truth."", ""Stage03 verified-only view: unchecked claims explicitly unknown; see claim-verification.json and frozen first pass.""]",2026-09-16T17:26:03.705100+00:00,stage03-verification-pattern-analysis
1.0,98,Mermaid CLI,"10. AI, Research and Media-native",https://github.com/mermaid-js/mermaid-cli,unknown,"[""unknown""]",unknown,unknown,"[""unknown""]",unknown,unknown,unknown,unknown,unknown,unknown,[],unknown,needs_verification,"[""missing_field_evidence"", ""negative_without_explicit_evidence"", ""quote_not_found"", ""Stage03 correction: Unchecked first-pass claim withheld from verified view. No independent Stage03 source judgment exists for this field; retain original as a research lead, not verified truth."", ""Stage03 correction: Unchecked first-pass claim withheld from verified view. No independent Stage03 source judgment exists for this field; retain original as a research lead, not verified truth."", ""Stage03 correction: Unchecked first-pass claim withheld from verified view. No independent Stage03 source judgment exists for this field; retain original as a research lead, not verified truth."", ""Stage03 correction: Unchecked first-pass claim withheld from verified view. No independent Stage03 source judgment exists for this field; retain original as a research lead, not verified truth."", ""Stage03 correction: Unchecked first-pass claim withheld from verified view. No independent Stage03 source judgment exists for this field; retain original as a research lead, not verified truth."", ""Stage03 correction: Unchecked first-pass claim withheld from verified view. No independent Stage03 source judgment exists for this field; retain original as a research lead, not verified truth."", ""Stage03 verified-only view: unchecked claims explicitly unknown; see claim-verification.json and frozen first pass.""]",2026-09-16T17:26:08.557958+00:00,stage03-verification-pattern-analysis
1.0,99,YouTube Transcript,"10. AI, Research and Media-native",https://transcriptapi.com/docs/,unknown,"[""unknown""]",unknown,unknown,"[""unknown""]",unknown,unknown,unknown,unknown,unknown,unknown,[],unknown,needs_verification,"[""missing_field_evidence"", ""quote_not_found"", ""Stage03 correction: Unchecked first-pass claim withheld from verified view. No independent Stage03 source judgment exists for this field; retain original as a research lead, not verified truth."", ""Stage03 correction: Unchecked first-pass claim withheld from verified view. No independent Stage03 source judgment exists for this field; retain original as a research lead, not verified truth."", ""Stage03 verified-only view: unchecked claims explicitly unknown; see claim-verification.json and frozen first pass.""]",2026-09-16T17:26:22.086941+00:00,stage03-verification-pattern-analysis
1.0,100,Grain,"10. AI, Research and Media-native",https://grain.com/docs,unknown,"[""unknown""]",unknown,unknown,"[""unknown""]",unknown,unknown,unknown,unknown,unknown,unknown,[],unknown,needs_verification,"[""missing_field_evidence"", ""negative_without_explicit_evidence"", ""quote_not_found"", ""Stage03 correction: Unchecked first-pass claim withheld from verified view. No independent Stage03 source judgment exists for this field; retain original as a research lead, not verified truth."", ""Stage03 correction: Unchecked first-pass claim withheld from verified view. No independent Stage03 source judgment exists for this field; retain original as a research lead, not verified truth."", ""Stage03 correction: Unchecked first-pass claim withheld from verified view. No independent Stage03 source judgment exists for this field; retain original as a research lead, not verified truth."", ""Stage03 verified-only view: unchecked claims explicitly unknown; see claim-verification.json and frozen first pass.""]",2026-09-16T17:26:34.019505+00:00,stage03-verification-pattern-analysis
